text,id,keyword,location,target
typhoon soudelor approaches after killed missing in floods in philippines via,5680,floods,Estados Unidos,1
dr jim the tsunami the latest new yorker warned us in no uncertain terms havent you heard the tsunamis,9994,tsunami,"Austin, TX",0
theatershooting defendant mass murderer chose not testify in final phase so he wont therefore b subject cross exam or jury questions,6910,mass murderer,"California, USA",1
faan orders evacuation of abandoned aircraft at mma faan noted that the action had become neces via,4834,evacuation,"Minna, Nigeria",1
you must be annihilated,312,annihilated,no_location,0
due to upheaval created by the west in iraq syria libya etc,10153,upheaval,Karachi,1
floods ukfloods british trekkers rescued amid flash floods in himalayas a group of british tr flooding,5626,flooding,UK,1
yes i would think not but since college its been difficult not to think of bioterrorism esp bc dispersed,894,bioterrorism,New York City,1
i liked a video lexi belle for oklahoma tornado victims,9674,tornado,"Asheville, NC",1
i still dont know why independence day and social casualty are not on the rowyso setlist these songs would be so good live,2086,casualty,no_location,0
the drowning girl by caitlin r kiernan centipede press signed numbered limited full re,4250,drowning,New York,0
weed news how marijuana is making california drought worse christian science monitor,4122,drought,"Orlando, FL",1
will continue to derail the iran nuclear deal during tonights gopdebate oh yeah,3419,derail,no_location,1
due to the rainstorm last night cupcake decorating is happening now at the rec hall proceeds to iwk,7909,rainstorm,"Darnley, Prince Edward Island",0
wreckage conclusively confirmed as from missing flight mh via,10783,wreckage,"Xi'an, China",1
tsunami dvbbs borgeous arceen festival trap remix via,9979,tsunami,no_location,0
back on the beach after the deluge surf camp in motion our surf therapy programme kicked off today for,3177,deluge,"Enniscrone & Aughris, Sligo",1
aw man apollo crews just screams we cant think of a name for this black guy quick name some and mash them together,8581,screams,"Ontario, Canada",0
isil claims suicide bombing at saudi mosque that killed at least,655,attack,no_location,1
quality metrics penalties may harm patient care pcps say primary care physicians generally hold positive views,5933,harm,"Los Angeles, California",0
if you told me ten years ago that id be seeing anime on the big screen i probably would have exploded,4934,exploded,USA,0
ight,1198,blizzard,Colorado/WorldWide,0
evacuated as california firefighters fight flames to save homes rockyfire,4774,evacuated,"Denver, Colorado",1
i dont see the option to buy the full collapse vinyl with tee bundle just the waiting,2308,collapse,Swan River,0
wondering if gold could gap up on the jobs numbers tomorrow and just obliterate the shorts a big player with guys could smash them,7378,obliterate,no_location,0
another entity forced to close in montego bay as a result of the collapsed sewer line tvjnews,2377,collapsed,"Kingston, Jamaica",1
urgent save the salt river wildhorses mass murder by the very ppl supposed to protect them,6876,mass murder,"Queensland, Australia",1
hahah mutual host preset bal no nades radar on demolish,3274,demolish,Fruit Bowl,0
gmtty mhtw fnet officials alabama home quarantined over possible ebola case washington times,7869,quarantined,no_location,1
do you feel engulfed with low self image take the quiz,4670,engulfed,Coventry,0
hey you guys i stopped a massacre so you send the cops to my house to make this town permanently hate me wtf,6977,massacre,no_location,0
sevenfigz has a crush,2692,crush,Everywhere,1
came through like a tornado and destroyed me such beautiful words,9661,tornado,I O W A,0
so much shit has happened today wtf idk how i survive thruuu it all,9301,survive,no_location,1
hasnt quite sunk in that i saw johnny marr and primal scream all in the space of a few hours on sunday,9259,sunk,Derby,0
ideas in food flattened,5518,flattened,"Bow, NH",0
save the upset and stress of upheaval and let us help keep elderly people independent companionship care chester,10116,upheaval,Chester,0
i know the cow incident not yr fault by how where they on the line could of caused a derailment,3521,derailment,no_location,1
yeah its not worth it bc he already has so many spammers his twitter is probably blown up every second,1340,blown up,USA,0
freyas video blew up everywhere,1117,blew up,H / pez & sophia,0
japan on thursday marks the th anniversary of the atomic bombing of hiroshima with the most senior official from washington ever schedule,1634,bombing,no_location,1
u s forest service says spending more than half of budget on fires by ian simpson,5780,forest fires,"Lansdale,Pennsylvania",1
dont tell the bride gives me the fear,5292,fear,no_location,0
as it was typical for them their bullets collided and none managed to reach their targets such was the curse of a,2456,collided,Unnamed City,0
never watched pres think hes a dick like thunder though,9572,thunder,"Leeds, England",0
have my uncles wreck their shit,10706,wreck,Baltimore,0
ice age the meltdown,7075,meltdown,NOLA ?? TX,0
police stop a year old in the bronx citing casing a victim or location no weapon is found,10331,weapon,"New York, NY",1
i fell off someones back and hit my head on concrete i was bleeding n shit,1058,bleeding,"Island Lake, IL",0
emotionally i am destroyed,3710,destroyed,no_location,0
despite the crippling anxiety and overwhelming panic attacks id say im fairly well adjusted,7669,panic,"Philadelphia, PA",0
what the fuck is going on at trent bridge reminds me of englands collapse out in the caribbean back in the s,1683,bridge collapse,Wiltshire,1
three alarm fire destroys two residential buildings a car in manchester n h on sunday afternoon,1815,buildings on fire,"Boston, MA",1
oil and gas exploration takes seismic shift in gabon to somalia bloomberg somalia,8623,seismic,Somalia,1
screams dont scare me and its animatronics,8558,screams,Freddy Fazbears pizzeria,0
some hearths they burn like a wildfire by bees knees,10492,wildfire,Amsterdam | San Francisco,1
wheres my arsonist at,611,arsonist,[ Blonde Bi Fry. ],0
i just screamed in languages this is so good,8476,screamed,1D | 5SOS | AG,0
seriously these two tracks one new one old are amazing fond memories with tears,6700,lava,"Los Angeles, CA",0
if gop want to destroy america then obama is dilutional i should be institutionalize or sued for slander,3657,destroy,"Washington, DC",0
large sinkhole swallows entire pond in lowndes county georgia yonews,8657,sinkhole,Above the snake line - #YoNews,1
i let another love crash and burn,2572,crash,no_location,0
so my band buildings on fire are playing this wednesday with rdg,1804,buildings on fire,Reading UK,0
new stretcher in min by fujiwara shunichiro technology,9007,stretcher,hatena bookmark,0
and thats because on my planet its the lone audience of the apocalypse,423,apocalypse,no_location,0
i believe there is a shirt company now for every animal that has ever been in danger i better start seeing some changes in wildlife,2907,danger,#LemonGang,0
updated rockyfire map with mandatory evacuation areas red advisory evacuation yellow evac centers green,4840,evacuation,Northern California U.S.A.,1
rt we should build a wall that keeps burning man attendees from coming home,1889,burning,no_location,0
destroyed,3712,destroyed,no_location,0
by replacing fear of the unknown with curiosity we open ourselves up to,5290,fear,In the moment,0
all injuries pre foster floyd those will be covered next week,6525,injuries,Toronto,0
ben affleck i know theres a wife kids and other girls but i cant help it ive loved him since armageddon eonlinechat,457,armageddon,Canada,0
in fact if yall could tag like small creeping or self inflicted injuries of the skin as derma with brackets that would be nice,6491,injuries,come here in 20 minutes for an ass kicking,0
nearly had a heart attack just now loud bang against window next to me turns out it was two birds flying into the glass,6814,loud bang,"Philadelphia, PA",1
just burst out in actual tears of joy when cain survived summerfate,9365,survived,Polmont,0
jax biz journal fedex stops shipping potential bioterror pathogens,866,bioterror,"Jacksonville, FL",1
we are getting some reports of flooding near jonesboro high school please use caution when driving in the area turn around dont drown,4184,drown,"Jonesboro, Arkansas USA",1
you wanna ruin a relationship just ask what are your intentions and youll do it,8366,ruin,"Long Beach, CA",0
this is a tragedy i added the wrong book to my tbr list now i cant find the right one this is what comes of browsing just on gr homepage,9733,tragedy,no_location,0
rip blood,1229,blood,no_location,0
check out my lava lamp dude,6729,lava,"Clayton, NC",1
witnessed my very first demolition derby today psa that my excitement has not worn down and its been over hours,3365,demolition,aggressive cannoli eater,0
trauma center shines in response to multi casualty crash,2077,casualty,"Fairfield, California",1
suresh prabhu calls harda derailment a natural calamity officials feel warning signs ignored prabhu may regr,3530,derailment,New Delhi,1
notley flattened harper in his heartland harper imported tens of thousands of tfw slaves cost albertans jobs,5552,flattened,"Mississauga, Ontario",0
a little concerned about the number of forest fires where ill be living,5744,forest fires,no_location,1
fatal attraction is common n what we have common is pain,5116,fatal,no_location,0
iwasdisappointedby telltales the walking dead good characters story but no real gameplay and too many performance issues,2971,dead,no_location,0
rspca site multiple story high rise buildings next to low density character residential in an area that floods,5670,floods,"Sherwood, Brisbane, Australia",0
sweater stretcher,9018,stretcher,no_location,0
guys he can run so fast he creates a tornado without breaking a sweat he makes superman look like a slowpoke he can be a poc,9678,tornado,Los Angeles,0
is it too soon to start flooding your comment section with come to brazil comments bc i will,5642,flooding,?,0
oso washington mudslide response interview part,7184,mudslide,"Memphis, TN",1
reddit updates content policy promises to quarantine extremely offensive communities,7801,quarantine,Bucharest,0
wsjthinktank ahead of tonights gopdebate colleenmnelson explains how a bad debate can derail a campaign,3430,derail,U.S.A,0
a crime that killed displaced millions in which systematic torture was carried out but look grahamwp fired a gun arrest him,4089,displaced,no_location,1
lucio lets get the overwatch hype train rolling some more caution though there arent any breaks,1196,blizzard,no_location,0
won some think possibility of my full transformation is impossible i dont quite like medical mysteries bioterrorism sucks,906,bioterrorism,no_location,0
there are people who plotted against me that are still wondering how i survived,9387,survived,no_location,0
fear youtube,5280,fear,no_location,0
bay district coaches learn cpr during medical course panama city an athlete collapsed on the field coaches,2370,collapsed,no_location,1
how missing jets debris could have floated to réunion the new york times,3114,debris,"46.950109,7.439469",1
im mad in your name you dont blaze,959,blaze,"Tripsburg, ms.",0
there was a small earthquake in la but dont worry emmy rossum is fine,4393,earthquake,London,1
its lights out again with stage two load shedding stage two load shedding will be in force between pm and pm,5052,eyewitness,South Africa,0
we happily support mydrought a project bringing awareness to the la drought track your water,4142,drought,Los Angeles,1
month old baby girl was rescued by coastguard after she floated half a mile out to sea socialnews,8103,rescued,Canada,1
truck crash on w at us in lebanon is a fatality very sad expect long delays through the morning,5252,fatality,"Nashville, TN",1
no more gujaratriot mumbairiot which devastated indianperpetrated by modi chawalchorbjp,3904,devastated,no_location,1
revealed everton hijack united bid for year old wonderkid,6146,hijack,no_location,0
kinda screamed,8490,screamed,with Doflamingo,0
the media needs to stop publicizing mass murder so many sick people do these things for the eyes of the world the media is not helping,6854,mass murder,New Sweden,1
photo lastma officials challenge police for driving against traffic in lagos,7785,police,no_location,1
red flag warning for fire danger dry thunderstorms in bay area weather cawx by,2911,danger,"San Jose, California",1
if u faved that i hope you fall off a cliff,2266,cliff fall,$ad $hawty,0
do we all use the same weapon cause we might be screwed xd,10301,weapon,"Halifax, NS, Canada",0
mini heat wave apaz,6050,heat wave,"Crayford, London",1
think ill become a businessman a demolish a community centre and build condos on it but foiled by a troupe of multi racial breakdancers,3296,demolish,"golborne, north west england.",0
so pardon me while i burst into flames ive had enough of the world and its peoples mindless games,5495,flames,Some where,0
horrible accident man died in wings airplane watchthevideo,209,airplane accident,bangalore,1
coastal german shepherd rescue oc shared a link ecstatic rescued racco animalrescue,8068,rescue,no_location,0
motordom lobbied to change our language around traffic fatalities we need to go back to the future visionzero,5194,fatalities,San Francisco,0
severe thunderstorm warning remains for cochrane has enacted municipal emergency plan after todays storm abstorm,4587,emergency plan,"Cochrane, Alberta, Canada",1
sirens everywhere,10841,missing,no_location,0
pendleton media office said only fire on base right now is the horno blaze,938,blaze,"Temecula, CA",1
fuck sake john jesus my heart just sunk,9286,sunk,i beg vines sorry,1
one of these candidates is going to have a frank grimes level meltdown with how voters love trump no matter what,7054,meltdown,no_location,0
whats wrong with just a lil smoke and good conversation,8842,smoke,no_location,0
max blew tf up shots fired catfishmtv,1094,blew up,?205?478?,0
san antonio stars head coach dan hughes was just carted to the locker room after one of his guards collided with,2492,collided,no_location,0
homeless man traveling across usa with stray dogs he rescued gets a helping hand from strangers via,8118,rescued,"Philadelphia, Pennsylvania USA",0
hollywood movie about trapped miners released in chile the hollywood movie about trapped miners starring,9763,trapped,Orlando,0
the once desolate valley was transformed into a thriving hub of hi tech business,3565,desolate,no_location,0
online infantryman experimental military training tutorials shower down upon assertative intelligence as regard,7122,military,no_location,0
some people are really natural disaster too,7203,natural disaster,Greenwich Meridian,1
update bend fd says roofing co workers accidentally cut through natural gas line in post office leading to evacuation for about a half hr,4828,evacuation,"Bend, Oregon",1
emergency dispatchers in boone county in the hot seat,4504,emergency,"New Orleans, LA",0
theres actually a theory out there that the magisters arent the only reason for the blight that dwarves the ones from the,1130,blight,Kama | 18 | France,0
tomorrows announcement vods,1202,blizzard,no_location,0
im tired of all these alllivesmatter people they only say this to derail blacklivesmatter they dont do anything for all lives lmfao,3447,derail,eritrean,0
does the fingerrockfire make you wonder am i prepared for a wildfire find out at azwx,10485,wildfire,"Tucson, AZ",1
gov brown links ca wildfire to drought,4111,drought,"San Francisco, CA",1
im glad you got away xd but my be safe was in reference to a tornado near calgary and drum heller at around o,9690,tornado,no_location,1
russian customs destroyed a total of tons of food today phew some italian meats were burned in an incinerator in pulkovo airport,3721,destroyed,no_location,0
onthisday in the mayflower set sail for the new world read,3566,desolate,"Philadelphia, PA",0
please keep josh the salyers blair hall families jennas friends in your prayers she was taken far too soon rip,2585,crash,Galatians 2:20,0
i spent minutes walking with runkeeper calories burned loseit,1837,burned,Long Island NY & San Francisco,0
whole slew of updated posts coming now that the hosting is fixed unfml deluge,3183,deluge,no_location,0
suicide bombing of european union car kills at least three in kabul on,9217,suicide bombing,no_location,1
north sac elkhorn blvd walerga rd trfc collision enrt,2506,collision,Sacramento,1
does that sewer look like its sinking to you is this what happens pre sinkhole and im going insane,8685,sinkhole,"ÌÏT: 42.910975,-78.865828",0
forbes europe chinas stock market crash are there gems in the rubble,8309,rubble,"Dubai, UAE",1
im always up for mass murder,6884,mass murder,"Fiore, Lamia Scale",1
mix new flat double sided linerless bottle caps you choose mix flattened full re,5557,flattened,no_location,0
cascada evacuate the dancefloor official video via,4724,evacuate,"New Britain, CT",0
im laughing in the face of casualties and sorrow the first time im thinking past tomorrow but i am not throwin away my shot,2033,casualties,The Low-Cal Calzone Zone,1
this is an evil generation rock and roll evacuation as far as the eye can see hey hey hey hey,4856,evacuation,no_location,0
tips to prevent basement leaks create control joints to eliminate random cracking homeimprovement flooding,5619,flooding,"Nova Scotia, Canada",0
were you opening regular or master packs rt so sunk mil credits into light side didnt pull one you sure about those odds,9260,sunk,"West Coast, USA",0
i wish going custom rom werent so catastrophic,2175,catastrophic,no_location,0
save the panicking for when you get to helios,7696,panicking,"Petaluma, CA",0
traffic accident n cabrillo hwy magellan av mir,112,accident,"San Mateo County, CA",1
i want to go back to vegas for my but i feel like that would be such a disaster lol so much money would need to be brought,4018,disaster,no_location,0
arian foster does keep his promise and thats to get injured every yeat,6449,injured,no_location,0
i have lived my family have lived in countries where looters were shot on sight where rioting wasnt tolerated why here,8291,rioting,Cassadaga Florida,1
update no passenger metro train derails causing terrible delays this morning a derailed train is causing a hell,3469,derailed,"Washington, DC",1
oil and gas exploration,8595,seismic,garowe puntland somalia,1
damn suh dont let that ruin your year bruh this our year better start carpooling like we did back in the day,8344,ruin,| CA Û¢ GA |,0
news the latest more homes razed by northern california wildfire new york times tafs fb,7971,razed,WorldWide,1
huge fire at wholesale markets ablaze,93,ablaze,Birmingham,1
confirmed sanchez hazard and bolasie will be out for the rest of the season,5955,hazard,Chicago,1
we should all have a fire safety plan rt mock wildfire near vail as agencies prepare for the worst,10490,wildfire,Vail Valley,0
if id have had a long coat to hand id have worn it the certainty of armageddon bears a sense of occasion,459,armageddon,England,0
japan marks th anniversary of hiroshima atomic bombing,1648,bombing,no_location,1
teen disaster preparedness event in van nuys august pm via,4046,disaster,"Los Angeles, California",0
i understand you wanting to hang out with your guy friends ill give you your space but dont ruin my trust with you,8355,ruin,no_location,0
medieval airplane hijacker hard shell casting the star deviating dyxtmrydu,6230,hijacker,no_location,1
bin laden family plane crashed after avoiding microlight and landi peritoengrafoscopia,2605,crashed,"Cuernavaca, Morelos, MÌ©xico.",1
two air ambulances on scene of serious crash between two cars and lorry in emsne,248,ambulance,New York / Worldwide,1
us institute of peace chairman wants russian body bags,1501,body bags,Swaning Around,0
today was such a hastle from getting drug tested blood drown out tb shot to document filling,1262,blood,Htx,0
bad news for us china russia bolstering military cooperation in asia sputnik international via,7141,military,highlands&slands scotland,0
white ppl bruise easily where ur bullet wounds at,10651,wounds,no_location,0
back home they mad cause i chill with the white boys,9741,tragedy,Orlando,0
reported hit run in roadway property damage at statesville rd,2889,damage,Charlotte NC,1
i concur the longer you spend with your child the more harm mmk,5894,harm,where the wild things are,0
this is ridiculous,31,missing,no_location,0
i had regular coffees and a rockstar coffee today and im still tired,2148,catastrophe,Wisconsin,0
if trillion crosses the line a rd time he does a field wide attack that does instant kill damage,2881,damage,??? ?? ???????,1
my favorite text,5867,hailstorm,no_location,0
spark song ultimate preparedness library prepare yourself for any catastrophe over,2134,catastrophe,no_location,0
things getting caught in a dust storm the challenging real estate market have in common video,4332,dust storm,Near Yosemite,0
im in utter shock and devastation you dont go to work to be left feeling how i do now life really is too short,3949,devastation,no_location,1
your lifetime odds of dying from an airplane accident are in,198,airplane accident,"Salt Lake City, Utah",0
worked at a fast food joint poured burnt hot oil down the sink it hit the water in the trap and exploded worstsummerjob,4959,exploded,no_location,0
emergency shutdown systems edmonton,4627,emergency services,no_location,1
use our roads wisely and prevent the carnage from continuing let us have no fatalities over this holiday period ggindependencmessage,5182,fatalities,"Hope Road, Jamaica",0
controlled murder is fine mass murder to a crowd of undeserving people isnt case closed,6883,mass murder,by a piano probably.,1
las vegas in top cities for red light running fatalities,5200,fatalities,USA,1
rite now man a tlk widout nuh curfew long side aka cum fi steal di show itz a rubbery di whole a dem fi knw sound it music,2793,curfew,Pon Di Gully,0
tweet taiji is a dolphin worship group based on superstitions just take a look at their tweets,1195,blizzard,Himalayan Mountains,1
guys to scared to show his real name anyway he knows ill bomb him,1540,bomb,Manchester,0
so if i capsize on your thighs high tide b you sunk my battleship,9252,sunk,Bon Temps Louisiana,0
bin laden family plane crashed after avoiding microlight and landing too far down runway three members of t,2609,crashed,no_location,1
message boards will display updated traffic fatalities up from and new message beginning today traffic deaths slow for workers,5209,fatalities,"Lima, Ohio",1
this nigga cyhi diss was what meek was suppose to do this shit actually fire,5350,fire,"Newark, NJ",0
read american lives first the chronicle freeamirnow freeallfour hostages held by iran irandeal,6338,hostages,no_location,1
news crimes police id victim in fatal crash that closed i near franklin one person is d justice courts,5152,fatal,no_location,1
ian lees word is like a fart in a windstorm such a browner,10559,windstorm,no_location,0
im liable to sound like a wounded animal during sex if the is good lol,10621,wounded,"Brooklyn, NY",0
how will i survive without dorrian,9307,survive,"gaffney, sc",0
myanmar displaced rohingya at sittwe point of no return prison like conditions genocide,4081,displaced,UK & Germany,1
hailstorm hey there is a secret trick to get gems clash ofclans check them now on my profile,5836,hailstorm,USA,0
fatal attraction,5150,fatal,Play For Ryan ??,0
dan hughes was taken off on a stretcher after danielle robinson collided hope they are both ok he called some games over years,8998,stretcher,Oklahoma City,0
yiayplan use my awesome collection of amiibos to destroy all in my path,3666,destroy,UK,0
the tragedy of life is not that it ends so soon but that we wait so long to begin it w m lewis quotes,9724,tragedy,"San Diego, CA",0
criminals who hijack lorries and buses arrested in enugu according to the nigerian police force via,6156,hijack,no_location,1
paci c media centre articles australia rsf protests over new security gag over reporting on,8047,refugees,"Auckland, New Zealand",0
morgan silver dollar s gem bu dmpl cameo rev blazing ms high grade full read,984,blazing,no_location,0
raúl sends a message of condolence to vietnam following natural disaster,7199,natural disaster,MÌ©xico D.F.,1
bit pacquiao vs marquez unfilled blazing swarm online durvod,990,blazing,no_location,0
hurricane stm quem lembra,6400,hurricane,@potteratthedisc,1
that hellfire song from the hunchback of notre dame reminds me a lot of my house,6108,hellfire,"11th dimension, los angeles",0
matako breaking news unconfirmed i just heard a loud bang nearby in what appears to be a blast of wind from my neighbours ass,6832,loud bang,Kenya,0
love living on my own i can blaze inside my apt or on the balcony,940,blaze,"Fresno, CA",1
shout out blaze the hottest dj in the sothwest,962,blaze,ARIZONA,0
i rated the hobbit the desolation of smaug imdb,3609,desolation,NBO,0
no but seriously i will electrocute half of uk armys so i can touch bangtan i do not play games when it comes to bts,4436,electrocute,London,0
fukushima tepco fukushima nuclear disaster increased thyroid cancer in us integrative cancer answers,7252,nuclear disaster,The Netherlands,1
a year later ferguson sees change but asks if its real,3013,death,on the go,0
it was hella crazy fights an ambulance and a couple mosh pits,258,ambulance,Arizona,1
quote never let your problems ruin your faith,8347,ruin,Depok,0
if i press on the twitch will my head explode,4909,explode,New Hampshire,0
day bug in fully patched os x comes under active exploit to bypass password ars technica,6145,hijack,no_location,0
you are going to make the internet explode with this dr simon o o was he alone or was there a red head nearby lol,4870,explode,no_location,0
seek help warra metrofmtalk,9508,terrorist,Iraq|Afghanistan| RSA |Baghdad,0
driving the avalanche after having my car for a week is like driving a tank,775,avalanche,no_location,1
haha traumatised hell no i want a job xxx,9906,traumatised,no_location,0
nueva favorita emergency feat the chemical brothers my bits,2236,chemical emergency,Colombia,0
drowning in actavis suicide,4292,drowning,Pittsburgh,0
i totally agree they rape kill destroy and leave land desolate action needs to happen before the swarm swells,3572,desolate,Here there and everywhere,1
i liked a video from town of salem how to win as the arsonist,636,arsonist,no_location,0
just got engulfed in a car induced tidal wave on my run i thought this only happened in the movies,4664,engulfed,"Fleet/Oxford, UK",0
dont let a few assholes ruin your night,8377,ruin,no_location,0
me trying to pass lax with my family ends up by me having to run after the ball after it gets bombed over my head,1618,bombed,no_location,0
back to the future in vanuatu how cyclone pam has encouraged traditional ways of living,2828,cyclone,Geneva,1
want twister tickets and a chance at a vip experience to see shania click here,10010,twister,no_location,0
kids got disney version of the game operation only aa batteries i swear my old version had like ds and would nearly electrocute you,4402,electrocute,no_location,0
foto love isnt everything to me anymore the last album i made red was a devastated record because,3921,devastated,The Meadow,0
adult dies of plague in colorado,3010,death,"Novi, MI",1
suicide bomber detonates in saudi arabia mosque reportedly killed,9164,suicide bomber,no_location,1
years ago the first atomic attack flattened hiroshima days later it was nagasaki both war crimes to put moscow in its place,5522,flattened,"Melbourne, Victoria",1
working at zumiez is the which location,1544,bomb,"Knoxville, TN",0
i know what it means it means ill go on twitter and obliterate any chance of ever winning another election for pres bad at math,7391,obliterate,no_location,0
photo sketch i did based on the a taste of armageddon episode of startrek tos,466,armageddon,New York City,0
sustainability task force presents levy to fund emergency services wdtv,4602,emergency services,"USA, Alabama",1
posted a new song earthquake,4355,earthquake,oklahoma,0
press play on s new single with m o p to detonate,3839,detonate,"New York, NY",0
twilights encore wounded hearts book by jacquie biggar via kindlecountdown sale mfrwauthor mgtab,10596,wounded,"Victoria, Canada",0
well i think that sounds like a fine plan where little derailment is possible so i applaud you,3525,derailment,UK,1
greeces tax revenues collapse as debt crisis continues via bailout mp,2341,collapse,Europe,1
do your own thing the battle of internal vs external motivation,810,battle,Use #TMW in tweets get #RT,0
im that traumatised that i cant even spell properly excuse the typos,9865,traumatised,"Portsmouth, UK",0
attack on titan game on ps vita yay cant wait for,689,attack,no_location,0
follow and check out his hit single unpacked man its blazing,1024,blazing,no_location,0
just got evacuated from the movie theatre for an emergency saw people running from another theyre,4783,evacuated,"Nashville, TN",1
steve these fires out here are something else california is a tinderbox and this clown was setting my hood ablaze,91,ablaze,"Concord, CA",1
man who buried dog alive thought no one would find her but she was rescued just in time,8102,rescued,Kent,0
dont be so modest you certainly sniff sniiiiiiff er donny is something burning,1893,burning,no_location,0
free ebay sniping rt chevrolet avalanche ltz lifted x truck please favorite share,777,avalanche,no_location,0
if i get run over by an ambulance am i lucky justsaying randomthought,260,ambulance,Mumbai,0
charred remains of homes on nd st in manchester nh after fire rips through buildings damaging neighboring homes,1814,buildings on fire,MA via PA,1
nowplaying cliff richard i could easily fall in love with you shadows internet nieuws radio on,2303,cliff fall,The Netherlands,0
u control the future of india yor subject exploration or seismic maintenance electrical or mechanical,8624,seismic,"Bokaro Steel City, Jharkhand",0
the flash and the thunder by wc quick on amazon kindle and soon in print at amazon books via create via,9585,thunder,"Palm Desert, CA",0
foxdebatequestions to what degree has obamas efforts to institute sharia law exacerbated the california wild fires,10449,wild fires,USA,1
the u s also flew over each bomb site in world war ii with warning letters telling people to evacuate,4739,evacuate,no_location,1
photos typhoon soudelor has its aim set on taiwan and china,10089,typhoon,iamdigitalent.com,1
survive,9329,survive,EveryWhere,0
and she wrapped his coat around herself it practically engulfed her,4675,engulfed,@ ForSL/RP,1
why the deep roads tho hahahaha im so traumatised by the deep roads lolol,9860,traumatised,Kirkwall,0
dying with debt can be costly for survivors,9395,survivors,no_location,0
hot c specially modified to land in a stadium and rescue hostages in iran in prebreak best,6336,hostages,Japan,1
severe thunderstorm warnings have been cancelled in central oklahoma still expect mph winds penny sized hail,9629,thunderstorm,"Oklahoma City, OK",1
ditto but its all we had and the way i feel if i drank vodka over ice they would have to body bag me,1382,body bag,"sitting on Eddie Vedders lap,",0
tube strike live latest travel updates as london is engulfed in chaos,4667,engulfed,UK,1
so grateful for all the support flooding in from dinner guests thank you all,5638,flooding,"California, USA",1
ad miles hurricane of fun the making of wet hot,6403,hurricane,"The Epicenter, and Beyond",0
i liked a video tremor is no joke tremor dlc fatalities x ray,5193,fatalities,oman muscat al seeb,1
catfish retweeted me my notifications blew up,1109,blew up,no_location,0
i have the biggest crush on you i dont know if youll ever know it,2679,crush,San Fransokyo,0
he still has his beard has he been visited by any while in prison if he keeps that hideous beard electrocute him uglypeople,4441,electrocute,"Houston, TX",1
catastrophe is anything but i literally have been unable to stop ejaculating,2109,catastrophe,no_location,1
former freedom surf spa razed to make way for new homes,7959,razed,no_location,0
you happen to conveniently forget about how you zionists revere and honour mass murderer baruch goldstein,6916,mass murderer,no_location,1
standard damage control,2900,damage,"Bhopal, Madhya Pradesh, India.",1
again eep thought of you yesterday when i saw that hella scary hail armageddon,478,armageddon,"Toronto, ON",1
burning down buildings what you mean like when you burnt down those black churches,1963,burning buildings,Spying on your thoughts,1
hillarymass murderer,6937,mass murderer,"Haysville, KS",0
contruction upgrading ferries to earthquake standards in vashon mukilteo q fox earthquakenews,4350,earthquake,no_location,1
droughtmonitor moderate or worse drought to of contig usa affects m people,4123,drought,USA (Formerly @usNOAAgov),1
civil war general battle bull run hero colonel nd new hampshire letter signed,797,battle,no_location,1
severe thunderstorm warning including midwest city ok del city ok choctaw ok until pm cdt,9645,thunderstorm,"Nicoma Park, OK",1
downtown emergency service center is hiring chemical dependency counselor or intern in seattle apply now jobs,2229,chemical emergency,"Seattle, Washington",0
unwanted person at block of se th ave portland or portland police pp pdx,7765,police,"Portland, OR",0
you should delete this one its not an abbandoned nor sinking thats the darsena of the castello scaligero di sirmione,8700,sinking,no_location,0
a marshall plan for the united states by dambisa moyo via oped via,1671,bridge collapse,VitÌ_ria (ES),0
the thirst has no curfew,2753,curfew,no_location,0
im amazed you have not been inundated mistress,6608,inundated,no_location,0
real vibez radio blazing the best vibez nowplaying listenlive,981,blazing,no_location,0
mine came on the day after my data renewed this month i was traumatised,9889,traumatised,no_location,0
ovofest drake straight body bagging meek on that ovo stage ziphimup,1452,body bagging,no_location,0
just hangin out in star buck watchin my boy wreck this septic tank,10685,wreck,moss chamber b,0
i got evacuated from the cinema mins through inside out kill me please,4808,evacuated,no_location,0
several wild fires have burned a lot of land in california here is one of the larger fires,10443,wild fires,Eastern Iowa,1
i liked a video from minecraft ps x lava door how to tutorial ps xbox,6723,lava,no_location,0
photoset littlebitofbass silinski ed sheeran on the hobbit the desolation of smaug german premiere,3603,desolation,"Houston, Texas !",0
sorrower fresh wounds over old scars death metal,10682,wounds,no_location,1
so yeah splatoon is still lots of fun and default splattershot jr is still the only weapon layout im good at,10322,weapon,"New Jersey, usually",0
no way i cant eat that shit,37,missing,no_location,0
elem pomo helping the displaced from the rocky fire please consider elem evacuation center via,4096,displaced,"Na:tinixw / Hoopa, Berkeley",1
im really sad about red closing yuppies n tourists ruin everything,8351,ruin,austin tx,0
why would arsenal fans want that west ham will be in a relegation battle this season no danger for afc on sun,2934,danger,"Newcastle Upon Tyne, England",0
dont think for one second im out to drown your memory baby you aint worth the whiskey,4182,drown,it's a journey,0
photo lavenderpoetrycafe trauma memories are encoded in images as trauma is a more sensory than cognitive,9808,trauma,no_location,1
removing tsunami debris from the west coast karen robinson enviromental and emergency services manager of the,4620,emergency services,"Vancouver, British Columbia",1
actionmoviestaughtus things actually can explode with a loud bang in space,6801,loud bang,no_location,0
ee recalls power bar phone chargers after explosion burns woman the register,4962,explosion,"London, UK",1
sinkhole on west side damaging cars via,8683,sinkhole,In the potters hands,1
she wont harm you,5906,harm,no_location,0
also my iphone charger is broken and i just electrocuted myself,4480,electrocuted,"Newcastle, England",0
he was only of a second faster than me and i overtook him twice then crashed tru luv,2642,crashed,too far,0
had major windstorm thunder and some rain down here near jackson calm now,10582,windstorm,Home is where we park it!,1
lmao well i only know one and ive only had a crush on this one sooo,2696,crush,honeymoon avenue,0
great times until the bus driver held us hostage in the mall parking lot lmfao,6311,hostage,"Cape Neddick, ME",1
walking down the middle of michigan ave last sunday during lolla evacuation,4846,evacuation,United States,1
so wanted to see that info on blight u got,1143,blight,Central Illinois,1
man what i would give to be in ca right now to help with the wild fires,10461,wild fires,"Olathe, KS",1
seeing as how this person is a mass murderer and has like fbi cia grade equipment to do evil shit,6917,mass murderer,Leaving Bikini Bottom,0
nothing to fear its all about taking risks,5299,fear,no_location,1
everything must be ok because shes listening to sandstorm now,8392,sandstorm,"Scituate, MA",0
i couldnt mudslide,7167,mudslide,London,1
jeff locke train wreck fin disaster fortunately the pirates acquired a top quality starter in j a oh wait blowltan,4020,disaster,"Hinton, W.Va.",1
to hold free webinar on wildfire mitigation at pm et,1772,buildings on fire,Intermountain West,1
helpme what do i do my friend has been ticketed by police in wayne county michigan into never sending poverty cycle how do i help him,7787,police,"MI,USA",0
mh aircraft debris found on la reunion is from missing malaysia airlines abc onlin g malaysia news,3147,debris,no_location,1
hello im looking for mod cold ice i saw it on your site but link to download dead maybe you have it and share with me thanks,2983,dead,"Sochi, KDA, RU",0
withering to death is an album found when he undermine d his backyard because his cat inundated the floor mustering cat food,6630,inundated,no_location,0
taylor and cara aka catastrophe and mother chucker behind the scenes of bad blood vote vmas,2128,catastrophe,America | New Zealand,0
i see her flooding at mad decent,5655,flooding,belleville,0
enjoyed live action attack on titan but every time i see posters im reminded how freshly clean and coiffed everyone is in the apocalypse,444,apocalypse,Tokyo,0
kca votejkt id mbataweel rip binladen family members who killed in an airplanes accident,212,airplane accident,Indonesia,1
governor allows parole for california school bus hijacker fresno linked local network,6211,hijacker,no_location,0
angelriveralib snowden may have broken laws hurricane katrina may have caused some damage without snowden h,6417,hurricane,no_location,1
suicide bomber kills in saudi security site mosque reuters via world google news wall,10866,missing,no_location,1
so cool in the news cutest indot worker but i might be a little bias,6676,landslide,Indiana,0
chinese rescue team arrives in myanmar to help flood victims sittway,5605,flood,Waddesdon,1
kurds trampling on turkmen flag later set it ablaze while others vandalized offices of turkmen front in diyala,79,ablaze,USA,1
let people surf hi is no waimea bay its not like the beach is or ever will be inundated with surfers,6604,inundated,no_location,0
bore him with minutiae serve bad champagne he may just explode,4867,explode,no_location,0
o line and pass rush rest of roster is stout barring injuries,6529,injuries,no_location,0
souda leave lady sonia alone or i shall obliterate you kneelbot,7354,obliterate,M!A: None,0
businesses are deluged with invoices make yours stand out with colour or shape and its likely to rise to the top of t e pay pileq,3240,deluged,no_location,1
it is freezing in my room i erally want to unplug the ac but i dont want to electrocute myelf and die,4426,electrocute,Michigan,0
now on photos flames rage through manchester buildings in alarm fire nh news,1808,buildings on fire,"Concord, NH",1
ercjmnea breaking news unconfirmed i just heard a loud bang nearby in what appears to be a blast of wind from my neighbours ass,6804,loud bang,Kenya,0
railways caught unawares by mp tragedy accident spot never marked as vulnerable,9728,tragedy,no_location,1
hey all you love birds we have been getting submissions for the whirlwind wedding wars and they are so fantastic keep sending them guys,10385,whirlwind,"Holly, MI",0
pennlive two families displaced by mechanicsburg blaze no one was injured in the fire,4088,displaced,no_location,1
nuke please target hilversum please detonate meters below surface,3824,detonate,Worldwide,1
forest fire near la ronge sask canada,4,missing,no_location,1
what irony debris of flight mh found on reunion island,3132,debris,"Dubai, United Arab Emirates",1
stu dorrets mudslide rubber tyre cake may have saved you gbbo,7146,mudslide,"Crouch End, London",0
learning from the legacy of a catastrophic eruption,2159,catastrophic,no_location,1
im awful at painting why did i agree to do an a landscape in bloody oils of all paints,1307,bloody,Glasgow,0
agency seeks comments on seismic permits,8627,seismic,"Hatteras, North Carolina",0
wow i just won this for free the hobbit desolation of smaug uv digital download code gin listia,3617,desolation,St. Louis Mo.,0
a new favorite desolate by r do on soundcloud,3570,desolate,"Lahti, Finland",0
omega men writer explores terrorism religion in an epic kyle rayner story via,9455,terrorism,Earth 0,0
back in ireland v sad traumatised as is freezing and not beautiful parisian summer to which have become accustomed,9859,traumatised,Ireland,0
download watch demolition frog movie,3369,demolition,no_location,1
when you are quarantined to a little corner bc you are too sick to be in the office but work is piling up and they need you kinda day,7848,quarantined,no_location,0
this makes sense paper beats rock paper comes from wood so wood should be able to support and obliterate rock,7345,obliterate,"Dover, DE",0
i wish i was good enough to add flames to my nails im on fire,5479,flames,hell,1
brian shaw j j hickson kenneth faried trying to defend lamarcus aldridge was a blood volcano,10241,volcano,Northern Colorado,0
it is indeed if the apocalypse comes this week i know where ill be,426,apocalypse,San Francisco,0
drake spokes rep for the raptors beg to differ the other night when shots rang out at musik wasnt a goodlook running in panic no fun,7649,panic,no_location,0
read an eyewitness account from hiroshima from this day in life,5024,eyewitness,United States,1
could billboards hot chart be displaced by these social media driven music charts,4093,displaced,new york,1
refugees of nuclear disaster in western japan will be beyond thousand at least afp guardian wps nytimes,7272,nuclear disaster,no_location,1
dating meet sex hot teen ass exploded by fat cock,4955,exploded,no_location,0
virgin galactic crash early unlocking of brakes triggered structural failure,9047,structural failure,no_location,1
if ryan doesnt release new music soon i might explode,4864,explode,|IG: imaginedragoner,0
her loyalty mission involves her kicking a shitty nobleman to death i love this elven weirdo,3021,death,mpls.,0
thunder pounds north goes black a deep bruise on the skys chest wind cries its pain a summer storm has a tough life short violent,10168,violent storm,Toronto,1
my ig is being blown up just with hackers i need it to stop givebackkalinwhiteaccount,1365,blown up,no_location,0
detonation into the realistic assets entering india koz,3868,detonation,no_location,0
i forgot to add the burning buildings and screaming babies,1757,buildings burning,no_location,1
enjoy hopefully there will be no epic hail storms where you are going,5801,hail,no_location,0
ooooohshit ooohshit screams hell i love,8542,screams,lesa * she/her,0
railways caught unawares by mp tragedy accident spot never marked as vulnerable times of news,9723,tragedy,India,1
ignition knock detonation sensor senso standard ks,3850,detonation,no_location,0
rise up like a natural disaster we take the bat and then we take back the town,7211,natural disaster,liaÛ¢daniÛ¢laura,0
all lives matter just not a fan of burning down buildings and stealing from your neighbors to protest,1728,buildings burning,no_location,1
i feel like i should be panicking more as idk i get my results back in a week im alarmingly calm,7731,panicking,no_location,0
winter desolation of death is also on tumblr al necros reviews interviews more,3642,desolation,"Richmond, VA",0
freak boston hailstorm produces a hailstorm of business for auto body repair specialists tonight,5840,hailstorm,"Newton Centre, Massachusetts",1
now my nose is bleeding the last one was like years ago,1036,bleeding,no_location,0
also me please i would very much like a link,1213,blizzard,"Washington, USA",0
when you lowkey already know youre gonna drown in school this year,4157,drown,no_location,0
so all the stores fire alarms went off today at work and we had to evacuate i was like omg i s i s its happening,4736,evacuate,Sevier County.,1
lukebox something about first responders military they are our true heros besides your music,5411,first responders,no_location,0
you wrecked me never felt so low in my life but its okay god got me,10803,wrecked,no_location,0
a rocket to the moon sleeping with sirens a rocket to the moon,8836,sirens,Philippines,0
the people who tweet and care about japan fukushima nuclear disaster are not the problem those who ignore are the problem,7267,nuclear disaster,no_location,1
man is reading a list of famous musicians who oppose nuclear power wow powerful evidence they must know a lot about seismic risks,8596,seismic,"Oakland, CA",0
today will be another dualcom with if you enjoyed yesterdays check out todays at pm easter,7992,razed,"Erie, PA",0
campsite recommendations toilets shower pub fires no kids pizza shop forest pretty stream no midges no snakes thanks,5781,forest fires,no_location,1
aug radio show articles eyewitness account of abortion organ harvesting by planned parenthood,5041,eyewitness,Los Angeles... CA... USA,0
ranking artectura pop n ¼ florence the machine ship to wreck music playlist youtube,10700,wreck,no_location,0
experts in france begin examining airplane debris found on reunion island french air accident experts on wednesday began examining t,211,airplane accident,no_location,1
two trains have collided in india please pray for victims their families and rescuers,2468,collided,"St. Joseph, Minnesota",1
pakistan supreme court oks military courts to try civilians the supreme court ruling would empower the milita,7140,military,"Paterson, New Jersey",0
update of the mac pros my company bought in may have had catastrophe failures requiring repair,2125,catastrophe,"Brooklyn, NY",1
has an ancient nuclear reactor been discovered in africa your,7300,nuclear reactor,"Norwalk, CT",0
shame how they tookem from being an intriguing dominant force to a jobbing c list demolition,3402,demolition,"ÌøåÀå_T: 40.736324,-73.990062",0
so the ifak is an individual first aid kit to treat a single trauma victim i think i should create the efak or evacuation first aid kit,4831,evacuation,"Chevy Chase, MD",1
channel have been doing the same for the rspca with dog rescuers the infomercial has crept in the back door,8156,rescuers,Birmingham,0
biolab safety concerns grow fedex stops transporting certain specimens research facilities dumbfounded by action,878,bioterror,"Washington, D.C., area",0
byproduct of metal price meltdown is a higher silver price,7091,meltdown,The Internet,1
zayn malik perrie edwards end engagement shes devastated,3903,devastated,no_location,1
indeed ray devastation would be far more comprehensive hiroshima,3957,devastation,"Newport, Wales, UK",1
could a drone cause an airplane accident pilots worried about use of drones esp in close vicinity of airports,245,airplane accident,Toronto,1
i may be panicking a little i wasnt as fast submitting the form as i usually am,7721,panicking,UK,0
the removal of all traces of something obliteration,7474,obliteration,no_location,0
volunteers needed to participate in emergency preparedness drill simulating a bioterrorism disaster,895,bioterrorism,"Hudson Valley, NY",1
stream hype hurricane,6425,hurricane,no_location,0
your lost for words made me a new fan of yours fam crazy skills beyond blessed keep blazing dude made love and respect,1010,blazing,Suitland,0
violent forces radio now playing acid storm scourgue of the gods tunein player,10179,violent storm,Worldwide,1
new women handbag faux leather ladies shoulder tote cross body bag large satchel full re,1408,body bag,no_location,0
still cant get over the thunderstorm tornado we were woken up to yesterday half the street is still in the dark,9684,tornado,Providence RI / Lisnaskea,1
investigators rule catastrophic structural failure resulted in virg related articles,9088,structural failure,no_location,1
if you find your patio table umbrella and chairs flipped over and suspect foul play instead of windstorm you may be a suspense writer,10565,windstorm,no_location,0
contd sinjar referring to a pg document the group put together on the movt of yazidi hostages in the days following is massacre,6383,hostages,The Universe,1
getting hit by a foul ball while sitting there is hardly a freak accident its a war zone,10278,war zone,no_location,0
i liked a video mini pony packs a punch live report from the salem county fair on cbs eyewitness,5029,eyewitness,Somewhere in Jersey,0
arsonists being blamed for a blaze at a plastics recycling business in adelaide reports newsadl,623,arsonist,"Adelaide, South Australia",0
we want to see no more hiroshima and nagasaki nuclear bomb disaster in this beautiful world lets be peaceful save this human civilization,7268,nuclear disaster,"Dhaka, Bangladsh",1
islamic state issue a new holiday brochure lovely swimming pool for drowning in shooting range and the downside it costs a bomb,4282,drowning,yorkshire,0
america said it had a war on terrorism then police took my ar when i was ready to start shooting the enemies,7746,police,San Francisco,1
update more from bend fd on how a natural gas line cut prompted evacuation of the main post office this afternoon,4852,evacuation,"Bend, Oregon",1
when i was cooking earlier i got electrocuted some crucial now im psychic lol,4448,electrocuted,no_location,0
breaking fairfax county firefighter placed on admin leave amid probe into facebook post about putting police in body bags dept says,1494,body bags,"washington, d.c.",0
be not afraid of sudden fear neither of the desolation of the wicked when it cometh for the lord shall be thy,3632,desolation,san gabriel la union,0
im actually currently dressed for a snowstorm despite being in the middle of a texas summer thanks office a c,8939,snowstorm,"Austin, TX",1
i lava you,6721,lava,no_location,0
officials say a quarantine is in place at a birmingham home over a possible ebola case edward khan of the,7868,quarantined,"Karolinska vÌ_gen 18, Solna",1
why am i the worst person questioning how julie attacked him do you guys have no empathy,726,attacked,"Los Angeles, CA",0
i eat because it makes my mouth explode with joy and my soul rise upwards,4868,explode,London / Berlin / Online,0
colorado avalanche mens official colorado avalanche reebok t shirt xl blue cotton nhl hockey,752,avalanche,no_location,0
magic city mayhem kissimmee adventures aug,7021,mayhem,no_location,0
remembering that you are going to die is the best way i know to avoid the trap of thinking you have something to lose steve jobs,184,aftershock,304,0
today is corii sirens birthday spoil her now wishlist,8743,siren,no_location,0
that or they might be killed in an airplane accident in the night a car wreck politics at its best,215,airplane accident,"New Mexico, USA",0
you either ride with us or collide with us its as simple as that for me and my niggas,2453,collide,"Dallas, Texas.",0
cases of voter fraud a year we need new laws gun deaths a day who actually follows laws amirite vra,3056,deaths,"Mooseknuckle, Maine",1
wreckage conclusively confirmed as from mh malaysia pm,10754,wreckage,Punjab,1
these boxes are ready to explode exploding kittens finally arrived gameofkittens explodingkittens,10837,missing,no_location,0
entertain this thought for a moment diarrhea hurricane,6422,hurricane,Chicopee MA,0
another sad ocean casualty gray whale population in the pacific listed as critically endangered drone video,2068,casualty,no_location,1
when a real nigga hold you down you supposed to drown,4178,drown,"Gainesville/Tampa, FL",0
ig its hailing again abstorm yyc hail hailstorm haildamage yycweather calgary captureyyc alberta sto,5858,hailstorm,no_location,1
vinnie jones goes on the beat with northumbria police,7758,police,no_location,0
tales of the trees deep water loving lake tahoe and no forest fires,5760,forest fires,Tips on my blog at,0
a i started writing when i couldnt talk about my trauma in therapy it was the only way i could communicate gravitychat,9830,trauma,www.aprylpooley.com,0
outdoor siren test pm the fgcu siren will be tested at pm today another message will be sent when the test is concluded,8785,siren,no_location,0
why werent they taken back to africa once rescued c news,8125,rescued,The green and pleasant land.,1
purple heart vet finds jihad threat on his car at mall all of you islamaphobe vets,9555,threat,Everywhere,0
my little heart just exploded otrametlife mtvhottest one direction,4923,exploded,no_location,0
wrecked tired but not gonna be asleep before,10814,wrecked,no_location,0
theres still room for you at our party for first responders from around the country rd annual best ever,5442,first responders,"Los Angeles, CA",0
all of this energy,10005,tsunami,no_location,0
info r curfew in oper until z taxiways foxtrot foxtrot navbl wnd exp inst apch rwy damp tmp qnh,2787,curfew,"Adelaide, Australia",0
its time to do away with drought check out how the cloud iot are helping conserve water,4116,drought,"San Francisco , CA",1
wild night in the village of pugwash every fire truck is out that the town has which is like a fire truck for every house population,5368,fire truck,no_location,1
wanted gritty and real casualty photos of pasta thursdays at amicos tag us or amicospizzato seeyouatamicos,2074,casualty,"1648 Queen St. West, Toronto.",0
mortal kombat x is an excellent fatalities and the most fun ive ever had with a mortal kombat segas version,5197,fatalities,"Jogja, Indonesia Slowly Asia",0
top link reddits new content policy goes into effect many horrible subreddits banned or quarantined,7847,quarantined,no_location,0
dudes will thoroughly express how stupid black ppl r for burning buildings in response to brutality but nvr mention them being mistreated,1966,burning buildings,Selma2Oakland,1
by accident they knew what was gon happen,110,accident,Norf Carolina,0
breaking terror attack on police post udhampur,652,attack,Location,1
it looks like a mudslide its like chewing on rubber gbbo,7155,mudslide,Nottingham,0
heat wave adding to the misery of internally displaced gazans via,6070,heat wave,International Action,1
nowplaying rene ablaze ian buff magnitude edm,92,ablaze,"Calgary, AB",0
hmm this could be problem for some researchers fedex no longer to transport select agents via,852,bioterror,"Oxford, MS",1
a nuclear bomb is a terrible weapon,10307,weapon,no_location,1
ill crash it,2582,crash,"Kenton, Ohio",1
responds fedex no longer to transport bioterror germs in wake of anthrax lab mishaps,837,bioterror,"Silver Spring, MD",1
have a good un fella sorry i wont be there to get annihilated with you,309,annihilated,"Greater Manchester, UK",0
bovines rescued smugglers nabbed,8110,rescued,Jammu | Kashmir | Delhi,1
service on the green line has resumed after an earlier derailment near garfield with residual delays,3504,derailment,"Chicago, IL",1
nigeria rainstorm destroys houses in yobe state daily trust damaturu over,7936,rainstorm,Thailand Malaysia Indonesia,1
price rd north bound closed from university to rio salado lots of police whats crackin,7780,police,"Mesa, AZ",1
crack in the path where i wiped out this morning during beach run surface wounds on left elbow and right knee,10656,wounds,Lake Highlands,0
afghan peace talks in doubt after mullah omars death financial times mullah,3044,death,Carry On Jutta!!!,0
sinking the slipper or putting the boot in,8724,sinking,Queensland,0
ambulance sprinter automatic frontline vehicle choice of lez compliant ebay,254,ambulance,Happily Married with 2 kids,0
former township fire truck being used in philippines township of langley assistant fire chief pat walker spen,5377,fire truck,no_location,1
lava you quit actin up,6744,lava,HIÛ¢UTÛ¢AS,0
cramer igers words that wrecked disneys stock cnbc,10790,wrecked,no_location,0
dublin i e i e north flynn rd onr trfc collision no inj,2528,collision,"San Francisco, CA",1
i liked a video fema region iii targeted for bioterrorism nasa japan rocket launch with lithium,882,bioterrorism,OES 4th Point. sisSTAR & TI,1
bioterrorism public health superbug biolabs epidemics biosurveillance outbreaks homeland security news wire,890,bioterrorism,no_location,1
seems they declared war against government,6455,injured,"Lucknow, India",1
just burned the shit outta myself on my dirt bike,1869,burned,no_location,0
that moth that held me hostage yesterday has been chilling on the bathroom windowsill all day and im not okay with this,6296,hostage,Starling City,0
mopheme and bigstar johnson are a problem in this game body bagging niggas vuzuhustle,1448,body bagging,Cloud 9,0
screaming in different languages,8538,screaming,9/1/13,0
new print available on waiting too long by pamela blizzard,1182,blizzard,Guelph Ontario Canada,0
my dog attacked me for my food pugprobs,697,attacked,"Port Jervis, NY",0
in kalmikya astrakhan volgagrad and dagestan there is already no food left for the locusts via,3951,devastation,no_location,1
bring back games from the past snowstorm tic tac toe battleships fast food matchwood,8908,snowstorm,Australia,1
news flash any decent billers been promoted to manager if so let me know as i want to watch your billings fall off a cliff humble,2258,cliff fall,"London, England",0
would a paramedic really do that leave someone inside a building thats about to collapse blow up,2307,collapse,Scotland,1
unexercised honda run down neighborhood desolate psqd,3578,desolate,no_location,1
you bitches walking around like yall hot shit got bed bugs you burning,1875,burning,no_location,0
sure i just burned about calories after eating a giant bowl of mac and cheese so i totally earned this calorie klondike bar,1834,burned,"Belleville, Illinois",0
on the nd year the officer team running the club collapsed a few influential members betrayed everyones trust severing the community,2382,collapsed,no_location,0
officials rescue migrants off libya bodies found fox news news,8089,rescue,India,1
metro acting chief jack requa says train that derailed was a six car train with and series rail cars wmata,3474,derailed,"Washington, DC",1
californias burning gov on drought wildfires,4143,drought,"Abuja,Nigeria",1
cracker white riot nowplaying,8241,riot,"San Francisco, CA",0
from recycling to only using non hazardous chemicals holland continually strives to maintain an eco friendly existence,5999,hazardous,no_location,1
trauma team needs to come to the american e shop,9819,trauma,"Methville, CA",0
finnish nuclear plant to move ahead after financing secured,7297,nuclear reactor,no_location,0
general audience on wounded families zenit the world seen from rome,10607,wounded,"Suva, Fiji Islands.",0
man selling wild morels at ambleside farmr mart sun mushroom foragesecret is to know what trees they grow under best after forest fires,10472,wild fires,"West Vancouver, B.C.",0
these wild fires out west are crazy,10467,wild fires,New Jersey,1
reddit will now quarantine offensive content onlinecommunities reddit via,7824,quarantine,no_location,0
expert prepper financial collapse natural disaster failed grid,7210,natural disaster,no_location,1
you better make all your shots tomorrow cause im recording and flames will be thrown tomorrow,5506,flames,Houston |??| Corsicana,0
check out this awesome profile on ges swimming robot used in nuclear reactors innovation,7296,nuclear reactor,no_location,0
thx for emergency dec days and no plan to get h to those who have no transport can you deploy troops,4549,emergency plan,no_location,1
broke my nail real not fake this morning blood and all ah it hurts any ideas how to treat it help me pretty please,1234,blood,no_location,0
i want to see my so bad its not even funny i will probably cry and drowned him in kisses when i do,4232,drowned,no_location,0
police unions retard justice drain gov but cops vote rs so rs go after teachers unions instead,7753,police,no_location,0
pisces tweets need to get better because most the tweets make me sound like a total emotional catastrophe,2126,catastrophe,"Morganville, Texas.",0
san jose demolition of willow glen trestle put off while legal battles continue,3400,demolition,San Jose,0
bedroom clean bathroom clean laundry done shit was looking like a war zone in here,10252,war zone,no_location,0
a new favorite midfield general disco sirens house edm version soni soner by on soundcloud,8823,sirens,"Hamburg, DE",0
nowplaying last smoke before the snowstorm by benjamin francis leftwich hopefully new album coming soon,8931,snowstorm,"Neath, South Wales",0
suspected serial arsonist arrested in calif,604,arsonist,Worldwide,1
haha jam imeshika hapa garden city mats bumper to bumper with aar ambulance we decide to chill via piga siren kijan,8744,siren,kenya,0
strawberries are in big trouble scientists race to find solution,9933,trouble,"Davis, California",1
eversafe emergency auto kit for all weather unsafe hazardous rush hour gridlock jumper ca,6024,hazardous,no_location,1
already expecting to be inundated w articles about trad authors pay plummeting by early next year but if this is true itll be far worse,6632,inundated,Maryland,0
dtn brazil refugio oil spill may have been costlier bigger than projected a plains all american pipeline oi,7518,oil spill,Canada,1
if you have trouble getting motivated remember that time is going to pass and that regret is going to make its way around matthew donnelly,9952,trouble,no_location,0
lomasvisto thousands of hipsters feared lost giant sinkhole devours brooklyn intersectio cadenadeseguidores,8665,sinkhole,Êwagger!ÌominicanÌ÷,1
if youre lost and alone or youre sinking like a stone carry onnnn,8708,sinking,no_location,0
lmao fuckboy changed his for damage control,2899,damage,USAoV,0
thus making s assault useless the spears collided with the dark force however did not penetrate due to the dark,2462,collided,@protectingtitan's side.,0
and please dont flood poor s mentions hes put in his work,5576,flood,Philadelphia,1
russia destroys food while people go hungry were not the only ones with an insane government,5083,famine,Massachusetts,1
police teenagers arrested for curfew violations in evanston were riding stolen bicycles two teenagers taken into cus chicago news,2760,curfew,"Chicago, IL",1
hundreds feared drowned after another mediterranean asylum seeker boat sinking,4235,drowned,Melbourne,1
if you follow me i will go into town and advertise your youtube channel by screaming and walking around with a sign pls,8530,screaming,no_location,0
the ferguson riots worked this of this the next time you say rioting doesnt change anything there fixed it for you,8259,rioting,trapped in America,1
revel in yours wmv videos by means of mac farewell ablaze wmv en route to dvd gtxrwm,85,ablaze,no_location,0
draw day demolition daily football selection service that consistently makes money lay yo,3357,demolition,"Lisbon, Portugal",0
why did god order obliteration of ancient canaanites via,7452,obliteration,Born in Baltimore Living in PA,0
landslide in italian alps kills three rome reuters three people were killed when a severe rainstorm in the i,7930,rainstorm,online,1
cooool,40,missing,no_location,0
im glad my gay can heal wounds,10673,wounds,Alex/Mika/Leo|18|he/she/they,0
seen on fahlo wcw all hail the queen mtvhottest justin bieber,5808,hail,"Brasil, Fortaleza ce",0
beach reads in august giveaway hop is giving away any book in mayhem series,6996,mayhem,no_location,0
womens buckle casual stylish shoulder handbags pockets cross body bags white,1495,body bags,United Kingdom,0
one direction is my pick for fan army directioners,526,army,no_location,0
w nema warns nigerians to prepare for drought,4107,drought,Nigeria,1
finally a storm,8942,storm,no_location,0
californian bush fires,1989,bush fires,"Canberra, Australian Capital Territory",1
acc to the study conducted by skims morethan population in kashmir suffer psychiatric disorders kashmirconflict,10647,wounds,Kashmir!,1
my car is so fast,26,missing,no_location,0
drake body bagging meek he must of hit a sensitive spot talking about a ghostwriter he trying end his career,1459,body bagging,Global,0
zouma has just flattened him there cfc,5519,flattened,Leicester,0
a gpm satellite bullseye in typhoon soudelor,10092,typhoon,india,1
fatal crash reported on johns island,2588,crash,"Charleston, SC",1
wfp wfp delivers food to bangladesh flood victims after tropical cyclone komen dhaka the united na,2849,cyclone,no_location,1
how significant do you think the iconic pic of church maybe ruins and less substantial efforts razed,7980,razed,North,0
btw the th is actually next year casualty began th september so marks years,2078,casualty,"Trinity, Bailiwick of Jersey",1
got electrocuted last night at work for the first time in my life shit was weird,4468,electrocuted,no_location,0
i will only call or text niggas my bff my boyfriend i love my boys to death no other niggas can hold my attention like them,3003,death,no_location,0
debatequestionswewanttohear why does saudi arabia and israel get away with mass murder wahhabism zionism,6893,mass murder,"Birmingham, England",1
people rioting everywhere and i think id be one of them usami san,8286,rioting,The Weird Part of Wonderland,1
aftershock protect yourself and profit in the next global financial book,178,aftershock,United States,0
my answer to why do my answers get collapsed when others dont,2391,collapsed,San Francisco Bay Area,0
what if im drowning,4265,drowning,CT & NY,0
the circular ruins displaced part nowplaying,4078,displaced,San Francisco,0
samel samel has a crush,2666,crush,Everywhere,0
fear factory cars official musicvideo,5272,fear,mexico,0
oct bush fires,1990,bush fires,no_location,1
then the stylist whod been silent says theres a cool show on amazon prime called catastrophe,2119,catastrophe,"los angeles, ca",0
hollywood movie about trapped miners released in chile newsdict news chile,9790,trapped,no_location,0
hiroshima and nagasaki i remember all those killed in alleged us war crimes using nuclear weapons uswarcrimes,10349,weapons,England,1
snowstorm planned outside romes st mary major tonight annual occasion artificial snow remembering summer snow in ad on same spot,8941,snowstorm,Italy,0
plane panic what kind of douchebag bubble gum,7656,panic,The Internetz,0
thanks for joining the foot,8784,siren,Everywhere,0
reminds me when the peasants destroyed their food when stalins army came to redistribute the wealth it caused famine death,5098,famine,"Rogersville, MO",1
little gecko chillin in my garden i ended up helping him out i suspected he might drown,4152,drown,"Waialua, Hawaii",0
severe weather bulletin tropical cyclone warning typhoon hanna issued at p m thursday august,2827,cyclone,"Quezon City, Philippines",1
advice from noah dont go running in a thunderstorm,9610,thunderstorm,no_location,0
pm thunderstorm no rain degrees this weather weird,9653,thunderstorm,Killafornia made me,1
im trapped in the damn gas pump there are two suvs on either side fuck you dickheads,9761,trapped,call me peach or sam lo,0
plus youre well out of the inundation zone amirite,6644,inundation,Cascadia,0
pbban temporary russaky armageddon do not kill flags only fast xp for reason,447,armageddon,"California, United States",0
why thank you there missy thought it suited the blazing hot summertime yee haw,1017,blazing,Konoha,0
then i do this to one of them,6103,hellfire,no_location,0
owner of chicago area gay bar admits to arson scheme frank elliott pleaded guilty to hiring an arsonist to to,642,arsonist,United States,0
top insurer blasts lack of australian govt action on disaster mitigation via,4026,disaster,no_location,1
we will be burning up like neon lights,1892,burning,"Caracas, Venezuela.",1
hello yeah we have someone drowning here send a medic,4264,drowning,New Jersey/ D.R.,1
gaping sinkhole opens up in brooklyn new york,8654,sinkhole,NY,1
chinas stock market crash are there gems in the rubble chinas stock market crash this summer has sparked,8337,rubble,no_location,0
do you ever just want to obliterate an entire species off the face of the earth i vote for mosquitoes,7374,obliterate,no_location,0
the horrific story of being a hostage the horrific story of being a hostage its and on a british,6312,hostage,Global,1
bed time dont wake me up unless revolution or armageddon start,452,armageddon,"Alphen aan den Rijn, Holland",0
the hobbit the desolation of smaug ed sheeran i see fire hd,3633,desolation,??????,0
nz hollywood movie about trapped miners released in chile hugomatz,9795,trapped,WORLDWIDE!,0
but if you build an army of dogs and their leader is a lion all dogs will fight like a lion,513,army,Studio,1
hopefully it doesnt electrocute your heated blanket lmao,4401,electrocute,no_location,0
come on ik will face mcourt for attacking parliment and hijacking tv station,6271,hijacking,no_location,1
people who say it cannot be done should not interrupt those who are doing it george bernard shaw,193,aftershock,304,0
we need these plants in the pacific during the cyclone seasons it would help,2817,cyclone,no_location,1
let her go passenger,4430,electrocute,Here.,0
bigamist and his first wife are charged in the deaths of his second pregnant wife her child her news,3064,deaths,no_location,0
imagine having kp and root wed demolish everyone,3284,demolish,London,0
emergency crews respond to chemical spill downtown beaumont benews,2221,chemical emergency,"Beaumont, TX",1
the storm a violent swell of emotions then nothing,10183,violent storm,??? ???? ?f glory. ?,0
whats happening a destruction indeed,3778,destruction,Yooooooo,0
quality metrics penalties may harm patient care pcps say primary care physicians generally hold positive vi,5885,harm,Global,0
the drought is real,4128,drought,Football Field,1
omg if cain dies i will be an emotional wreck emmerdale,10729,wreck,Norwich,1
everydaynaija flood two people dead houses destroyed in kaduna,3715,destroyed,everydaynigerian@gmail.com,1
if i could i would have been by at work but got injured and we have security concerns they must settle this is torture,6459,injured,"Sacramento, CA",0
more than families affected by the fatal outbreak of legionnaires disease in edinburgh are to sue two comp,7552,outbreak,Indonesia,1
islamic state group in egypt threatens to kill croat hostage,6303,hostage,Roaming around the world,1
building the perfect tracklist to life leave the streets ablaze,67,ablaze,no_location,0
wired business reddit will now quarantine offensive content,7822,quarantine,all over the world,0
haunting memories drawn by survivors,9405,survivors,"Dallas, TX",1
ngata on injury list at start of practice for lions,6583,injury,Baltimore,0
hey esh,9982,tsunami,Land Of The Kings,0
books a flight to burma when country is enduring political unrest and a natural disaster no wonder it was so cheap ay,7227,natural disaster,no_location,1
novices renison mine sees seismic event a small earthquake at tasmanias renison tin project has created a tem,4351,earthquake,Sydney,1
thunder outside my house this afternoon gawx,9600,thunder,"Macon, GA",1
three beached whales rescued in kerry,8131,rescued,Ireland,1
remaining sections of greystone psychiatric hospital under demolition pic,3364,demolition,"Murray Hill, New Jersey",0
wld b a shame if that golf cart became engulfed in flames boycottbears,4688,engulfed,no_location,0
satellite spies super typhoon soudelor from space photo,10090,typhoon,Evergreen Colorado,0
black eye a space battle occurred at star m involving fleets totaling ships with destroyed,805,battle,USA,1
success is not built on success its built on failure its built on frustration its built on catastrophe real,2157,catastrophe,@UntmdOutdoors #T.O.R.K,0
palestinian teen killed amid protests against arson attack,569,arson,USA,1
bend post office roofers cut gas line prompt evacuation,4833,evacuation,USA,1
storm headed towards idaho falls with blowing dust winds to mph us hwy i look out idwx,4328,dust storm,"Pocatello, ID",1
demolition company der abbruchsimulator,3372,demolition,??????,0
im hampered by only liking cross body bags i really like ella vickers bags machine washable,1524,body bags,Menlo Park. SFO. The World.,0
who is tomislav salopek the islamic states most recent hostage,6301,hostage,Indiana,0
read this already in but it was and remains one of my favorite articles ever lets like demolish laundry,3283,demolish,us-east-1a,0
they shall be annihilated and all of their petebests dessicated and laid bare then you shall kneel before me,297,annihilated,"Horsemind, MI",0
just thought id let you all know its probably not a good idea to plug in your hairdryer when its wet you will be electrocuted,4471,electrocuted,Oblivion?,0
police man killed ex grandmother after son wasnt named after him omg absolutely crazy,7784,police,no_location,1
emergency services committee and personnel committee meeting on thursday night,4607,emergency services,no_location,0
you are the avalanche one world away my make believing while im wide awake,787,avalanche,Philippines,0
i liked a video darude sandstorm,8399,sandstorm,United States,0
an wheeler came along and struck the fire truck spinning it around degrees and causing it to roll over,5371,fire truck,Here & There,1
oh yeah my ipod almost exploded last night i was using it while charging and shit was sparking akxbskdn almost died,4953,exploded,elizabeth king,1
idek how is there people who actually think hes a terrorist,9519,terrorist,Niall's arms,0
yeah i know but blaze blue dont have a twitter lol i drew this a few weeks ago,960,blaze,Durham N.C,0
did that look broken or bleeding,1044,bleeding,"Florida, USA",0
catching up on gbbo and omg that girls cake that just totally collapsed i feel so bad,2363,collapsed,"manchester, uk.",0
its going on three years that we have been separated sometimes you have to let a man know you will leave him that u can survive without,9321,survive,nj/ny,0
uk police link tunisian beach massacre with bardo museum attack,6948,massacre,Minneapolis - St. Paul,1
susinesses are deluged with invoices make yours stlnd out with colour or shape and its likely to rise to the top of the pay pile,3211,deluged,no_location,0
being bestfriends with your high school crush,2663,crush,no_location,0
displaced by ocean township apartment fire newyork,4087,displaced,New York,1
hi ashayo i believe there will be vods on youtube after the presentation but there is nothing like seeing it live,1190,blizzard,Sydney,1
flames visible from fire in tucson mountains a lightning caused fire burning in steep rocky terrain in mountains,1890,burning,"Black Canyon New River, AZ",1
butt trauma extraordinaire,9828,trauma,no_location,1
its a mudslide its like chewing on a rubber tyre and with those im done vaginaorcake gbbo,7174,mudslide,The Pumpkin Carriage of Dreams,1
ink entertainment addresses veld evacuation and refund status trc via,4847,evacuation,"ÌÏT: 43.631838,-79.55807",0
its fine baby i was screaming at the tv x,8509,screaming,Û¢OlderCandyBloomÛ¢,0
then dont,9697,tornado,no_location,0
faan orders evacuation of abandoned aircraft at mma faan noted that the action had become necessary due to re,4812,evacuation,no_location,1
strongly condemn attack on ary news team in karachi a cowardly act against those simply trying to do their job,683,attack,FIMAK A.S Ist Bolge Muduru,1
suicide bomber kills in saudi security site mosque reuters,9169,suicide bomber,Indonesia,1
a thought on not dismantling our weapons yet,10351,weapons,no_location,0
the links to watch the show better work or i might electrocute someone,4445,electrocute,no_location,0
u on dick,608,arsonist,ss,0
slicker than an oil spill,7529,oil spill,no_location,0
sooo police dispatch said there was a person threatening to shoot up the walmart on rutherford they had to evacuate,4742,evacuate,no_location,1
kendall jenner and nick jonas are dating and the world might quite literally explode,4882,explode,"Washington, D.C.",1
a little filming inside a nuclear reactor at chernobyl,7332,nuclear reactor,"Denver, CO",0
im afraid that the tornado is coming to our area,15,missing,no_location,1
ancient mayan tablet with hieroglyphics honors lowly king a year old mayan stone tablet describing the,10141,upheaval,"Hamilton, Ontario CA",0
even the one that looked like a mudslide,7194,mudslide,no_location,0
sometimes god uses sorrowful tragedy to set the stage for glorious redemption david platt run for,9717,tragedy,'Merica,0
ya boy clip vs kus full battle,800,battle,NYC,0
civil rights continued in the s and what about trans generational trauma if anything we should listen to the americans,9831,trauma,no_location,0
a mudslide,7179,mudslide,"Holly Springs, NC",1
best believe all the wrong decisions are being made out here in these memphis streets during this here rainstorm lol my folk doe,7945,rainstorm,North Memphis/Global Citizen,0
sound judgement by mpc premature rises could derail recovery business,3452,derail,"Dorset, United Kingdom",1
the man who can drive himself further once the effort gets painful is the man who will win roger bannister,149,aftershock,304,0
why must i have a meltdown every few days,7070,meltdown,no_location,0
the windstorm blew thru my open window and now my bong is in pieces just another example of natures indifference to human suffering,10580,windstorm,(a) property of the universe,0
england east coast dogger bank westward seismic survey in progress by m v western regent towing a metre long cable within area,8637,seismic,UK,0
blazing hot etisalat free mb for complete months etisalat is giving out mb on tecno q here is the ime,1022,blazing,Nigeria,0
is claims suicide bombing against saudi police an islamic state group suicide bomber on thursday detonated an,9180,suicide bomber,no_location,1
when your heart is bigger than the obstacles in front of you euro dontexpectnothing july fire,5354,fire,"Yuba City, CA",0
thanks dante do join us by following the zone johnny,389,annihilation,no_location,0
earthquake sismo m km s of volcano hawaii time utc at,10212,volcano,ARGENTINA,1
police officer wounded suspect dead after exchanging shots,10587,wounded,"Maracay y Nirgua, Venezuela",1
theres a fire in the catalinas looks kinda cool this picture doesnt do it justice,5346,fire,Arizona,1
that new lil b x chance is nothing but flames,5477,flames,houstn,0
suspect in latest theater attack had psychological issues,660,attack,"Tucson, Az",1
official vid thereal armageddon comin soon,493,armageddon,#FLIGHTCITY UK,0
pandemonium iso psp,7610,pandemonium,??????,0
agreed there especially on automatic weapons theres no legitimate reason for needing one,10337,weapons,Proud @BuckMasonUSA supporter!,1
stretcher in min speaker deck,9020,stretcher,Docker container,0
but the government will not care police will stop rioting eventually of protestors eventually some skyscrapers become plant covered,8242,rioting,hertfordshire.,1
namjoons fantastic is bomb bye omg,1537,bomb,travelling to tae's pants,0
year old ring fort to be demolished,3345,demolished,Kilkenny,0
cyclone by double g would be the cherry on top to this outfit ootd doubleghats,2852,cyclone,Made in America,0
after a few years afloat pension plans start sinking again,8693,sinking,Sacramento,1
refugio oil spill may have been costlier bigger than projected,7503,oil spill,California,1
late night mcdonalds with friends hilarious although my car is wrecked and theres half a steak pastie in the industrial estate,10786,wrecked,Robin Hood's County,0
if you go on with this nuclear arms race all you are going to do is make the rubble bounce winston churchill,8295,rubble,no_location,0
lol i was a traumatised child on wednesday releases topic for thursday hashtag game this is this weeks xoxo,9896,traumatised,no_location,0
mtr issues hazardous weather outlook hwo,6026,hazardous,no_location,1
stay tuned or dont idc casualties,2050,casualties,"Inglewood, CA",0
i dead ass screamed when we signed him i couldnt fucking believe it,8459,screamed,Nirvana,0
student electrocuted to death in school campus,4496,electrocuted,no_location,1
remembering pittsburgh eyewitness history of steel city by len barcousky pb penn,5013,eyewitness,no_location,0
best grill u fkn pleb,3380,demolition,no_location,0
reviews pixelsmovie not a catastrophe nor a funny movie our review here,2129,catastrophe,no_location,0
heavy rain gusty winds and vivid lightning moving east through the triad now,6772,lightning,"Greensboro, North Carolina",1
brooke just face timed me at the concert and just screamed for minutes straight,8463,screamed,ny,0
the latest more homes razed by northern california wildfire the latest on wildfires burning in california and,7963,razed,"Tulsa, OK",1
imagine getting flattened by kurt zouma,5554,flattened,"Keighley, England",0
never dies a big crime like rabaa massacre as long the revolution is being observed rememberrabaa,6961,massacre,no_location,1
esh please okay,9990,tsunami,COMING SOON,0
beautiful sweet avalanche faith and akito roses with lots of frothy gyp weddinghour,761,avalanche,"London, Kent & SE England.",0
so when youre caught in a landslide ill be there for you and in the rain give you sunshine ill be there for you,6687,landslide,The Circle of Life,0
photo boyhaus heaven sent by jake after a very warm morning on montanas madison river a early evening,3184,deluge,617-BTOWN-BEATDOWN,0
ill cry until my pity partys in flames,5476,flames,no_location,0
i liked a video from dj hazard death sport,3016,death,The UK,0
study wider variety of therapies could help vets troops with ptsd via,7142,military,no_location,0
marketforce perth named winner of sirens round for iinet nbn buffering cat shark radio spot,8815,sirens,Sydney,0
youre the snowstorm im purified the darkest fairy tale in the pale moonlight,8906,snowstorm,"Louisiana, USA",0
any disaster impairs mental health especially in vulnerable individuals,7280,nuclear disaster,no_location,1
my ipod crashed weloveyoulouis mtvhottest one direction,2619,crashed,no_location,1
sharing to help our cousins family,5195,fatalities,Wisconsin,0
bruh you wanna fight im down meet me in the cage bro better find out who youre dealing with before you end up in a body bag,1395,body bag,"Greenville,SC",0
prayers for my cousin hes in california helping with the wild fires,10450,wild fires,"Dallas, TX",1
m chapoutier crozes hermitage so much purple violets slate crushed gravel white pepper yum france wine dc,2752,crushed,"Liberty Lake, WA",0
israel continues its demolition of palestinian homes gop potus irandeal isis,3379,demolition,no_location,1
npzp mhtw fnet officials alabama home quarantined over possible ebola case abc news,7880,quarantined,no_location,1
the utopian impulse inevitably ends in gulags and mass murder,6875,mass murder,no_location,1
i dont laugh out loud at many things but man i really lol the big bang theory,6848,loud bang,no_location,0
for these californians its like living in africas sahel desert just finding water a daily chore,4132,drought,"austin, texas",1
but even if the stars and moon collide i never want you back into my life,2410,collide,no_location,0
i entered to win the entire set of butterlondon lip crayons via go enter bbloggers,1283,bloody,Ivano-Frankivsk,0
vehicle hijacking in vosloorus gauteng on at white toyota conquest bkb gp,6269,hijacking,no_location,1
baltimore city i north at mp fort mchenry tunnel bore collision i north at mp fort mchenry tunnel bore nort,2519,collision,Maryland,1
for some reason knocking on someones door at am in a snowstorm while wearing footed pajamas is not the best way to get into their bathroom,8899,snowstorm,New Jersey,0
pakistans supreme court rules to allow military trials for suspects in terrorism cases,9467,terrorism,no_location,1
the kids at the orphanage were obviously not too traumatised,9873,traumatised,no_location,0
the twitter update pretty much wrecked the app,10802,wrecked,"Click the link below, okay",0
screams at my own mother,8591,screams,texas,0
molecularly targeted cancer therapy for his lungcancer gave rocky his life back,9417,survivors,"Philadelphia, Pennsylvania",0
i fail to see how that would not bring the number of road fatalities down immensely,5204,fatalities,The North,0
suicide bombing for daesh is rightly despicable suicide bombing for ocalan marxism they share our values,9197,suicide bombing,England,1
my brain id about to explode lmao,4883,explode,"Oklahoma City, OK",0
how to survive a dust storm,4307,dust storm,no_location,1
i learned more about economics from one south dakota dust storm than i did in all my years in college hubert humphrey,4330,dust storm,no_location,1
fire in pisgah national forest grows to acres,5716,forest fire,"Concord, N.C.",1
tells of the tragic mid morning collision which claimed the life of a young man riding a motorcycle,2536,collision,Saint Lucia,1
me dont bother calling or texting me because my phone is obliterated has k missed calls and messages,7408,obliterated,#freegucci,0
former heroin addict shares story as city leaders sound alarm city officials said emergency teams responded t,4537,emergency,Southern Maine,1
u know the music good when you hear the siren and you get chills,8791,siren,high way 99,0
china detains seven christians trying to protect their churchs cross from demolition,3395,demolition,"Washington, DC",0
not if one side is set on obliteration of govt and the other on fixing it thats too far,7459,obliteration,Maryland,0
now trending in nigeria police charge traditional ruler others with informants murder,7759,police,Nigeria,1
bst traffic a paris a geneva a mons a hamburg a hanover a karlsruhe gotthard n b,6663,landslide,London,1
nowplaying the lightning strike de snow patrol de a hundred million suns,6781,lightning,Elchilicitanierraversal,0
even staying up all night to he barrier for t p and then having to run through a dust storm and almost passing out,4341,dust storm,"Atlanta, GA",1
so does austin smoke too since he agreed to that name or what lol no,8875,smoke,3.28.15|7.20.15|7.25.15,0
yelp bolsters health care reviews with investigative journalism sick and injured patients at a local er are t,6445,injured,"Paterson, New Jersey",1
cyprus news analysis mullah omars death may split talibans ranks omars demise would certainly lead,3038,death,Cyprus,1
my room looks like a tornado passed through it and my ocd is not having it,9659,tornado,God is Love.,0
proud of you for watching the copalibertadores and the argentinean pandemonium,7608,pandemonium,no_location,0
cantwont tell how theyd respond to an oil spill trust them see sec kamloops,7527,oil spill,"Kamloops, BC",1
earthquake sismo m km e of anchorage alaska time utc,4377,earthquake,ARGENTINA,1
unpredictable disconnected and social casualty are my favorites how do people not like them,2076,casualty,no_location,1
complete solution to get rid of browser hijacker removal guide,6203,hijacker,no_location,0
friendly reminder that the only country to ever use nuclear weapons is the u s and it was against civilians,10344,weapons,Beirut/Toronto,1
more than a crush wce,2695,crush,w. Nykae,0
wwe k universe mode part obliterate via,7366,obliterate,United Kingdom,0
i wanna drink a little smoke a little,8860,smoke,no_location,0
police monitoring jihadis in poland via,8010,refugees,Ad Majorem Dei Glorium,1
kc kh mhtw fnet crews gaining on huge northern california wildfire cbs news,10486,wildfire,no_location,1
york co first responders compete to save lives in badges for blood paramedic ems,5448,first responders,no_location,0
you can stop panicking,7742,panicking,no_location,0
rt why sweden isnt venezuela there have been a few days of rioting in venezuela with the riots directed at gr,8274,rioting,no_location,1
no prob,6429,hurricane,no_location,1
greer man dies in wreck,10722,wreck,"Greenville, S.C.",1
my worst fear,5285,fear,"Thibodaux, LA",0
you mean olympic also its follow up for honshu operation coronet in all m allied casualties m japanese dead,2038,casualties,50% Queanbeyan - 50% Sydney,1
the lightning out here is something serious,6756,lightning,Georgia,1
wow what beauty lies within every storm taken today after a rainstorm at a b pipeliners,7913,rainstorm,Alberta,1
oh my god thats the biggest gbbo catastrophe i have ever seen not that i watch the show or am into it at all,2142,catastrophe,Lytham St Anne's,0
how the west was burned thousands of wildfires ablaze in california alone climate energy,83,ablaze,"Edmonton, Alberta - Treaty 6",1
demi stans really think heart attack sold million copies,653,attack,Selena | Britney | Hilary,0
np agalloch the desolation song,3643,desolation,Istanbul,0
st steel coffee cafetiere exploded this am with loud bang hot coffee grounds shot over table clean crockery phone tablet how,6843,loud bang,English Midlands,1
for maximum damage activate big band mode for old timey obliteration,7488,obliteration,Turkmenistan,0
i almost sent my coworker nudes on accident thank god for airplane mode,213,airplane accident,y(our) boyfriends legs,0
hes gone you can relax i thought the wife who wrecked her cake was a goner mind lol whoops,10829,wrecked,#NewcastleuponTyne #UK,0
when youre girlfriend is completely gorgeous woman crush stuff,2676,crush,"Bolivar, MO",0
only been back a whirlwind has hit jaiden started open his present straight away didnt even get chance get in sit down lol,10395,whirlwind,Canterbury kent,0
even you have to admit seras that sasha was a cute peice of ass then she exploded all over the sidewalk,4912,exploded,Trost District,0
humboldt cty sheriffs office has issued an evacuation advisory for residence in the lassics area more info at,4820,evacuation,"Eureka, California, USA",1
billionaires have a plan to free half a billion dollars trapped in venezuela for two years reports,9772,trapped,New York City,0
are souls punished with annihilation,363,annihilation,United States,0
families to sue over legionnaires more than families affected by the fatal outbreak of legionnaires disease in edinburgh are to,7547,outbreak,no_location,1
businesses are deluged with invoices make yours stand out with colo r or shape and its lzkely to rise to the top of the pay pile,3216,deluged,no_location,0
a traumatised dog that was found buried up to its head in dirt in france is now in safe hands this is such a,9890,traumatised,"Tring, UK",0
police man in his early s dies after shooting on vermont st,5122,fatal,"Buffalo, NY",1
reddits new content policy goes into effect many horrible subreddits banned or quarantined,7849,quarantined,"Cumming, GA",0
dnb newrelease edge jimmy summer rainstorm lapaka sounds via,7916,rainstorm,no_location,0
go too ibiza pop ah pill get drunk fall off a cliff real talk,2254,cliff fall,Somewhere.,0
if you loved me even a little youd put demolition in bo,3356,demolition,no_location,0
check out ameribag healthy back bag shoulder cross body backpack khaki tan beige nylon,1389,body bag,"Missouri, USA",0
i am a wreck,10687,wreck,no_location,0
th person dies in ny legionnaires disease outbreak sebee,7581,outbreak,"FCT, Abuja",1
please support this please cosponsor s and support aid for sick and injured responders renew health,6470,injured,Bronx NY,1
you can never escape me bullets dont harm me nothing harms me but i know pain i know pain sometimes i share it with someone like you,5903,harm,Gotham City,1
of the deaths in red light running crashes are pedestrians bicyclists other vehicle occupants that are hit by the red light runners,3060,deaths,"Voorhees, NJ",1
police respond to crash find suspected heroin,2593,crash,"Lancaster, Pennsylvania, USA",1
burned dog finds new home with young burn victim,1842,burned,"Oakland, CA",1
sigalert update n closed at fwy ufn trash truck fire,5372,fire truck,District 12 - Orange County,1
this friday palm beach county grindhouse series one night screening of texaschainsawmassacre,6953,massacre,"St. Louis, Mo",0
fedex no longer to transport bioterror germs in wake of anthrax lab mishaps,856,bioterror,US,1
fun instagramers jeb bush said earlier this week that not only does he want to obliterate planned parenthood bu,7352,obliterate,Seattle,0
my phone looks like it was in a car ship airplane accident terrible,241,airplane accident,Fashion Heaven. IG: TMId_,0
lava blast power red pantherattack,6706,lava,"Medan,Indonesia",0
we may be just a week away from school but i dont think the idea of me being a senior has really sunk in yet,9271,sunk,no_location,0
the ashes test match is currently more interesting than stupid congress rioting,8285,rioting,India,1
stl ace grille surface mounts speedtech lights amber emergency lights,4519,emergency,no_location,0
the stars are burning i here your voice in my mind,1873,burning,627,0
wildfire burns on california u s china economic net,10506,wildfire,no_location,1
if you wanna smoke cigs thats your own problem but when your breath smells like an old ash tray thats fucking disgusting,8881,smoke,no_location,0
tube strike live latest travel updates as london engulfed in chaos genuine baffling telegraph headline,4696,engulfed,London,1
things youll understand if you have trouble talking to people,9910,trouble,"Gold Coast, Australia",0
infosec rather you knew it or not your a firefighter now days you often run into burning buildings deal with it,1744,buildings burning,"Chicago, IL",0
there was a loud bang outside earlier and i check to find my dad on the floor after the chair he was sitting on broke,6810,loud bang,no_location,0
just saw a bomb squad car heading north on elliott with sirens on any word on where theyre headed,8810,sirens,"Seattle, WA",1
does homeowners insurance cover water damage here are some good things to know,2885,damage,"261 5th Avenue New York, NY",1
whirlwind head scissor on ktfounder remymarcel frofrofro,10419,whirlwind,Las Vegas,0
flood disaster bengal floods cm mamata banerjee blames dvc bjp claims state failed to use economic t,5676,floods,Global-NoLocation,1
grupdates pic of yr old pkk suicide bomber who detonated bomb in turkey army trench released,9134,suicide bomb,Nigeria,1
meditationbymsg ppl got method of meditation in u p got deluge of divine blessing happy n peaceful life,3198,deluge,no_location,0
i just screamed sidjsjdjekdjskdjd i cant stand you,8447,screamed,no_location,0
i cant watch tat show its like a horror movie to me i get flashbacks an everything traumatised,9866,traumatised,cork,0
bioterrorism on heiress evade lgl efforts prosecute blks kidnapg,921,bioterrorism,no_location,0
leezy its like youre about to fall down a cliff but youre grabbing my hand but my palms are sweaty why bruh,2260,cliff fall,At Da Laundry Mat Wit Nivea,1
again i didnt say it was i was referring to the main buildings was hit by rubble,8311,rubble,Phoenix Az,1
this from the city of calgary city of calgary has activated municipal emergency plan the municipal emergency,4553,emergency plan,"Calgary, AB",1
truth news bbc cnn islam truth god isis terrorism quran lies,9445,terrorism,no_location,1
as wild fires blacken northern california parched harris county becomes tinder box,10436,wild fires,Houston,1
two giant cranes holding a bridge collapse into nearby homes,1687,bridge collapse,no_location,1
trafficalert eastbound freeway at citrus ave in azusa two motorcycles involved in accident with one fully engulfed in flames in lanes,4657,engulfed,"Glendale, CA",1
have to laughtraders panicking over market down some see these as positive capitulation thats a joke more to come may be ugly,7695,panicking,Detroit,0
twelve feared killed in pakistani air ambulance helicopter crash,247,ambulance,Jackson,1
tried orange aftershock today my life will never be the same,185,aftershock,"Hermosa Beach, CA",0
still rioting in to gmail,8267,rioting,no_location,0
prez mr president you are the biggest terrorist and trouble maker in the world you create terrorist you sponsor terrorist,9940,trouble,no_location,1
daniel and from the time that the daily sacrifice shall be taken away and the abomination that maketh desolate set up,3573,desolate,no_location,0
epa begins demolition of homes in toxic area buffalo,3355,demolition,USA,1
i see that crazy how this line blew up,1082,blew up,"Greensboro, NC",0
i cant believe photo bombed a screenshot,1588,bombed,no_location,0
rohingya houses in kyee nockthie hamlet from taungbazar region in buthidaung were severely damaged in cyclone,2851,cyclone,no_location,1
fuck u specially there new shit first they hijack itunes now all sirius chan fuck off already haha just sayin,6175,hijack,no_location,0
how to restore vinyl siding and make it look new again,9001,stretcher,Florida,0
nema ekiti distributed relief materials to affected victims of rain windstorm disaster at ode ekiti in gbonyin lga,10550,windstorm,"Lagos, Nigeria",1
more like coffee and noodles burned,1856,burned,no_location,0
my sister rl burned all her boyfriend clothes recorded it sent it to him,1853,burned,no_location,0
element of freedom at mirage saturday ladies free before midnight,7617,pandemonium,"Durham, NC",0
mxaaaa south africans just cant appreciate effort stretcher was not that bad stop hating,9028,stretcher,south africa eastern cape,0
its all about understanding umntu wakho if you do and trust your partner then y ok u will know and wont fear to do anything,5273,fear,"Cape Town, Khayelitsha",0
i had no issues uploading death to smoochy or awakenings clips to but for some reason bicentennial man is being a pain in the ass,3036,death,USA,0
the pain of those seconds must have been awful as her heart burst and her lungs collapsed and there was no air and,2368,collapsed,Paris,1
stretcher brought out for vampiro cut to commercial isnt a good sign ultimalucha luchaunderground,9000,stretcher,Austin/Los Angeles,0
yeah i agree but its the shock factor that ropes people in if they just show devastation then it angers me,3959,devastation,no_location,0
ina buted girl crush,2664,crush,no_location,1
when do u think yankees hit the panic button troubleonmymind,7652,panic,"Toronto, Canada",0
the peoples republic of china proc abandon the west philippine sea and all the via,7348,obliterate,"Cavite, Philippines",0
autoinsurance industry clueless on driverless cars healthinsurance,9337,survive,no_location,1
bairstow dropped his buffet ticket there devastated for the lad,3932,devastated,no_location,0
bank manager asks tom in an interview what is cyclone tom it is the loan given to purchase a bicycle,2829,cyclone,"Hartford, connecticut",0
my vibrator shaped vape done busted,3006,death,no_location,0
so going to make any bomb threats,1543,bomb,Canada,0
obama keeps iraqi christian asylum seekers ndetention while flooding u s w unscreened muslims via,5635,flooding,Republic of Texas,1
amazon deal wait or buy,1181,blizzard,no_location,0
aftershock was the most terrifying best roller coaster ive ever been on disclaimer ive been on very few,162,aftershock,no_location,0
money cant buy happiness is just a lie we tell poor people to keep them from rioting,8246,rioting,SURROUNDED BY WEEABOOS,1
it is almost amazing to think someone thought suicide bombing would actually be a good idea,9208,suicide bombing,no_location,1
chinas stock market crash are there gems in the rubble forbesasia,8317,rubble,ON,1
landslide caused by severe rainstorm kills in italian alps,7958,rainstorm,UK,1
collapsed the moment i got home last night lol,2395,collapsed,GOT7SupportPH,0
please check into salt river horses help stop the annihilation about to happen without more signatures change org thx,361,annihilation,CA physically- Boston Strong?,0
last chance to work at the old ffa foodstand at the fairgrounds we are finishing demolition at am any help would be appreciated,3381,demolition,"Atlantic, IA",0
tram travellers evacuated after powerlines come down in surfers,4810,evacuated,"Gold Coast, Australia",1
check out want twister tickets and a vip experience to see shania click here at i would love love love to win,10028,twister,no_location,0
stats,1191,blizzard,no_location,0
another day another excellent porridge seriously people blood orange in porridge is phenomenal,1251,blood,canberra,0
another shooting in a movie theater this is getting more crazier but im glad they got the shooter no casualties,2034,casualties,"Brooklyn, New York",1
amazondeals skylanders trap team flip wreck character pack down to from sale,10723,wreck,United States,0
strong thunderstorm miles north of japton moving se at mph large hail and wind gusts up to mph poss arwx,5795,hail,Arkansas,1
photo hundreds of rescued migrants await disembarkment from an irish naval vessel at palermo italy,8140,rescued,Jakarta/Kuala Lumpur/S'pore,1
calling it now kia gets banned or quarantined before months end,7867,quarantined,USA,0
had to cancel my cats doctor appointment because she decided to go out and play and not come home by curfew,2786,curfew,"Elkhart, IN",0
here we fucking go with the injuries again whos next,6518,injuries,"Mesa, AZ",0
coastal german shepherd rescue oc shared a link animalrescue,8062,rescue,#HarleyChick#PJNT#RunBenRun,0
shut up freshman its past ur curfew u need some sleep u spend too much of ur time watching tv instead of going outside,2758,curfew,"antioch, california",0
bitches be takin pics with bags bigger than they whole body,1510,body bags,no_location,0
ohh there are bush fires in spain like every year one time when we went swimming there were planes getting water to fight,1991,bush fires,beacon hills,1
well done me everyone applaud me and how terrific i am and how i never ruin anything,8362,ruin,sheffield // rotherham,0
if blks whts colluded take wht f auth hostage make her look blk w bioterrorism use her lgl org idis id still hers,885,bioterrorism,no_location,1
hiroshima survivors fight nuclear industry in brazil video,9396,survivors,no_location,1
descriptions of wounded cats being exciting,10608,wounded,no_location,0
has japan ever truly come to terms with devastation and mass murder of millions of chinese and others with traditional weapons,6870,mass murder,no_location,1
my dell tablet screams with win,8576,screams,no_location,0
my biggest fear is that eventually you will see me the way i see myself,5297,fear,New York. NY,0
new photo oak in a snowstorm taken in winter on the southdowns hampshire photography art tree treeporn,8905,snowstorm,"Hampshire, UK",1
typhoon soudelor when will it hit taiwan and how bad will it be generalnews,10072,typhoon,no_location,1
auspol can you see the resemblance between abbott campbell both are loud and came in with a big bang out the same way lets see,6815,loud bang,Photo : Blue Mountains,0
its a tie dye explosion on ig help me im drowning in tie dye,4973,explosion,no_location,1
exploring new worlds three moments of an explosion by china miéville,4974,explosion,no_location,1
fuck neil go fall off a cliff or something yr,2256,cliff fall,Neverland,0
sabotage i rule out structural failure,9080,structural failure,Warm Heart Of Africa,0
rt naayf first accident in years turning onto chandanee magu from near mma taxi rammed into me while i was halfway turned everyone conf,129,accident,Maldives,1
death on railway track why rains cannot take all the blame derailment is not very common last year less th,3506,derailment,no_location,1
i need a spot w some drink specials im kinda tired of the epicentre,4705,epicentre,CLT,0
setting things on fire is always an option,5324,fire,no_location,1
lol usually but im being objective here maybe uncle ben of course most deaths end up business as usual,3071,deaths,Wakanda,0
is he about to crash did the queen die did something explode who knows,4879,explode,The Windy City,1
all hail the cloud,5814,hail,Paradise City,0
i dont pray harm on members of isis i pray they experience the life rebooting love of god become pauls in gods mind blowing final act,5899,harm,no_location,0
i need a thunderstorm please,9656,thunderstorm,NC,0
severe t storm warning for union county pm top threats include heavy rain lightning damaging winds,8976,storm,"Charlotte, NC",1
new york a whirlwind day of activities in new york breakfast at the millennium hotel united nations plaza lunch,10401,whirlwind,London,0
next man up ah screw this im so tired of injuries what happened to camp cupcake more like camp cramp and break,6494,injuries,Scottsdale. AZ,0
printable emergency plan templates,4548,emergency plan,"Antioch, CA",0
some old testimony of weapons used to promote conflicts tactics corruption infiltration of groups,10361,weapons,Multinational *****,0
the court system is truly broken indeed but then its no surprise based on who its run by,10721,wreck,Greenville,0
naturaldisasters as california fires rage the forest service sounds the alarm about rising wildfire costs,5739,forest fires,no_location,1
thunderstorm in helsinki thunder lightning lightningstrike thunderstorm nature helsinki,9652,thunderstorm,Helsinki,1
i screamed at the end oamsgajagahahah im laighign otrametlife,8477,screamed,PA.USA,0
did anyone else see that fireball falling to earth look like a plane blew up,1122,blew up,no_location,1
brooklyn locksmith domesticate emergency mechanic services circa the clock movement gba,4614,emergency services,no_location,0
do you feel deluged by low self image take the quiz,3242,deluged,Newcastle,0
people are more worried about the burning of buildings than black people losing their lives disgusting,1754,buildings burning,Selma2Oakland,1
i think that none of us know the impact we have on the lives of those around us even the slightest stirring can create a violent storm,10193,violent storm,"Newcastle, OK",0
no idea what this means look at our violent crime rate without weapons ban guns we become like mexico not australia,10379,weapons,no_location,0
i have the forrest version from thats bloody awful as well xxx,1288,bloody,"England,UK,Europe,Sol 3.",0
believe it or not weve had too much rain here our newly planted maple trees are actually drowning,4273,drowning,"Madison, WI",1
nasahurricane eastern pacific full update satellite sees formation of eastern pacifics tropical storm hilda th,8979,storm,EspaÌ±a - Spain - Espagne,1
musician kalle mattson recreates classic album covers in clever music video for avalanche,759,avalanche,UK,0
traffic collision ambulance enroute elkhorn blvd at walerga rd sacramento,2540,collision,"North Highlands, CA",1
suicide bomber kills at saudi mosque,9177,suicide bomber,Moscow,1
crushed it,2709,crushed,no_location,0
this is about to be a bomb ass firework picture,1533,bomb,wny,0
feel like ive been flattened by a sumo wrestler no pain no gain muaytai wantmyabsback strong,5517,flattened,"Astley, Manchester",0
im going to put the ffvii ones out at the weekend so i think pandemonium dont forget the exclamation mark would be midweek,7603,pandemonium,Scotland,0
do anything to fix that of the few people he had every trusted in his life charles was one of the casualties,2039,casualties,no_location,1
on plus side look at the sky last night it was ablaze,53,ablaze,"London, UK",0
oun continues severe thunderstorm warning for oklahoma ok till pm cdt,9644,thunderstorm,no_location,1
psalms the lord redeemeth the soul of his servants and none of them that trust in him shall be desolate,3588,desolate,no_location,0
why are you engulfed by low self image take the quiz,4674,engulfed,Newcastle,0
need a team we need one,5233,fatality,Grand Rapids MI,0
completely understandable considering the trauma ptsdchat,9818,trauma,no_location,0
the opposite of love is fear heres why,5278,fear,no_location,1
families to sue over legionnaires disease outbreak in edinburgh bbc news,7584,outbreak,SÌ£o Paulo,1
storm batters top half of north island a violent overnight storm has battered the upper north island uprootin,10201,violent storm,New Zealand,1
what would it look like if hiroshima bomb hit detroit thursday marks the year anniversary of the united s,1569,bomb,no_location,1
turkish troops killed in kurdish militant suicide attack,9210,suicide bombing,USA,1
i wish i could get victorias secret on front im good for it,2932,danger,Hailing from Dayton,0
i really wants a rolo blizzard but mom said no so i guess no dq tonight,1189,blizzard,"Waukesha, WI",0
meet the man who survived both hiroshima and nagasaki,9348,survived,NYC,1
rt skanndtyagi wired reddit will now quarantine offensive content,7803,quarantine,"Mumbai, Maharashtra",0
i liked a video from minecraft skywars o blaze que usa hack e flechadas sinistras,951,blaze,Rio de Janeiro,0
years after atomic bombs japan still struggles with wartime past the anniversary of the devastation wroug,3958,devastation,no_location,1
explosion in gaza strip kills four wounds cause unknown via,10677,wounds,Earth: Senseless nonsense,1
you literally almost had a head on collision with us today on pilot knob,2505,collision,'soooota,1
what do you take me for im not a mass murderer just the one,6928,mass murderer,Chester Football Club,0
holy crap its been forever since i saw this movie but the nostalgia wave just hit me like a tsunami thank youuu,9998,tsunami,no_location,0
i completely understand because i just woke up like minutes ago and im burning,1917,burning,[ kate + they/them + infp-t ],0
cultivating joy in the face of catastrophe and suffering pjnet tcot ccot,2111,catastrophe,"West Virginia, USA",0
a better look at what this catastrophic rain and flooding has done to our,2191,catastrophic,no_location,1
i still dont know how hours of physical activity in the blazing sun isnt a sport,1026,blazing,"Pennsylvania, PA",0
kakeru teduka bfore years of today in hiroshima its exploded the one atomic bomd it is so sad day,4913,exploded,?????? in Yokohama Japan,1
i would like to electrocute everyone who uses the word fair in connection with income tax policies william f buckley jr,4438,electrocute,"Texas, USA",0
hi i thought that i recognised your smile i believe that the emergency services are the best performing arts followers simon,4642,emergency services,"Birmingham, England",0
run out evacuation hospital indexing remedial of angioplasty dissertation at power elite hospitals dismayed,4830,evacuation,no_location,1
dw hundreds feared drowned as migrant boat capsizes off libya hundreds of migrants are,4211,drowned,WorldWideWeb,1
breaking police officers arrested for abusing children at police run boot camp in san luis obispo calif,7748,police,"New York, NY",1
not ready for this heat wave i dont want the sun to come back out im enjoying this break of cooler temps,6060,heat wave,no_location,1
the secrets of the storm vortex the lightning catcher book,8956,storm,no_location,0
jun yemenis search for survivors under the rubble of houses in the old city of sana following an,8315,rubble,no_location,1
interesting approach but doesnt replace eyewitness video the ferguson case video,5025,eyewitness,no_location,1
paul craig roberts vladimir putin issues major warning but is it too late to escape a brics roberts russia,490,armageddon,no_location,1
an indepth look at the new world of work and how young people businesses and economies are coping with huge upheaval,10119,upheaval,"Auckland, New Zealand",0
wow where is this for the rest of the summer i usually have to worry about forest fires calgary is about hours away,5741,forest fires,"alberta, canada",1
ir icemoon aftershock dubstep trapmusic dnb edm dance ices,151,aftershock,Switzerland,0
this is the natural and unavoidable consequence of socialism everywhere it has been tried f,7241,natural disaster,America of Founding Fathers,0
a train isnt made to withstand collisions immediate derailment its totally fucked,3528,derailment,Los Angeles,1
you picture buildings burning to the ground from the basement to the streetlight im not your drinking problem a hole is in the sky,1967,burning buildings,"Tucson, Arizona",1
i wow alright sansa shook her head and blinked rapidly as the new information sunk in i really dont know what,9265,sunk,{GoT | Modern AU | Lizz},0
epilepsy claims another common and still a challenge to treat superhero toddler with rare epilepsy dravet drowns,4276,drowning,University of Chicago,0
why does it say silas sliced in that headlinelike someone chopped him up like a piece of cabbage gh,3743,destroyed,"Illinois, USA",0
you cant watch home alone without telling your kids she used to be on casualty homealone film,2082,casualty,LIVERPOOL,0
no lender fees for veterans or first responders past and present on,5460,first responders,"St. Louis, Missouri",0
photo prettyboyshyflizzy lol she trapped them into that so beautifully,9762,trapped,"LITTLETON, CO, USA, TERRAN",0
cant believe ross is dead emmerdale summerfate,3001,dead,Milton Keynes,0
when push left talk ecology human rts democracy war afghetc left humanitarian bombing,1653,bombing,Toronto-Citizen of Canada & US,1
i presume my timeline will be inundated with soggy bottom lashings of moist tweets now d,6597,inundated,The Main,0
amazon prime day quick takeaways from amazons magnificent train wreck,10732,wreck,"Plano, IL",0
new evacuation ordered for homes in danger of hwy fire near roosevelt wash koin news,4769,evacuated,"Portland, Ore.",1
setting success bells toll in hiroshima as japan marks years since atomic bombing news smallbusiness entrepreneur,1643,bombing,no_location,1
police expand search for missing pregnant woman in beloeil police in richelieu saint laurent are expanding th,7761,police,no_location,0
what if every wins in ranked play gave you a special card back would be cool for the long te,1179,blizzard,no_location,0
dutch crane collapses demolishes houses dramatic eyewitness video captures the moment a dutch crane hoisting,5019,eyewitness,canada,1
the murderous story of americas first hijacking earnest pletchs cold blooded killing of,6247,hijacking,World,1
im only experienced with injuries below the waist,6497,injuries,no_location,0
anchorage jobs emergency medicine nurse practitioner healthcare recruitment counselors wasilla ak em,4527,emergency,"Anchorage, AK",0
i hear the mumbling i hear the cackling i got em scared shook panicking,7702,panicking,?,0
growingupspoiled going clay pigeon shooting and crying because of the aftershock,160,aftershock,no_location,0
my brother is crying cause the thunder lmao,9591,thunder,no_location,0
and not too much danger please,2927,danger,Spinning through time.,0
funnynews business watch the moment a cliff collapses as huge chunks of rock fall onto a road in china,2267,cliff fall,no_location,1
pbban temporary fighterdena armageddon do not kill flags only fast xp for reason,465,armageddon,"California, United States",0
credit to for inspiring me to rediscover this fantabulous tbt,649,attack,NYC,0
juan carlos salvador the secret tips to get riot points lol are out now check the secret on on my bio,8235,riot,"Los Angeles, CA",0
i felt bad for romero he cared but mental stuff sunk his career i worry same thing will happen to hutch bluejays,9287,sunk,no_location,0
how can we help save a beautiful town in ontario from destruction by a power plant developer,3750,destruction,All Around the World,0
where did you get that pic from where it shows that there is trophies for outbreak or did they photoshop it,7576,outbreak,"Nottingham, United Kingdom",0
the latest more homes razed by northern california wildfire abc news,7960,razed,no_location,1
dr jack stern interview ending back pain for military injury listen now,6556,injury,Los Angeles,0
you know how they say the side effects low really fast son the product was an acne cream why of the side effects was bloody diarrhea,1304,bloody,no_location,0
ks except every character is shizune the world would explode,4875,explode,"Yamaku Academy, Class 3-4",0
california spring oil spill estimate grows by the associated press via nyt,7502,oil spill,Amarillo,1
my gang walking round with them brown flames thats nd,5480,flames,"Asheville, NC",0
why is there something in place to prevent skynet because perhaps there should be,10372,weapons,no_location,0
fair enough we have two of the best attacking wingers in the prem in hazard and willian who will basically start every game,5982,hazard,ilford,0
appears to already be arriving in ridah in body bags,1487,body bags,Wisconsin,0
israel wrecked my home now it wants my land,10795,wrecked,"Santa Cruz, CA",1
the storm prediction center has expanded the slight risk area to include more of central nc twcnews ncwx,8971,storm,"Raleigh, NC",1
article by michael jackman at metro times detroit the group later downgraded the estimate to square miles of,1175,blight,"Detroit, MI, United States",0
angry mistrustful rescued elephant finds peace and friendship in her new home photos via,8138,rescued,Canada,0
lol more than welcome,6393,hurricane,no_location,0
there is no victory at bargain basement prices dwight david eisenhower,153,aftershock,304,0
the pastor was not in the scene of the accident who was the owner of the range rover,114,accident,"Njoro, Kenya",1
government experts concerned about possible bioterrorism using gm organisms scientists are concerned that the,902,bioterrorism,timeline kamu,1
ever seen by far a dreamy look came over his face and his ears flattened as he started to walk slowly toward her youd,5559,flattened,Rocketing through the galaxy,1
much of which has to do with lebanon s attack iran hostage crisis libya pan am,6322,hostage,New Chicago,1
take this china get demolished and sent back to the fucking stone age,3335,demolished,no_location,0
shadow boxing the apocalypse,442,apocalypse,no_location,1
the devastation when you smash your phone,3975,devastation,Devon/London,0
if it makes you feel any better im level and still get demolished,3311,demolished,Canada,0
understand that there are no fatalities as no one was trapped inside the wholesale market fire engines and fire fighters on scene,5171,fatalities,Wolverhampton/Brum/Jersey,1
ignition knock detonation sensor connector connecto motorcraft wpt,3849,detonation,no_location,0
that was the l udest thunder ive ever heard,9592,thunder,no_location,0
new post on my blog thesensualeye model cam damage toronto apr nsfw pussy ass boobs asian nude,2888,damage,no_location,0
and my fam had to evacuate bc we need power,4758,evacuate,Û¢901Û¢,1
european fitba till christmas armageddon,483,armageddon,East Kilbride,0
t dog had been holed up in an apartment store with several other survivors glenn morales andrea jacqui and merle,9435,survivors,Anywhere Safe,1
is ross dead noooooooooooo,2988,dead,You're not 19 forever,0
waiting for an ambulance,263,ambulance,"Swindon,England",0
i am an eyewitness ha,5015,eyewitness,East London.,0
lava dragon breeder i just bred a lava dragon in dragonvale visit my park to check it out,6711,lava,no_location,0
im a friggin wreck destiel sucks read the vine description,10691,wreck,?currently writing a book?,0
japans restart of nuclear reactor fleet fast approaches,7318,nuclear reactor,"New York, New York",1
i wanna see you reboot the fresh prince of bel air bring back the original cast and everything do nothing that will ruin the show,8387,ruin,youtube.com/channel/UCHWTLC9B4ZjUGh7yDlb55Iw,0
horror films are made by incredibly creative artists we interviewed of them in depth for the anatomy of fear,5283,fear,Bedford IN,1
i can destroy u,3670,destroy,no_location,0
killed as kamayani express janata express derail in madhya pradesh ex gratia announced,3432,derail,Nairobi,1
a demoness with the voice of an angel like a sirens call beckoning me to the void dont on this,8753,siren,"Tampa, FL",0
tonight its going to be mayhem playthursdays everybody free w text i st nw,7009,mayhem,no_location,0
food crematoria provoke outrage amid crisis famine memories,5063,famine,"New York, USA",1
climate consequences u s forest service says spending more than half of budget on fires,5772,forest fires,no_location,1
anyway the old lady went on i have something to ask of you and you alone the coming tsunami,9983,tsunami,"Winter Park, Colorado",0
fylde building set to be flattened one of prestons city centre iconic buildings is disappearing from the skyline,5538,flattened,"Chorley, Lancashire, UK",0
he was injured he is a pro bowl back,6482,injured,Avon,0
injuries illnesses and fatalities latest numbers,5178,fatalities,no_location,1
crash test trailer paul scheer rob huebels comedy special recorded on a,2602,crash,"San Francisco, CA",0
please allow me to reiterate its not the weapon its the mindset of the individual professional help legion,10289,weapon,"BROOKLYN, NYC",1
i went to pick up my lunch today and the bartender was holding my change hostage because he wanted my number,6325,hostage,no_location,1
three israeli soldiers wounded in west bank terrorist attack via r worldnews,9529,terrorist,no_location,1
wreckage conclusively confirmed as from mh malaysia pm investigators and the families of those who were,10735,wreckage,Mumbai,1
glimpses hyderabad deluged by heavy rainfall,3212,deluged,"Karachi, Pakistan",1
that song have a cool beat like nothing but trouble,9946,trouble,Manila City,0
happy birthday i miss you so much i hope you have a great birthday,8983,storm,Desert Storm?? |BCHS|,0
pray for east coast forest fires pray that they be put out pray for rain,5765,forest fires,no_location,1
that horrible sinking feeling when youve been at home on your phone for a while and you realise its been on g this whole time,8698,sinking,Every Where in the World,0
dangerous property in downtown phoenix demolished,3341,demolished,"Medford, Oregon",0
hiroshima bombing justified majority americans even today hindustan times,1654,bombing,Silicon Valley,1
canada hailstorm flash flooding slam calgary knocks out power to k customers,5868,hailstorm,facebook.com/tradcatknights,1
hail the new caesars,5828,hail,"Las Vegas, Nevada",0
dolla says wicked twister wont be running,10047,twister,no_location,0
esteemed journalist recalls tragic effects of unaddressed childhood trauma,9838,trauma,"Nashville, TN",1
last second outbid rt catlow c twister swivels dc fuel line made in usa please favorite shar,10025,twister,no_location,0
obama declares disaster for typhoon devastated saipan international,10077,typhoon,Unites States,1
being injury prone isnt actually just suffering injuries often,6504,injuries,North West London,0
last chance animal rescue has new posts animalrescue,8071,rescue,Sand springs oklahoma,0
it was nagaski another act of mass murder sanctioned and forgiven cause the allies won not by me,6849,mass murder,"Victoria, Australia, Earth",1
anthrax bioterrorism cdc to carry out extensive review of lab safety and pathogen handling procedures,883,bioterrorism,"Sydney, New South Wales",1
tons of cocaine worth million dollars drowned in alameda now thats a american drought coke,4238,drowned,"San Francisco, CA",1
pm hazard in high traffic area at deans bridge rd,5975,hazard,no_location,1
alabama home quarantined over possible ebola case an ambulance sat outside the university of alabama at,7881,quarantined,Ebola,1
whats cracking cuz,637,arsonist,ss,0
ive been meaning to harm you in the best way i see fit,5908,harm,TX,0
national briefing west california spring oil spill estimate grows documents released on wednesday disclos,7517,oil spill,NYC :) Ex- #Islamophobe,1
new ladies shoulder tote handbag faux leather hobo purse cross body bag womens rt en,1394,body bag,"California, USA",0
hes alright but hazard willian aint gonna be shifted easily,5974,hazard,no_location,0
something about kissing the ass of mass murderer doesnt sit right with me feels this is ok,6915,mass murderer,"San Diego, CA",0
only the sea knows how many are dead after last disaster in mediterranean turned into a massgrave,4006,disaster,no_location,1
makewaterwork okanagan drought rating maxed out okanagan valley westerncanadadrought,4108,drought,"Okanagan Valley, BC",1
go look just blew it up w atomic bomb,1080,blew up,Atlanta,0
bright blazing fireman birthday party weddings,979,blazing,"Dallas, TX",0
new ladies shoulder tote handbag faux leather hobo purse cross body bag womens,1402,body bag,Paignton,0
nice job calgary transit,5837,hailstorm,"Ab, Canada",0
what if he committed a mass murder,6863,mass murder,"Leicester, England",1
my friend came to school blasted i asked him if he was high he said pancakes then collapsed iowa city high,2354,collapsed,LiVE MÌS,0
what you gonna do now puppies no more destroying my iphone lightning cables,6754,lightning,"Seattle, WA",0
are users of this sub to be quarantined,7864,quarantined,no_location,0
eyes smile pretty smile good hair miss luhan in exo,10399,whirlwind,140920-21 & 150718-19 BEIJING,0
man somebody gotta stop sbee dude too fuckin funny blood,1263,blood,no_location,0
thank you now i dont have a city wide curfew,2768,curfew,no_location,0
i hope that mountain dew erodes your throat and floods your lungs leaving you to drown to death,5671,floods,canada,1
property casualty insurance rates up in july after several months of no movement commercial property casu,2063,casualty,no_location,1
pulse rifles after weapon tuning,10308,weapon,no_location,0
the fear of the lord is the start of knowledge but the foolish have no use for wisdom and teaching amsal,5304,fear,Indonesia,0
and put the taint there and that all that the magisters did was to open the gates and let the blight get away from it,1170,blight,Kama | 18 | France,0
gamma ray january worlds collide she waits be me wave past perfect reunion lucky cool if i come over hot times,2427,collide,Michigan,0
love is the weapon for this wounded generation,10609,wounded,no_location,0
good play along with her you may begin your operation with the death star the evacuation is nearly complete,4857,evacuation,The Empire/First Order,0
violent video ukraine rioters brutally beat police storm local admin building were all fighting back,10207,violent storm,3rd Eye Chakra,1
cyclone komen devastates families in myanmar this week we need to help them today,2826,cyclone,Vancouver (HQ) and worldwide,1
the pak terrorist who has been caught alive must be tried fast not delayed as kasabwe must send very hard message to pak instead of biryani,9513,terrorist,"BILASPUR,CHHATTISGARH,495001",1
businesses are deluged with invoices make yours stand oup with colour or shame and its likely to rise to the top of the pay pile,3237,deluged,no_location,0
the police chief assured the crowd that this officer related shooting would be investigated,10616,wounded,"Washington, D.C.",1
damn wale knows how to ruin a song,8369,ruin,New York - Connecticut,0
i will adamantly opposed to nuclear weapons,10374,weapons,??? ?????????????,1
toddler drowned in bath after mum left room to fetch his pyjamas,4225,drowned,no_location,1
nothing wrong with that the lethal weapon series is great yes theyre all great,10291,weapon,no_location,0
climate change could be catastrophic but it does have some benefits really,2160,catastrophic,Toronto,0
texans hope you are wrong radio in houston have him as starter after foster injury,6542,injury,"Houston, TX",0
for those impacted by the calwildfires here are some great recovery tips to help you in the aftermath,10524,wildfire,no_location,1
hurricane guillermo live noaa tracking looping wed aug th,6388,hurricane,"#1 Vacation Destination,HAWAII",1
were hiring read about our latest job opening here registered nurse call in military program nursing,7126,military,"Ewa Beach, HI",0
after the green line derailment my concern for track that looks like this goes up a bit,3543,derailment,Chicago,1
omg horrible accident man died in wings of airplane,235,airplane accident,India,1
thanks a lot roadworks men cos a tube strike wasnt disruptive enough so having to walk the desolate route from tottenham to,3554,desolate,no_location,1
pawsox owners public return from whirlwind trip to durham knoxville news sentinel,10402,whirlwind,World,0
ara news reporting jan fighters infiltrated ashrafiyah district of afrin with aim of carrying out suicide attacks ypg have imposed a curfew,2755,curfew,Ankara - Malatya - ad Orontem,1
ar severe thunderstorm warning issued august at pm cdt until august at pm cdt by nws arwx,9669,tornado,Midwest,1
my baby girls car wreak this afternoon thank god no serious injuries and she was wearing her seatbelt,6495,injuries,Tennessee,1
so this storm just came out of no where fuck me its cool,8946,storm,no_location,1
twelve feared killed in pakistani air ambulance helicopter crash reuters yugvani,249,ambulance,no_location,1
what natural disaster are you when you get angry,7204,natural disaster,no_location,0
mafireems rt wmur two buildings involved in fire on nd street in manchester wmur via kcarosawmur,1810,buildings on fire,"Worcester, MA",1
cleared collision qew fort erie bound approaching hwy niagara vehicles removed ag,2545,collision,"Ontario, Canada",1
ill bet i do,9664,tornado,Wherever I'm sent,0
im sinking down in the darkest dream so deep so cold this pain inside of me my love for you is more dan i can bear jota esse,8728,sinking,"Ciudad AutÌ_noma de Buenos Aires, Argentina",0
mourning notices for stabbing arson victims stir politics of grief in israel,559,arson,no_location,1
california is battling its scariest wildfire so far the rocky fire,10518,wildfire,"California, USA",1
it is not always friendship when kisses show up neither is it always enemity that shows up when wounds show up bishopfred,10669,wounds,"KADUNA, NIGERIA",0
wake up kern county eyewitness news mornings airing right now on kbak cbs liveonkbak,5039,eyewitness,"Bakersfield, California",1
historic flooding across asia leaves hundreds dead millions displaced,4079,displaced,"Oakland, CA",1
and then theres people like me where my whole people are named desolation,3639,desolation,Singapore,0
we havent seen the devastation from the corp breaches yet be prepared get coverage,3969,devastation,"Las Vegas, Nevada",0
whats missing in the asae exhibitor emails value assnchat,3197,deluge,Raleigh (Garner/Cleveland) NC,0
drew storen is probably curing cancer saving puppies from burning buildings while contemplating what he did deserve this disrespect,1955,burning buildings,a botanical garden probably,0
since the year angela sanders was born roundhouse kick related deaths have increased percent,3097,deaths,no_location,1
i vantage backups eastbound with low visibility due to a dust storm about miles east of the bridge,4320,dust storm,Ellensburg to Spokane,1
dont think they will paint the lab building cause they have been planning for demolition since forever,3393,demolition,everywhere,0
killed injured in madhya pradesh twin train derailment,3531,derailment,India,1
gasp i forgot sunday omg,7912,rainstorm,vancouver usa,0
the threat anthrax cdc via,926,bioterrorism,Searching for Bae,1
l b oklahoma thunder durant nba adidas oklahoma city thunder youth large swingman jersey retail nba durant,9602,thunder,no_location,0
bloody ell let it burn rubybot,5498,flames,no_location,0
did you see hurricane guillermo with meteoearth,6396,hurricane,Berlin - Germany,1
stockton police are investigating a fatal drive by shooting in north stockton,5135,fatal,"Sacramento, CA",1
going to starbs its only degrees part of the metro derailed its a beautiful morning in washington d c,3480,derailed,"Washington DC / Nantes, France",1
iphone twist ultimate preparedness library prepare yourself for any catastrophe ov,2116,catastrophe,no_location,0
battlefield funny moments dukes of hazard undercover soldier mav t via,5978,hazard,no_location,0
his explanation was that you request as much as you want provided you get your job done but youre constantly drowning in work,4257,drowning,94123,0
i think also became the marquis then carlos charlies and finally dublins sadly demolished,3346,demolished,no_location,0
inws alert spsgsp from pm to pm edt for pickens county strong thunderstorm will impact,9627,thunderstorm,"Asheville, NC",1
only if u let me drown you,4164,drown,no_location,0
some of worst radiation exposure from fukushima meltdown happened km northwest proof that small emergency planning zones dont cut it,7902,radiation emergency,"Burlington, VT",1
gamefeed warcraft inspired mode likely hitting heroes of the storm lets go back to the beginning videogame,8944,storm,no_location,0
wftv eyewitness news tn school psychologist arrested in florida on child porn charges,5038,eyewitness,"Orlando, Fl",0
bleeding wild things running around the apartment while hes in work at the bar,1071,bleeding,no_location,0
theyll probably allow us to ascend them but not get them to the damage max values,2853,damage,"PS4, now stop asking",0
in i will only smoke crqck if i becyme a mayor this includes foursquare,8856,smoke,no_location,0
one day this heart gone get me zipped up in a body bag,1411,body bag,no_location,0
dont argue cheap now youre better than that,8778,siren,no_location,0
sitting still in the cityofmemphis traffic is like sitting in a war zone they dont move for the police they dont care,10250,war zone,"nashville, tn",0
today marks the th anniversary of the bombing of hiroshima a city i visited and was humbled by in november,1636,bombing,"Sydney, Australia",1
social casualty mtvhottest sos,2095,casualty,"Hospital, bc of SKH vid.",0
you are invited to the expo explosion summer event when august th friday where ben e keith,5004,explosion,Palestine Texas,1
see aug poconorecord how many households have an emergency plan,4550,emergency plan,"Alexandria, VA, USA",1
they all are intending to go just waiting for winds to drop siren just gone off to signal they allowed to leave arena none gone,8762,siren,Brizzle City !,1
hi yall this poem is called is the one about the snowstorm when we meet in space and that one time it rained thx ur watching disney chann,8896,snowstorm,no_location,0
drob collided into dan hughes while she was going after the ball looks like he hurt his back as he fell back on the chair hope hes ok,2490,collided,On the court,0
a country chim can survive,9314,survive,no_location,1
when houston and nyc collide gemma bowe,2441,collide,"Houston, Texas",1
like why on earth would you want anybody to be unhappy dont purposely ruin somebody elses happiness,8356,ruin,Garrett,0
parker ridge fact sheet aug parker ridge wildfire information phone email pa idfire,10489,wildfire,no_location,1
but otherwise i will stay trapped as the worst lilourry stan ever and without zarry what am i left with narry no thanks,9782,trapped,no_location,0
emergency units simulate a chemical explosion at nu suppose a student in the research labs at northwestern,2233,chemical emergency,"Evanston, IL",1
california bush fires please evacuate affected areas asap when california govts advised you to do so,2003,bush fires,Selangor,1
gets on battlefield screams into mic at cunts,8559,screams,no_location,0
small bag from the bottom the wounded hero shakes it a senzu bean falls from it gohans surprised shakes the pouch once more but,10630,wounded,Wherever I'm needed,0
soldiers killed in isis suicide bomb in air base east homs syria news zaman alwsl isis homs,9119,suicide bomb,Homs- Syria,1
leicester merc icymi ashes australia collapse at trent bridge how twitter rea,1715,bridge collapse,Leicester,0
scared to be living in seattle when this predicted earthquake is going to destroy,4397,earthquake,"Saline, MI",1
democrats restricted blacks from voting in landslide lyndon johnson won senate election by votes of dead people in texas,6690,landslide,no_location,0
us drone bombs islamic state target in syria after taking off from turkey a us armed drone has bombed a targe,1590,bombed,Netherlands,1
arson suspect linked to fires caught in northern california via,588,arson,"Menasha, WI",1
someone asked me about a monkey fist about feet long with a panic snap like the one pictured to be used as a,7686,panic,Milwaukee WI,0
they turned jasmines house into a war zone littlewomenla,10260,war zone,no_location,0
this is unbelievably insane man airport airplane aircraft aeroplane runway accident freaky,218,airplane accident,no_location,1
sounds like a whirlwind life,10407,whirlwind,Sheff/Bangor/Salamanca/Madrid,0
granted like half my town floods when it rains but still whatever,5669,floods,Û¢III.XII.MMXIÛ¢,1
plains all american pipeline company may have spilled more crude oil than previously estimated ksbynews,7513,oil spill,"Central Coast, California",1
you certainly are great to see all you hs astroturfers panicking at the thought of cross party support crumbling,7712,panicking,Near Warrington,0
im going to ram your ass so hard ill have to shove your face on the pillows to muffle your screams of pain and pleasure,8553,screams,"San Juan, Puerto Rico",0
that catastrophe man opens school w another hes an athlete not a teacher a principle not fulfilling any inside clerical duties,2115,catastrophe,Florida,0
itd be so bomb if u guys won,1553,bomb,NV,0
omg omg omg justinbieber and harrystyles have collided in a nuclear accident at cern oo harrybecareful,2496,collided,See the barn of bleakness,0
curfew really helps if you think about it bc,2765,curfew,Im Around ... Jersey,0
no reported cases of people drowning in sweat fyi,4271,drowning,"Baltimore, MD",1
first responders would never be sent to the wrong address again w smartteks gps based panic button mpers safety,5418,first responders,no_location,0
i liked a video call of duty ghosts campanha ep tsunami,10000,tsunami,no_location,0
funny cause my dumb ass was the young one to get n trouble the most lol,9912,trouble,YA MOTHA BED,1
rizzo is on that ball was obliterated,7397,obliterated,Valparaiso,0
great condition easton cyclone softball bat fastpitch sk,2820,cyclone,no_location,1
football hooligan jailed for rioting before game in scotland was already banned from matches in england uknews,8287,rioting,no_location,1
my heart goes out to all those effected by the wild fires in cali,10483,wild fires,no_location,1
i always tell my mom to bring me food or i will hold her cat hostage,6294,hostage,no_location,0
earthquake in sicily italy iphone users download the earthquake app for more information,4353,earthquake,no_location,1
car wreck,10686,wreck,no_location,1
already panicking about school starting again,7727,panicking,no_location,0
serephina the siren,8783,siren,"Honolulu,Hawaii",0
official kinesiology tape of ironman long lasting durability effectiveness on common injuries,6486,injuries,"Orlando,FL USA",0
militants attack police post in udhampur spos injured suspected militants thursday attacked a police post in,6436,injured,"Srinagar,Kashmir",1
exofficio mens boxer brief curfew large,2766,curfew,Garden Grove,0
sticks and stones may break my bones but words will never harm me,5887,harm,no_location,0
apollo brown ft m o p detonate,3802,detonate,Milton/Tallahassee,1
réunion debris is almost surely from flight officials say new york times,3115,debris,no_location,1
images of famine hope in christ a blog on what happens when we forget god hopeinchrist,5107,famine,"Chatham, IL",1
rescuers find survivors of nepal earthquake buried,8188,rescuers,no_location,1
one day i want someone to run for the ferry fall and crack there face open for almost knocking me over just to get on a boat,2294,cliff fall,"New York, NY",0
debatequestionswewanttohear if u start another war would u b willing go the war zone yourself or send ur sons and or daughters fight,10268,war zone,The D,1
another white mass murderer antioch,6940,mass murderer,no_location,1
around injured in explosion in chemical park in western germany,4968,explosion,"London, United Kingdom",1
i was working out today and i sweated so much like i though i was gonna get electrocuted by earbuds omg,4478,electrocuted,?????,0
lol the real issue is the the way the nfl is trying to ruin this guys legacy,8378,ruin,Boston,0
tell the united nations plantations are not forests via,8081,rescue,Thornton Colorado,0
irandeal most members of congress who dont want this deal dont have any kids who would b coming home in body bags war makes them money,1513,body bags,Bushkill pa,0
pcs w cree led work light offroad lamp car truck boat mining wd flood beam full rea,5570,flood,no_location,0
damn was wondering where my drone ended up after the freak windstorm,10574,windstorm,Argus Industries \m/666\m/,1
you just keep ur head in the sand john the best place for it lbr after landslide couldnt imagine situ now,6678,landslide,Edinburgh,0
murfreesboro peeps im hearing walmart on s rutherford is on lockdown with a hostage is that true or a rumor,6315,hostage,"ÌÏT: 40.562796,-75.488849",1
that sounds about right our building will have a thunderstorm inside one day when the air masses collide,2416,collide,"Kansas, The Free State! ~ KC",0
yeah lamb of god rock am ring intro desolation hd via,3626,desolation,on twitter,0
news many deaths in shipwreck rescuers are trying to save hundreds of migrants after the via,8176,rescuers,Washington,1
imagine a school where suicide bombing is being taught the teachers would say to the students please pay,9233,suicide bombing,Lagos,1
three days off from work and theyve pretty much all been wrecked hahaha shoutout to my family for that one,10831,wrecked,"Vancouver, Canada",0
one thing for sure god has promised israel will not be annihilated but the horror of iran w nukes,316,annihilated,USA,0
hey the royals love doing damage with outs,2870,damage,"Lawrence, KS via Emporia, KS",1
photoshop tools crash course complete photoshop tool guide course,2590,crash,no_location,0
i remember the heat wave the year i went bruh and they dont have ac,6045,heat wave,no_location,0
pm traffic accident no injury at willis foreman rd,134,accident,no_location,1
until my death ill forever rep the jets,3005,death,UPTOWN,1
nursing alert emergency department psychiatric rn fte day providence health services olympia wa,4604,emergency services,"Olympia, WA",1
ignition knock detonation sensor senso standard fits ford f l v,3896,detonation,no_location,0
im gonna beat armageddon as hsu hao just got a flawless on my first try,456,armageddon,probably the strip club,0
fedex to stop transporting bioterror germs after lab mishaps fedex has stopped transporting certain research,840,bioterror,"Phoenix, AZ",1
render assistance gain as proxy for your hostages to fortune ssu,6347,hostages,no_location,0
this night just blew up rq,1103,blew up,no_location,0
cause right now i can read too good dont send me no letters no not unless youre gonna mail them from desolation row,3629,desolation,"Kalimantan Timur, Indonesia",0
excited not only about the next years of school and ensuing student debt but also catastrophic climate change in my lifetime d,2203,catastrophic,no_location,0
roh jfb tfb alrasyid iturasya correction tent collapse story us roh smantibatam roh smantibatam,2349,collapse,JKT48-Muse-A7X,0
what a violent country get the army involved to help control the killings and bring back peace to the poor people,538,army,"Burbank,CA",1
bioterrorism authorities allay glanders fears ahead of rio olympic equestrian test event via,928,bioterrorism,"Sydney, New South Wales",1
chicago fd still box alarm ems plan i st calumet for the el train derailment cins tg,3523,derailment,Chicagoland,1
ugh so hungry im going to demolish this food,3264,demolish,no_location,0
think akwa ibom dont come to uruan and demolish buildings again ex assembly member warns udom emmanuel,3282,demolish,"Uyo, Akwa Ibom State, Nigeria",0
im just going to say it under the new reddit policy changes i think r conspiracy will be quarantined and how thats bad for the truth m,7876,quarantined,no_location,0
photo bombed,1597,bombed,no_location,0
screams internally,8550,screams,"Pennsylvania, USA",0
storm in ri worse than last hurricane my city others hardest hit my yard looks like it was bombed around k still without power,1626,bombed,"Warwick, RI @Dollarocracy also",1
only had a car for not even a week and got in a fucking car accident mfs cant fucking drive,143,accident,no_location,1
it wont let me as you dont follow me,8903,snowstorm,Manchester,0
damn that sinkhole on sunset,8673,sinkhole,Texas af,1
back in to would never said that would have ended ja like obliteration,7467,obliteration,828/704(Soufside)/while looking goofy in NJ,0
im going to be in so much trouble,9921,trouble,Bathtub de Bett,0
we like big hail and we cannot lie sirmixalot,5792,hail,Calgary/Airdrie/RedDeer/AB,0
years after abomb destroyd hiroshima bbc looks at wht survived cnv watch peace vigils,3735,destroyed,"Boise, Idaho",1
this the same dude that obliterated meek mill dont judge a book by its cover,7412,obliterated,"Waterloo, ON",0
you can stab me in the back but i promise youll be the one bleeding,1040,bleeding,IN,1
yeah we survived seasons and movies lets hope for the good theres hope,9386,survived,Puerto Rico,0
aurora theater shooting trial gunman expected notoriety for mass murder and nothing else,6892,mass murder,"Nashville, TN",1
i gained followers in the last week you know your stats and grow with,65,ablaze,no_location,0
wut a lonely lunch i got ditched and im hungrier than a hostage,6330,hostage,"Victorville, CA",0
in europe nature is kind while in us they have tornados hurricanes wild fires earthquakes flash floods mega snow droughts,10462,wild fires,Madrid,1
windstorm board oks rate hike before change politics txlege twia,10554,windstorm,"Austin, Texas",0
these after battle animations are so fucking much,807,battle,no_location,0
np avenged sevenfold hail to the king,5790,hail,no_location,0
people with netflix theres a really good documentary about hiroshima narrated by john hurt parter that interviews pilots survivors,9434,survivors,Upstairs.,0
fedex no longer will transport bioterror germs via,832,bioterror,NC,0
love my girlfriend,39,missing,no_location,0
dust storm en route from alice springs to uluru,4309,dust storm,no_location,1
bhramabull watch run the jewels use facts to defend rioting in ferguson the socially minded duo takes on the,8262,rioting,tri state,1
wed mainly cloudy percent chance of showers this evening with risk of a thunderstorm low,9654,thunderstorm,"Lethbridge, AB, Canada",0
redskins wr roberts belly bombed via,1617,bombed,"Screwston, TX",1
playingnow bloodbound seven angels media stream,9565,thunder,"Enfield, UK",0
so where are the rioters looters and burning buildings white lives matter,1937,burning buildings,no_location,1
flashflood causes landslide in gilgit pakistan damage to homes farmland roads and bridges disasters,6683,landslide,UK,1
usgs m km s of twentynine palms california time utc sm,4365,earthquake,"California, USA",1
i hope you get batista bombed lauren,1613,bombed,no_location,0
more homes razed by northern calif wildfire sandiego,7990,razed,San Diego California 92101,1
aannnnd reddit will now quarantine offensive content,7813,quarantine,"ÌÏT: 40.707762,-74.014213",0
not in the works yet did you see the new vela short in blaze,965,blaze,seattle wa,0
the insides of the explosion box get it customized the way you want dcubecrafts greetingcards,5007,explosion,no_location,0
uae cool to mideast heat wave rain watch latest video ncms issues warning of thundering rain poor visibility,6053,heat wave,Pacific Northwest,1
check out preppers doomsday must have library collection on cd shtf preppertalk survival a prepper via,477,armageddon,California,0
see these guys reaching the front foot out loading the shoulders and spinning neither do i hitting load explode,4874,explode,"New Orleans, Louisiana",0
i guess thats ok for armenians since weve spent most of our history getting annihilated,318,annihilated,no_location,1
killing black babies at planned parenthood wheres the demonstrations looting of pp burning down the buildings black babies lives matter,1921,burning buildings,"Sacramento, CA",1
news twelve feared killed in pakistani air ambulance helicopter crash til now dna,261,ambulance,no_location,1
new and now different fnaf fanfiction trixie drowned pageshi my awesome proxies its wattpad promo,4210,drowned,no_location,0
i accidentally killed an day snap streak and now i wanna accidentally fall off a cliff,2282,cliff fall,livin life in the 610,1
malik saadthe best police officer produced by kpdied in a suicide bombing on jan he was more than a brother to me kppolice,9215,suicide bombing,no_location,1
disaster control teams are studying ways to evacuate the port area in response to tidal wave warnings,4714,evacuate,no_location,1
senator voices concerns over bp oil spill settlement,7543,oil spill,"Pensacola, FL",1
in the vault that could take a look at those wounds of yours if youd like to go to one of these places first zarry has had,10662,wounds,The American Wasteland (MV),0
whimsy as it pertains to mass casualties always impressive,2058,casualties,Mostly Yuin.,0
aunt marge youre blown up eheks,1338,blown up,fluffy cloud,0
i should have known better than to think id get anything done after a hour capoeira class stretcher bearer,9023,stretcher,"Asheville, NC",0
how did people survive like that,9333,survive,no_location,0
thank you to our neighborhood looks like a war zone but we had power back in hours,10255,war zone,"Columbia, SC",1
according to a gallup poll the more money you have the more likely you are to suffer from time famine ari,5067,famine,no_location,0
wtf her biological father is holding her hostage and her adoptive parents havent even looked for her criminal minds got me fucked up,6320,hostage,"Melbourne, FL",0
wants to make tweet about how much i dislike todays femnism movement but doesnt want to be screamed at,8464,screamed,Mentor OH,0
who else wants documents radiation emergency procedures radiation emergency procedures,7907,radiation emergency,no_location,0
nuclear reactor is like a woman you just have to read the manual and press the right button,7310,nuclear reactor,Pluto,0
im screaming omg idols days wdym,8520,screaming,All around the world,0
president barack obama has on air meltdown over opposition to iran nuclear deal via,7092,meltdown,"Washington, DC",1
navy no charges against officer for weapons violations in chattanooga attack,10382,weapons,California,1
breaking news call for tasmanias emergency services to be trained in horse,4624,emergency services,USA,1
deadpool is already one of my favourite marvel characters and all i know is he wears a red suit so the bad guys cant tell if hes bleeding,1062,bleeding,no_location,0
strong thunderstorm miles east of pickens moving ne at mph pea size hail and wind gusts up to mph scwx,9642,thunderstorm,South Carolina,1
hell is just a fraction of his belief of total annihilation destruction of usa,346,annihilation,"California, USA",1
crushed the gym then crushed a butterfinger flurry clearly my priorities are straight,2725,crushed,no_location,0
hey lets challenge then to a tornado tag tlc match winner take all,9705,tornado,no_location,0
a mad catastrophe the outbreak of world war i and the collapse of the,7553,outbreak,no_location,1
catastrophic fallen angel reveillertm macabrelolita i was supposed to write amino acids and i nearly,2163,catastrophic,no_location,0
fukushima mutant vegetable images sweep across the region two years after nuclear disaster via,7281,nuclear disaster,no_location,1
its been raining since you left me now im drowning in the flood you see ive always been a fighter but without you i give up,5573,flood,no_location,0
alert sandy hook elementary school evacuated after bomb threat,4786,evacuated,no_location,1
panic at the disco te amo,7694,panic,Torry Alvarez love forever ? ?,0
house energy commerce subcommittee to hold hearing of cdc oversight of bioterror labs army anthrax mishaps htt,845,bioterror,no_location,1
seriously do we have to do a tactical riot against the headquarters of disney and marvel,8208,riot,"Uppsala, Sweden",0
i think weve only had like one black mass murderer in the history of mass murders white people do that shit,6905,mass murderer,Seattle,1
interview with actor randy irwin a s k what could be the harm,5920,harm,no_location,0
remember that time goku gave life to a dead birb what the hell goku,2959,dead,London,0
read whirlwind about this subject amongst others the bomb saved millions of lives yes thats true,10426,whirlwind,"Here, unless there.",1
probably being inundated with this question now but whos coming to creamfields please say all mainstage,6616,inundated,Coventry,0
france agreed to repay russia for two warships which were never delivered after economic sanctions,2108,casualty,no_location,0
u better learn derivative of formula seismic rather than thinking about things like that or you are a things like that haha,8599,seismic,Third rock from the Sun,0
ill start a big ass riot send me to jail today mfs shidddd,8212,riot,no_location,0
thanks benson clegg for the follow check out our maps at,8621,seismic,no_location,0
sandstorm woo hoo,8408,sandstorm,"Hamilton County, IN",1
i call it a little bit of your blizzard,1222,blizzard,no_location,1
heros fight wars and save ppl from burning buildings etc im sorry but u gotta do more than pay a sex change be i call u a hero,1940,burning buildings,no_location,0
texas seeks comment on rules for changes to windstorm insurer insurance,10541,windstorm,no_location,0
beautiful lightning as seen from plane window,9619,thunderstorm,Sydney,0
a simple meltdown areva have you ever seen an out of control kid,7051,meltdown,no_location,0
thanks i narrowly averted death that was fun youre right,3023,death,Buffalo/DC,1
wow just wow if any other club had blown all that money and fucked up a player like that theyd be pilloried,1334,blown up,Oklahoma,0
danger of union bears,2908,danger,ayr,0
denver co insurance job claims property field adjuster catastrophe safeco usa at liberty mutual insurance,2133,catastrophe,"Denver, CO",0
who said veg and fruit was good for you hope theres been no injuries or fatalities,5170,fatalities,no_location,0
but the sea would electrocute us all,4442,electrocute,"Cairo, Egypt.",0
there were plenty of black people rioting when tosu won the championship as well,8258,rioting,"Bellville, Ohio",0
he also told you no one has drowned in the last years had under labor but lets not mention that,4209,drowned,no_location,0
breakingnews militants attack udhampur police post spos injured,6480,injured,India,1
the rcmp are reporting fatalities and serious injuries as a result of the collision on the tch near whitbourne,5190,fatalities,"St. John's, NL, Canada",1
your last retweet you would think the lion saved people from a burning buildings its not that deep,1949,burning buildings,no_location,0
going to go drown my sorrows with sad music brb,4191,drown,somewhere in Indiana,0
is body bagging meek meanwhile hes on tour with nicki all hush hush hes put diss tracks out and meek but dude started it lol,1463,body bagging,"Huber Heights, OH",0
i sent my emails why are the trinna hold me hostage rapping me up,6318,hostage,no_location,0
hotteennsfwpornmilf oiled up ass hole is destroyed with king size cock closeup sex clip,3741,destroyed,no_location,0
cleveland heights shaker heights fight blight the house next door,1142,blight,"University Heights, Ohio",0
armageddon averted by el patron ultimalucha,481,armageddon,"Castaic, CA",0
this why bsf jawans died fidayeen has aks and they bloody insas insas rifles not to blame for soldiers deaths mod,3058,deaths,no_location,1
jewish leaders prayed at the hospital where a palestinian family is being treated after arson via,576,arson,no_location,1
creel you must think im a real moron flag man a brainless mass of muscle i do but i dont think youre a mass murderer,6908,mass murderer,Earth-616,0
it was an accident,132,accident,no_location,0
the message you sent and they dont reply i see that you saw my message the least you can do is tell me to fuck off or something,6109,hellfire,"Denver, Colorado",0
i was looking for you guys on the live stream im guessing the evacuation cost you the front,4835,evacuation,EIU Chucktown/LaSalle IL,0
i also loved bury my heart at wounded knee too thegame,10588,wounded,North Cack/919,0
akilah world news cop pulls man from car to avoid this,2597,crash,In my own world!!!,1
demolition means progress flint michigan and the fate of the american metropolis highsmith,3370,demolition,11202,1
dont let wmata metro derail your day get a text every morn when you wake up with the best route to work sms,3405,derail,"Washington, DC 20009",0
private thirsty night sad blood rockn roll,1269,blood,???,1
icymi annoucement from al jackson,4262,drowning,"Hendersonville, NC",0
chick masturbates a guy until she gets exploded on her face,4911,exploded,no_location,1
critters climate and two plague deaths in colorado,3095,deaths,"Washington, D.C.",1
like a cyclone imperialism spins across the globe militarism crushes peoples and sucks their blood like a,2835,cyclone,Tafekop Ga-Matsepe,1
womens cross body messengers bags clutch small shoulders zippers bags white,1499,body bags,no_location,0
gonna drown it in mustard and lemon pepper,4173,drown,"Lynwood, CA",0
government under pressure to abandon plans to construct uks first nuclear reactor for more than year,7315,nuclear reactor,Anywhere I like,0
the best thing about this is it drowned out the call from the guy angry cause he hadnt gotten a tracking number,4240,drowned,New Hampshire,0
this is the natural and unavoidable consequence of socialism everywhere it has been tried e,7230,natural disaster,America of Founding Fathers,0
four technologies that could let humans survive environmental disaster,4039,disaster,"Alexandria, VA",0
perhaps historic should be applied not to the deluge of recently exposed childsexabuse but the truly historic scale of the cover up,3180,deluge,London,1
why is gop blocking chance for disabledveterans w groin injuries to have children thepartyofmeanness,6516,injuries,California or Colorado,0
because if it were on fire thatd be a safety hazard,5966,hazard,Dil's Campsite,1
my emotions are a train wreck my body is a train wreck im a wreck,10709,wreck,no_location,0
spot fixing match fixing anyone or it has to be pak sl wi rsa or bd to say this sham on them who say that when these team collapse,2339,collapse,no_location,0
tomorrow kick off your weekend with drinks entertainment,4700,epicentre,"Charlotte, NC",0
omg nixon lives that is richard m nixon tricky dicky right there in the picture isnt it hiding in calgary he,5841,hailstorm,Kicking Horse Pass,1
sometimes in space celestial bodies with separate trajectories that intertwine find themselves in a dance rather than a collision course,2552,collision,btwn a rock and a hard place,0
was in nyc last week,38,missing,no_location,0
theyve come back flying ant day capital deluged by annual swarm of winged insects,3252,deluged,Aro Diaspora,1
eden hazard as harden is spot on flopping is identical,5956,hazard,"Roppongi, Minato, Tokyo",0
i need this,1209,blizzard,"Houston, TX",0
toronto going crazy for the blue jays can you imagine if the leafs get good the city might literally explode,4910,explode,no_location,0
a random hole just broke out in the street,8688,sinkhole,no_location,0
they should just have load shedding permanently and we will all just live like we in the wild and have camp fires cook with fire etc,10464,wild fires,"Johannesburg, South Africa",0
totally agree she is and know what birth control is i am not saying it is true want to derail their plan of blaming fans,3408,derail,no_location,0
the mixtape is coming i promise we goin in right now,971,blaze,Mo.City,0
more like demolition derby,3377,demolition,no_location,0
games that i really hope to see in agdq trauma center second opinion kororinpa marble mania tloz oracle of ages metroid ii,9816,trauma,Your notifications,0
though serious natural disaster increased in japanjapan nuclear safety standard is far inferior to us standard anonymous nytimes,7253,nuclear disaster,no_location,1
chernobyl disaster wikipedia the free encyclopedia dont you just love the nuclear technology its so glorious,7294,nuclear disaster,no_location,1
ye did the same thing to big sean and he still blew up,1123,blew up,no_location,0
closing their eyes to disaster state department unaware of reports iran is sanitizing nuclear sites,7277,nuclear disaster,#goingdownthetoilet Illinois,1
your hot take on canadas hitchhiking garbage bot destroyed in philly was sorely needed,3724,destroyed,Montreal,1
why is it trouble live on,9938,trouble,on twitter,0
im crying that song just ended setting myself on fire,5323,fire,big boy Û¢ 0802,0
some jewish ppl agree tht israel is a bully nd a terrorist state killin palestine kids nd women,9522,terrorist,proudly South African,1
weapons stolen from national guard armory in new albany still missing gunsense,10342,weapons,"GrC Founder, 8,000 Subscribers",0
nbcnightlynews malaysian officials say debris found on reunion island is from mh billneelynbc reports,3120,debris,nbc washington,1
smoke the weed snoop lion ft collie buddz,8848,smoke,"MedellÌ_n, Antioquia",0
great british bake offs back and dorrets chocolate gateau collapsed jan moir,2388,collapsed,"Alexandria, Egypt.",1
i know its a question of interpretation but this is a sign of the apocalypse i called it,410,apocalypse,"Austin, TX",1
coleslaw wrecked,10805,wrecked,probably not home,0
rt alisonannyoung exclusive fedex no longer to transport research specimens of bioterror pathogens in wake of anthrax lab mishaps,851,bioterror,United States,0
cue the flood of people ironically calling you that,5581,flood,"Niagara Falls, Ontario",0
lionel trains smoke locomotives with magne traction instructions,8864,smoke,no_location,0
check out whats in my parking lot he said that until last year it was an ambulance in st johns,273,ambulance,Loveland Colorado,0
find out how your fund was used for typhoon haiyan in the philippines see haiyan relief funds report,10060,typhoon,"Calgary, AB, Canada",1
my head is gonna explode,4906,explode,no_location,0
tracy blight thank you for following me,1156,blight,UK & Ibiza,0
i may have gotten a little too exited over my home made lava lamp,6716,lava,Colombia,0
lhh silent screaming was mastered,8507,screaming,no_location,0
the third generation atomic bombed survivor photo exhibition to hiroshima,1600,bombed,??,1
a young heavyweight rapping off of detonate i been a leader not a lemon better get it straight,3820,detonate,no_location,0
abcnews obama declares disaster for typhoon devastated saipan obama signs disaster declaration for northern,3933,devastated,no_location,1
i agree but i knew wed be going to the deep roads again because they found blight in red lyrium it aint over yet,1138,blight,"Maryland, USA",0
handbag fashion style vintage coach purse camera bag cross body bids,1415,body bag,no_location,0
planted years ago it was moved to u s this bonsai survived hiroshima but its story was nearly lost via,9375,survived,South Asia,1
set our hearts ablaze and every city was a gift and every skyline was like a kiss upon the lips,81,ablaze,"Sao Paulo, Brazil",0
yo forreal we need to have like an emergency action plan incase donald trump becomes president whipe that lil baby,4576,emergency plan,Im In Route,1
demolition still the most fire freestyles ever,3359,demolition,MA,0
amsterdam pov video captures violent landing at amsterdam airport schiphol during a st,10171,violent storm,no_location,1
twitter is doing a count down to the rioting and financial collapse of brazil rio,8250,rioting,Australia,1
raffi rc rt sustainourearth oklahoma acts to limit earthquake risk at oil and gas wells scoopit loving all thi,4361,earthquake,"Oklahoma City, OK",1
typhoon soudelor taking dead aim at taiwan,2991,dead,United States,1
on the block we hear sirens stories of kids getting lemonade only to see their life get minute made we talking semi paid,8797,sirens,Canada Eh!,0
still rioting in a couple of hours left until i have to be up for class,8257,rioting,no_location,1
following a catastrophic injury acute medical care takes precedent ptsd often follows in its wake undetected,2161,catastrophic,"Piedmont Area, North Carolina",1
the latest more homes razed by northern california wildfire,7965,razed,no_location,1
i added a video to a playlist natural disaster survival hug by a guest on roblox,7221,natural disaster,"Aurora, IL",0
oh shit,8745,siren,My subconscious,0
whoa a wmata train derailed at smithsonian,3473,derailed,"DC, frequently NYC/San Diego",1
releases on the planing level constellation blight on gaia iclowns drumstep remix iclown infinity,1152,blight,"Colombo,Sri Lanka.",0
i feel so lucky rn,9958,tsunami,no_location,0
its and im already panicking and crying bc im so stressed nice,7715,panicking,|-/,0
smokers that ruin that new car smell,8349,ruin,texas,0
so again make sure to evacuate past the fire doors any questions yes why would we open the doors to the fire i i i cant,4715,evacuate,New England,0
you stay in houston,6410,hurricane,Somewhere Powerbraking A Chevy,0
natural disaster news stories about natural disaster page newser,7215,natural disaster,"Jonesboro, AR MO, IOWA USA",1
destroy the free fandom honestly,3650,destroy,"Virginia, USA",1
severe thunderstorm warning including russellville ar clarksville ar dardanelle ar until pm cdt,9636,thunderstorm,no_location,1
insurance texas seeks comment on rules for changes to windstorm insurer the texas department of insurance is,10552,windstorm,no_location,1
update russian food crematoria provoke outrage amid crisis famine memories russian society still recal,5099,famine,"Tampa, FL",1
watch cnns the seventies terrorism episode iran has always hated the u s they want us obliterated,7407,obliterated,no_location,1
cell phone shop pin lightning connector a car charger for apple s c i,6787,lightning,USA,1
remembering rebecca roga of the philippines murdered by hamas terrorists in the suicide bombing of egged bus no,9211,suicide bombing,no_location,1
no passengers were on the derailed train but the who morning commute is fcked go home,3465,derailed,The Desert of the Real,1
they absolutely demolished the sounders from start to finish,3323,demolished,Beautiful British Columbia,0
remembering marlene menahem of moshav safsufa murdered by hamas terrorists in the suicide bombing of egged bus no,9239,suicide bombing,no_location,1
i got electrocuted this morning how is your day going,4454,electrocuted,no_location,0
nyc news legionnaires death toll rises to in new york city all eight fatalities were of older adults with,5164,fatalities,New York,1
im traumatised,9880,traumatised,no_location,0
suddenly its off on gloomy thunder so loud it shakes the windows not ever on the bay area miss me w that lol,9598,thunder,Baydestrian,1
islamic state group threatens to kill hostage if muslim women arent let go,6297,hostage,The Great State of Maine,1
hillary a mass murderer,6900,mass murderer,"Haysville, KS",0
rt hirochii there is no country that making fun of hiroshima s tragedy but korea indonesia malaysia jamaica,9755,tragedy,Jamaica,1
no reported flooding po in the area ten mmda,5621,flooding,Metro Manila,0
contemplating going to chilis just to get a molten lava cake,6714,lava,no_location,0
calgary area tornado warnings end as thunderstorms move eastward,9675,tornado,"Fort Knox, KY 40121",1
kabwandi breaking news unconfirmed i just heard a loud bang nearby in what appears to be a blast of wind from my neighbours ass,6799,loud bang,Kenya,0
pakistannews pakpattan city news man electrocuted from our correspondent pakpattan a man was electrocuted,4449,electrocuted,Karachi Pakistan,1
block the plate with a charging schwarber coming down the line cervelli i dare you you would explode into a little puff of smoke,4894,explode,no_location,0
mortal kombat x all fatalities on meat predator,5188,fatalities,no_location,0
nws says thunderstorms with deadly lightning will move across the black hills this evening that assumes theres a safe type hmm,6758,lightning,"Rapid City, Black Hills, SD",1
chances are many of us are still digging out from that catastrophe this is why wow needs to evolve this is why it cant be vanilla anymore,2141,catastrophe,Azeroth,1
i ruin everything,8346,ruin,no_location,0
i liked a video sick riot shield slide spots,8221,riot,"Montana, USA",0
our builder is having a dental emergency which has ruined my plan to emotionally blackmail him this afternoon with my bump,4551,emergency plan,Ireland,1
civilian casualties in afghanistan hit highest number since u n says via,2051,casualties,"Absecon, NJ",1
niggas playing in the thunderstorm hope the lorr bless em,9609,thunderstorm,no_location,1
my back is so sunburned,6407,hurricane,no_location,1
no he was blazing it,1009,blazing,no_location,0
i know where to go when the zombies take over,438,apocalypse,Las Vegas,0
praise god that we have ministry that tells it like it is now wdyouth biblestudy,183,aftershock,marysville ca,0
islamic state claims suicide bombing at saudi arabian mosque ten members of emergency service via,9149,suicide bomber,Helsinki,1
well so much for outdoor postering mothernature hailstorm rain yycfringe killhard,5835,hailstorm,"Calgary, AB",1
control yourself tora,1215,blizzard,United States,0
sitting around a fire sounds great right about now,5325,fire,no_location,0
those that i have sworn to defend have proven themselves to be friends of the house hailstorm,5853,hailstorm,Somewhere,0
beautiful desolation just me a couple of coyotes some lizards and the morning sun phoenix arizona,3634,desolation,"Manila, Philippines",0
massacre at sinjar has the world forgotten the yazidi yazidi shingal genocide ezidigenocide,6956,massacre,no_location,1
flood zone general raheel sharif visits chitral he also lauded the efforts of fwo army troops and army aviation in rescue opera,8085,rescue,Karachi,1
then you have rise of coates charleston massacre walter scott and black twitter more broadly as well,6978,massacre,Stay Tuned ;),1
american tragedy,9757,tragedy,America,1
tunisia beach massacre linked to march terror attack on museum,6975,massacre,"London, UK",1
lzk issues severe thunderstorm warning wind mph hail in for sharp ar till pm cdt wx,5793,hail,United States,1
its was about in the morning i went downstairs to watch some telly i accidentally made a loud bang my dad who has a broken leg walked,6833,loud bang,london essex england uk,0
still no plans dont worry we got you covered plenty of seismic ipa and seismic squeeze radler to help,8628,seismic,412 NW 5th Ave. Portland OR,0
on holiday to relax sunbathe and drink putting out bush fires not so much spain,1987,bush fires,London/Bristol/Guildford,0
anyone need a p u tonight i play hybrid slayer ps eu hmu,195,aftershock,no_location,0
killed in two simultaneous rail crash as acute floods derail the two trains india mumbai,3415,derail,Nairobi-KENYA,1
dc media tip for getting updates on the derailed wmata train today ask them about movie night and quickly change the subject,3462,derailed,"Washington, DC",1
i wrecked my stomach help,10812,wrecked,no_location,0
they say bad things happen for a reason but no wise words gonna stop te bleeding,1078,bleeding,"Alicante, Valencia",0
thought it was a drought,4140,drought,Ashxjonespr@gmail.com,1
suicide bomber kills in saudi security site mosque mercados,9142,suicide bomber,no_location,1
first tweet collided with a selfie pretty sweet if you ask me,2457,collided,no_location,0
handbags genuine mulberry antony cross body messenger bag dark oak soft buffalo leather end date w,1383,body bag,no_location,0
never fear quarrels but seek hazardous adventures,6001,hazardous,no_location,0
sir i just only wanted to make a point about you made and said he is lying about bridge collapse,1720,bridge collapse,Mumbai,1
the day you learn the importance of emergency exits is the day your heartbeat stops sounding familiar,4515,emergency,Davao City,0
pair new w round led work driving flood light off road atv utv full read by ebay,5587,flood,New York,0
i can see why one of your favorite books is beautiful disaster it may now be one of mine,4005,disaster,no_location,0
eudrylantiqua hollywood movie about trapped miners released in chile the holly eudrylantiqua,9775,trapped,????s ?? ????Ìø????Ì¡a,1
potus strategicpatience is a strategy for genocide refugees idp internally displaced people horror etc,4051,displaced,U.S.,1
fukushima tepco mountains of debris from the japanese tsunami have floated to the west coast,9985,tsunami,The Netherlands,1
new expansion ideas bard class holy trinity,1204,blizzard,no_location,0
fire in pisgah national forest grows to acres wsoc charlotte,10487,wildfire,Get our App,1
it rained some guys tree hit by lightning and some jackholes drove onto flooded streets,6760,lightning,"Memphis, in the Tennessees",1
hes hot he can sing im screaming,8508,screaming,"Moore, OK",0
be careful anyone who lives west of beaverton forest grove has a rapidly spreading fire heading east,5712,forest fire,PDX,1
we are on our way to hiroshima today is the th anniversary of the detonation of the atomic bomb,3893,detonation,Brisbane.,1
and when those waves shall ripple collide its on the tide of your love i will survive love,2408,collide,no_location,0
dazzle destroy the fun,3694,destroy,SEA Server,0
students collide this fri sat register nlccollide,2419,collide,"Fort Smith, AR",0
new doco tonight at pm setanta sports ireland freeview the largest police presence at a soccer game in ireland stop prevent the rioting,8243,rioting,Dublin,0
snowstorm x oil on canvas art painting,8892,snowstorm,"Dallas, TX",0
just stop fucking saying a whole nother it just sounds fucking stupid you fucking mean a whole other not a fucking tongue twister,10011,twister,Everywhere,0
when youre in deep sleep and then you dream youre bout to fall off a cliff then wake up while struggling to keep a balance,2279,cliff fall,"Abuja, Nigeria",0
the train derailed this morning,3501,derailed,Headed To The Top,1
my beautiful aquarius queenmy siren of the cliffs and pretenses of overtures please sing this phantom songfor you alone shall,8775,siren,"Massachusetts, USA",0
rt love truelove romance lith voodoo seduction astrology rtrrt lotz apocalypse armageddon planet,463,armageddon,no_location,0
japan aogashima volcano by unknown check it out aogashima japan photography volcano,10210,volcano,USA,1
bluedio turbine hurricane h bluetooth wireless stereo headphones headset blk full re,6395,hurricane,New York,0
alabama firefighters quarantined after possible ebola exposure reports,7878,quarantined,no_location,1
interested to see who will win this battle,819,battle,"West Richland, WA",0
fedex stops shipping potential bioterror pathogens trucking,871,bioterror,Worldwide,1
some evansville residents told to limit water usage due to sinkhole construction some evansville residents have,8680,sinkhole,"Evansville, IN",1
todays metro commute debacle w derailed non passenger train shows clearly we need a rail mgr ceo,3500,derailed,"Arlington, VA and DC",1
fire truck and ambulance in k phase hope everyones okay prayforsaipan,5381,fire truck,"Saipan, CNMI",1
thats beyond adorable i hope it wont be wrecked now that its been noticed,10819,wrecked,"Livingston, MT",0
people near meltdown comics who have free time to wait in line on sunday nights are not a representative sample,7086,meltdown,Two Up Two Down,0
not bad personally id get rid of either hazard or aguero for a better striker than berahino,5958,hazard,no_location,0
the prophet peace be upon him said save yourself from hellfire even if it is by giving half a date in charity,6087,hellfire,no_location,0
thanks sen feinstein now hurry home because california is a huge uncontrolled wild fire lightening is starting new fires,10457,wild fires,"Los Angeles, CA",1
dramatic video shows plane landing during violent storm,10191,violent storm,no_location,1
sterling scott on the red carpet at a fundraiser for oso mudslide,7148,mudslide,Malibu/SantaFe/Winning!,1
ok ok what if i make the close quarters an abandoned cabin in the woods in a thunderstorm,9617,thunderstorm,USA,1
crazy mom threw teen daughter a nude twister sex party according to her friend,10034,twister,NY,1
bin laden family plane crashed after avoiding microlight and landing too far down runway rochdale heywood,2617,crashed,The Pig Sty,1
woodlawn shooting wounds year old woman teen woodlawn chicago,10667,wounds,no_location,1
brunette beauty night a stretches out on a victorian sofa view and download video,9688,tornado,no_location,0
without the bombing you would have to do hara kiri you know commit suicide hiroshima years ago,9237,suicide bombing,Tokyo & Osaka,1
e mini sp earnings letdown equals market meltdown amazon,7076,meltdown,no_location,0
my dad said i look thinner than usual but really im over here like,8802,sirens,they/them,1
lose bus card panic kind bus driver replace bus card find bus card headdesk,7675,panic,"Elsewhere, NZ",0
bayelsa poll tension in bayelsa as patience jonathan plans to hijack apc pdp plans by former first lady and,6138,hijack,no_location,0
no one told me you can drown yourself by drinking too much water,4177,drown,mi,0
malaysia airlines flight that disappeared months ago debris found south of the indian ocean,3105,debris,no_location,1
investigators shift focus to cause of fatal waimate fire,5119,fatal,Nakhon Si Thammarat,1
when rescuers found him he was barely alive but they had no idea he was allergic to this,8181,rescuers,Phoenix,1
the city has activated the municipal emergency plan primarily stay indoors avoid flooded areas call for,4568,emergency plan,"Calgary,AB, Canada",1
flooding kills displace over one million in pakistan at least people have been killed and nearly lakh,5658,flooding,no_location,1
so just followed me and i cannot contain my screams of joy thankyou,8575,screams,no_location,0
the eyes of the nation broader conservation community are on alaska reinstate emergency buffer protectdenaliwolves,4529,emergency,no_location,0
california spring oil spill estimate grows documents released on wednesday disclosed that an oil sp osi,7522,oil spill,"Goa, India",1
what really happened in the taken king story trailer a space battle that ripped a hole in saturn,806,battle,San Francisco,0
reid lake fire prompts campground evacuation order,4854,evacuation,no_location,1
mega mood swing on a hr schedule isnt that how structural failure occurs,9055,structural failure,no_location,0
i have completed the quest demolish murlo in the android game the tribez androidgames gameinsight,3292,demolish,no_location,0
nowplaying dubstep hardstyle trap messy mix event recording by alien casualty on,2102,casualty,Seattle,1
new ladies shoulder tote handbag faux leather hobo purse cross body bag womens full read,1396,body bag,New York,0
well as i was chaning an ipad screen it fucking exploded and glass went all over the place looks like my job is going to need a new one,4920,exploded,"Elmwood Park, NJ",0
no news of hostages in libya india terrorism africa ap ts nri news trs tdp bjp,6354,hostages,no_location,1
hey there lonely girl did you have to tell your friends about the way i got you screaming my name,8526,screaming,"Aveiro, Portugal",0
new warning for central hills hail mph winds not affecting sturgis but could later tonight kotaweather,5815,hail,"Rapid City, South Dakota",1
good for her lol,3917,devastated,no_location,0
such beautiful architecture in nyc i love those fire escape routes on the buildings newyork,1789,buildings on fire,Toronto,1
here we go again ebola run for your lives aaarrrgghhh,7857,quarantined,no_location,1
police kill hatchet wielding gunman who opened fire inside nashville movie theater a middle aged man armed wi,7752,police,Indonesia,1
was drafted by the in rd overall played last season in,783,avalanche,"505 W. Maple, Suite 100",0
raining flooding florida tampabay tampa or days ive lost count,18,missing,no_location,1
refuse to let my life be reduced to rubble when the shit keeps piling up get a shovel,8292,rubble,"Columbus, Georgia",0
heavy rain frequent thunder and gusty winds moving into parts of uptown and midtown cn,9580,thunder,no_location,1
we gone get it get it in blood,1238,blood,Dime's Palace,0
new ran report from the frontlines of human rights abuses and forest destruction for fashion,3748,destruction,Patra-Greece.,1
god forbid this is true california has enough problems with severe drought wild fires nuclear power sanonofre,10446,wild fires,no_location,1
pt cross sectarian protest powerful shia cleric says militias must withdraw ur fightin isis but we wont forget damage uve done to ur ppl,2884,damage,London/New York,1
my pc account got hacked someone tried to pull out over bucks which wasnt there now i have an nsf no idea who or why,8777,siren,The TARDIS,0
when things become terrible more than the great ethiopian famine,5097,famine,no_location,0
we know who u are youre a bleeding heart wannabe pickup artist,1066,bleeding,no_location,0
yes yes i will i dont wanna ruin my life lol,8386,ruin,MNL,0
rly tragedy in mp some live to recount horror when i saw coaches of my train plunging into water i called my,9746,tragedy,"Noida, NCR, India",1
wouldve been great if mbiwa just flattened that little rat,5540,flattened,no_location,0
leading emergency services boss welcomes new ambulance charity,251,ambulance,"New Orleans, LA",0
rt homeless vulnerable during north texas heat wave,6036,heat wave,"Fort Worth, Texas",1
so it looks like my profile shall be no more nothing left to offer dj mixes obliterated byebyesoundcloud,7419,obliterated,"Dublin, Ireland",0
no one is rioting burning down buildings or looting,1741,buildings burning,GO BLUE! HAIL YES!!,1
grow calgary avoids worst of citys wicked weather,5881,hailstorm,Heaven,1
you really have activity directory p,6784,lightning,45å¡ 5'12.53N 14å¡ 7'24.93E,0
love how i dont get in any trouble for having people over and the house still being trashed,9943,trouble,no_location,0
yo i got bars and im not even a rapper,953,blaze,302,0
california wildfires force thousands to evacuate via,4749,evacuate,U.S.A,1
near them on the sand half sunk a shattered visage lies,9248,sunk,glasgow,1
the possible new jerseys for the avalanche next year,788,avalanche,Freeport il,0
police arsonist deliberately set black church in north carolina ablaze,77,ablaze,Anaheim,1
me trying to look cute wen crush is passing by,2688,crush,no_location,0
youre a lot safer that way yeah a lot more stable if i get in trouble i have a seat right there,9934,trouble,Displaced Son of TEXAS!,0
seriously have the biggest girl crush ever on blake lively,2682,crush,no_location,0
dozens dead as two trains derail over river in india,3436,derail,no_location,1
day bug in fully patched os x comes under active exploit to hijack macs,6141,hijack,"Kansas City, MO",0
waiting for my chocolate lava cakes to get here,6712,lava,??9?,0
all andre and gore have to do is not fall off the cliff and were elite on that side of the ball,2274,cliff fall,BestCoast,0
im so traumatised,9861,traumatised,no_location,0
anyone know if fox news will be live streaming tonights republican debate online i want to watch the train wreck,10705,wreck,"SF Bay Area, California / Greater Phoenix, AZ",0
so thirsty yall in danger of dehydration,2942,danger,ALWAYS DYING NEVER RESTING,1
imagine an entire aisle dedicated to making people look like serbian refugees director of whole foods clothing section,8021,refugees,St PetersburgFL,0
the cafe run by acid attack survivors in india,9393,survivors,AUSTRALIA-SOUTHAFRICA-CAMBODIA,1
dorman ignition knock detonation sensor connector,3855,detonation,no_location,1
and when will you be commenting on ian taylors dealings with mass murderer arkan,6943,mass murderer,Dundee,1
politics democracys hatred for hate dawabsha threaten to erode israeli democracy homegrown terrorism ha,9453,terrorism,no_location,1
efs star wars and star trek collide on pluto moon charon pluto,2414,collide,no_location,0
its not funny im traumatised,9878,traumatised,lowestoft,0
neighbor kids stopped to watch me play disneys i lava you song on my uke left as i got into journeys dont stop believing kidsthesedays,6707,lava,"Santa Maria, CA",0
aerospace exec plane debris is from missing mh part of the aircraft wing found on reunion island is from th,3104,debris,"Belbroughton, England",1
the municipal emergency plan is now in effect stay safe everyone abstorm yyc,4593,emergency plan,"204, 555 11 Ave. S.W.",1
years ago today the u s dropped a nuclear weapon on japan here are some articles that share my opinion on that decision,10286,weapon,Pennsylvania,1
what time does your talk go until i dont know if i can make it due to work,95,ablaze,San Francisco,0
w ugliness due your ugly frats bioterrorismim she whos id u tolewantg another in my home,912,bioterrorism,no_location,1
this attempted mass murder brought to you by the obama administration,6877,mass murder,Everywhere,0
had an awesome time visiting the cfc head office the ancop site and ablaze thanks to tita vida for taking care of us,62,ablaze,milky way,0
didnt look like a murder scene just cops a fire truck and fire assistance cars along with a helicopter,5373,fire truck,Plain O' Texas,1
another white mass murderer thank god i live in california,6932,mass murderer,no_location,1
the spread of conflict palmoil has sparked an increase in fires destroying forest throughout indonesia,5754,forest fires,San Francisco,1
welcome read a free chapter of my new book encounters with jesus its full of hope,1271,blood,North Jersey,0
just wait until your friends at mta ruin it sorrybutitstrue,8350,ruin,"Yulee, FL",0
police officers arrested for abusing children at police run boot camp in san luis obispo calif,7756,police,"anzio,italy",1
tenshi activated yukis fire card,5344,fire,Makai,0
philippines must protect internally displaced persons warns un expert the diplomat,4084,displaced,Manila,1
congress should be renamed italian goonda party they are a motley crowd of hooligans and selfavowed crooks determined to derail democracy,3440,derail,"Jamshedpur, Jharkhand",0
ante hudhud cyclone chandrababu valle ne ante ga,2825,cyclone,hyderabad,1
a young german stormtrooper engaged in the battle of the somme,814,battle,no_location,1
heat wave warning aa ayyo dei just when i plan to visit friends after a year,10846,missing,no_location,1
migrants rescued after boat capsizes off libya,8126,rescued,Earth,1
ive heard were still using purple hearts manufactured then bc of the of casualties we expected,2042,casualties,no_location,1
kill i got court the day after earl,640,arsonist,ss,0
element of freedom the biggest party of the summer mirage saturday tickets at,7600,pandemonium,"Durham, NC",0
the drive sucks in my case because i know my desk looks like a war zone and then everyone goes into the i need this mode,10273,war zone,Southern California,0
puck flattened ball lol,5541,flattened,"Northampton, MA",0
all obama is doing is giving a false time schedule on iran testing there first bomb bomb nuclear suicide vest,9093,suicide bomb,no_location,0
inundated with employee holiday request paperwork our cloud based hr software will help simplify your staffing logistics,6625,inundated,"UK, Republic of Ireland and Australia",0
we are cuddling right now so,5212,fatality,playing soccer & eating pizza,0
ive just watched episode s e of bloody monday bloodymonday tvshowtime,1326,bloody,Brazil,0
content is held hostage by network due to affiliation fees,6326,hostage,San Francisco Bay Area,1
newberg upheaval jacque betz responds looking forward to the day she can answer questions orcot orpol,10152,upheaval,Oregon and Washington,0
the sound of arson,561,arson,"Kingston, Pennsylvania",0
nowplaying gt wildfire feat freaks in love feels like it should original mix massive dance radio listenlive,10496,wildfire,Australia,0
i hate white people mo,598,arsonist,ss,1
e particulate break up of solid combust fossil fuel voltaic active forest fire biological voc petroleum ch bacteria decomposition,5711,forest fire,no_location,1
they are evacuating buildings in that area of state road we still dont have confirmation of what is on fire,1792,buildings on fire,"Fort Walton Beach, Fl",1
but the design decision to lets make something fresh and beautiful and wonderful and then wreck it is kindof odd in restrospect,10696,wreck,"Victoria, BC",0
join charity k run event am start sun sept castle donington community first responders,5416,first responders,Long Eaton åá Derbyshire åá UK,0
excited for cyclone football,2830,cyclone,"Sioux Falls, SD",0
i want a full on bitch slapping guns blazing cake throwing charles showdown now that will be worth the wait,1023,blazing,Essex/Brighton,0
maxsys is hiring a demolition workers apply now halifax jobs,3361,demolition,"Halifax, Nouvelle-Ìäcosse",0
the best mind is clear content and observations for days,7032,mayhem,InterplanetaryZone,0
woman electrocuted red redblood videoclip,4456,electrocuted,New York,0
sure take them away from fire fighting for king stevie crusty to have a photo op,1838,burned,Canada,0
i hope you fall off a cliff,2281,cliff fall,Colchester Essex,0
abc news police officer wounded suspect dead after exchanging shots more news,10628,wounded,USA,1
tips so that finding the customers ego drought dqsvyusy,4119,drought,no_location,0
dad i wont chase you constantly all the time but frequently with a great deal of danger and distraction,2905,danger,no_location,0
mane im not a raiders fan but they been in a drought they need to go lol,4147,drought,At Work,0
floods fishing finally sunshine fab deals from albertsons anniversary sale lauren paints a beautiful life,5675,floods,California,0
osp concerned about mounting fatalities,5187,fatalities,"Youngstown, OH",1
bigamist and his first wife are charged in the deaths of his second pregnant wife her child her mother her nephew and their u,3054,deaths,no_location,0
faan gives owners of abandoned aircraft evacuation ultimatum via they should probe them too,4836,evacuation,UK,1
the feeling of lonelyness has sunk into me strange depressing feeling,9270,sunk,In your mind,0
rescuers are searching for hundreds of migrants in the mediterranean after a boat carrying as many as people capsized off the coast of,8175,rescuers,no_location,1
wounded and carried her back to where his brothers and sisters were and entered the air ship to go back to academia,10610,wounded,no_location,0
had lunch with stewart julian only a couple of hours earlier good to finally find out what happened to them,3080,deaths,Edinburgh,0
suffield alberta accident,136,accident,Alberta | Sask. | Montana,1
n past the l lane is reopened all other lanes are closed all lanes are open on the s trash truck fire cleanup,5386,fire truck,Los Angeles,1
debris confirmed from mh relatives hope for discovery of crash site via video,3144,debris,no_location,1
dont think ive ever been this close to a mental explosion in so long,4971,explosion,"Chicago Heights, IL",0
i must be overlooking the burning buildings blacklivesmatter,1727,buildings burning,"Madison, GA",1
my precious olive tree lost this battle another crazy windstorm in yyc,10563,windstorm,"calgary,ab",1
tennessee lesbian couple faked hate crime and destroyed own home with arson lesbian,589,arson,no_location,1
someone split a mudslide w me when i get off work,7164,mudslide,IUPUI '19,0
hail the user summons a hailstorm lasting five turns it damages all pokemon except the ice type,5842,hailstorm,no_location,0
that day remember the nuclear weapon power hiroshima th,10330,weapon,jayankondacholapuram.tamilnadu,1
day liquidation of emergency at chemical object usar usar ruor,2241,chemical emergency,"Moscow, Russia",0
i have a lot of trouble getting both students and adults to understand that the moon is farther away than they think,9918,trouble,"Indiana, USA",0
and i dont get waves of missing you anymore theyre more like tsunami tides in my eyesss,9992,tsunami,no_location,1
dr owen says four of ferrells ten bullet wounds were rapidly lethal kerricktrial twcnewsclt,10657,wounds,"Charlotte, N.C.",1
am now repped by the fantastic laura milne for all your liguistic needs and thats some tongue twister tweets,10056,twister,london,0
i already had my phone updated to and somehow my phone crashed and i had to restore it and theyre not letting me restore it,2641,crashed,no_location,0
seems gov moonbeam between tokes blames bush for all the fires,1983,bush fires,no_location,1
michael is engulfed by that jumper,4673,engulfed,no_location,0
arsonist arrested for setting many fires watch tonights other headlines nightbeat minutemix,614,arsonist,SF Bay Area,1
we have overrun a natural disaster survival server,7229,natural disaster,"Suburban Detroit, Michigan",1
world class tgirl ass scene pandemonium,7614,pandemonium,no_location,0
economic collapse investing specific actions and strategies to securing lasting wealth from the financial blowout,2315,collapse,no_location,1
love the twister and maddie and tae oktxduo,10013,twister,United States,0
photographs from s british mandate of palestine with no trace of palestinians,4065,displaced,"48.870833,2.399227",1
reading for work has collided with reading for pleasure huzzah dont miss s vermilion,2464,collided,Oregon,0
japan marks th anniversary of hiroshima atomic bombing from,1660,bombing,"Washington, DC",1
good samaritans shot in horror hijacking johannesburg four men were shot dead in bronville free state,6258,hijacking,no_location,1
pakistan disowned kasab now disowns naved state of denial naved the terrorist captured alive after an,9511,terrorist,Chennai,1
maailiss diaporama sixpenceee karymsky lake is a crater lake located in the karymsky volcano in russia with a,10213,volcano,no_location,0
putins plan to destroy western food en masse is causing a huge public backlash,3648,destroy,New York City,0
buddha was man for his time massive urbanisation and social upheaval also challenged brahmans dominance genius of the ancient world,10109,upheaval,"Deadend, UK",0
a slamming door and a lesson learned i let another lover crash and burn,2559,crash,no_location,0
establishment is working overtime to derail donzilla trump,3448,derail,"Los Angeles, CA",0
must get hot in burning buildings loses followers,1762,buildings burning,"England, United Kingdom",1
i keep sneezing either someone placed a southern dust storm in my house or someone talkin smack,4312,dust storm,Lizzy's Knee,0
bulletproof and black like a funeral the world around us is burning but were so cold,1883,burning,no_location,1
and tongue out as she collapsed in the cum puddle her whole body covered,2372,collapsed,Tokyo,0
what is double result live on the app,1166,blight,London,0
conklin being flattened shuffled feet instead of kick slide didnt get hands up into chest,5531,flattened,no_location,0
estimated damage and fatalities of an hiroshima sized atomic bomb dropped on your hometown hiroshima,5189,fatalities,"Nantes, France",1
enjoying a little golf this summer take care to avoid injury back and shoulder injuries can happen quickly,6534,injuries,California,1
er indoors will be devastated rip arfur georgecole,3935,devastated,Banbridge,1
setting up an emergency fund in easy steps you never know when a surprise expense will pop up so work up t,4528,emergency,World,0
i was over here dreaming peacefully then that loud ass thunder wanted to scare me,9590,thunder,no_location,1
violent storm causes damage flooding in watertown,10164,violent storm,"Watertown, Mass.",1
auction shoes retro fire red,5321,fire,Wrex,0
i liked a video benedict cumberbatch gets video bombed,1619,bombed,My old New England home,0
just completely annihilated cech with paul keegan what a time to be alive,335,annihilated,Û¢ Views From The Six Û¢,0
survived because of magic she is searching the wood for survivors outside of london,9425,survivors,"WV, love the blue and gold",1
can wait to see how pissed donnie is when i tell him i was in another accident,119,accident,no_location,0
the media needs to stop publicizing mass murder so many sick people want the eyes of the world and the media,6882,mass murder,New Sweden,0
electrocute yourself,4410,electrocute,Naperville,0
leos ass just got metaphorically blown up again piperwearsthepants charmed,1376,blown up,no_location,0
trump debate will be most highly watched show tonight even among progressives i too will watch hoping for a spectacular flaming wreck,10704,wreck,"Atlanta, Georgia",0
people have screamed right in my ear this week at camp twenty six and we still have day left cedarglade,8468,screamed,"Trumann, Arkansas",0
rt abbswinston zionist terrorist kidnapped palestinians in overnight terror on palestinian villages,9531,terrorist,MAD as Hell,1
self destruction mode,3787,destruction,"ÌÏT: 19.123127,72.825133",0
road closures remain in effect due to hazard trees falling tree torching and uphill runs of the fire forest service road remains close,5950,hazard,NIFC,1
dr bengston on wildfire management numbers and size of fires areas affected and costs of fighting them all show upward trend smem,10508,wildfire,"Ottawa, Canada",1
apollo brown detonate f m o p hhbu,3827,detonate,no_location,0
diretube information egypt cyprus and greece agreed to fight terrorism,9460,terrorism,no_location,1
put this in detroit niggas gone be acting out tryna fuck n drown mfs loose they buffs in the water,4170,drown,no_location,0
japan fuso class battleship yamashiro naval cover photo cachet sunk wwii,9255,sunk,no_location,1
is it time to panic now,7654,panic,"Linton Hall, VA",0
it wasnt a very big stab but it was a deep stab and theres like blood everwhe,1277,blood,Indonesia,1
this sounds like a song you would hear in a movie where they are walking away from burning buildings and cars and shit,1935,burning buildings,y/e/l,0
its like god wants me to become a mass murderer with how many dickheads i have to deal with on a daily basis,6911,mass murderer,wisco,0
i think i just blew up notifications go check her out shes so encouraging to me love her,1090,blew up,no_location,0
whelen model ss siren amplifier police emergency vehicle full read by ebay,8754,siren,New York,0
i am being subjected to unwarranted sexual conversation,6783,lightning,(RP),0
anyone wanna come over and watch twister with me toosoon,10032,twister,"Calgary, Alberta",0
with five burning questions for chris mullin and st johns in sjubb,1885,burning,Gameday,1
im seeing them and issues at aftershock,170,aftershock,dope show,0
la times refugio oil spill may have been costlier bigger than projected,7501,oil spill,United Kingdom,1
except we dont know who started the riot or if it even makes sense to credit any particular individuals,8234,riot,"Sligo and Galway, Ireland",1
many thx for share and your comment alex lightman what evidence did it take or will it take for you or your,6039,heat wave,"Greenfield, Massachusetts",0
mate theyve taken another since i posted this tweet its pandemonium,7621,pandemonium,"Leeds, UK",1
faculty members pushing university to overturn ban of trauma center protesters,9854,trauma,"Chicago, Illinois",1
i am screaming hell yes ahhhh omg,8539,screaming,JDB/LJC/AGB/TW/PLL,0
why do u ruin everything u ruined the sour cream and u put a brick of cheese in the freezer dummy,8375,ruin,"Winnipeg, Manitoba",0
speed nexus shifter for community cargo bike,10031,twister,no_location,0
the crew on enolagay had nuclear bomb on board disarmed mins to hiroshima they got ready to arm little boy,1556,bomb,Ireland,1
mums literally just picked up her new car today and flattened the battery already trying to sort out the bluetooth muppet,5548,flattened,Derby,0
blue bell may be close to a return from its listeria disaster hot on theneeds recipes,4019,disaster,San Francisco,1
hellfire is surrounded by desires so be careful and dont let your desires control you afterlife islam,6099,hellfire,no_location,0
im a gemini children screaming buildings burning police sirens in the distance,1722,buildings burning,no_location,1
everyone is setting flames upon me,5492,flames,"Eastlake, OH",0
investigators say a virgin galactic spaceship crash was caused by structural failure after the co pilot unlocked a braking system early,9042,structural failure,"Berlin, Germany",1
niggas love hating,947,blaze,ducked off . . .,0
womans gps app guides rescuers to injured biker in marin county,8159,rescuers,no_location,1
monsoon flooding monsoon rains have have hit india pakistan and myanmar hard this season two trains collided,2466,collided,no_location,1
so name all the countries weve invaded bombed aside libya in north africa in last years,1582,bombed,no_location,1
i apologise sincerely for the inevitable deluge of gbbo tweets to come i wont hold any grudges if you decide to unfollow baking cakes,3159,deluge,"London, England",0
now playing landslide by smashing pumpkins x,6670,landslide,Detroit/Windsor,0
funds needed for rescued then abandoned cocker spaniels,8111,rescued,no_location,0
good luck to the tomorrow night get some coefficient points plz,468,armageddon,"Rotterdam, Zuid-Holland",0
right yep youre a witness to his injuries haha its a gauze,6513,injuries,no_location,0
sweetpeas are running riot at the allotment and brightening up a rainy day,8237,riot,Tipperary (Long Way),1
oh wait i expected to go a totally different route in ls that was derailed by another barely passing grade in a required course super,3481,derailed,no_location,0
severe weather bulletin no for typhoon hannaph soudelor tropical cyclone warning issued at pm,2821,cyclone,Philippines,1
me says many of these wounds could be fatal some rather quickly others slower and a couple not lethal at all kerricktrial,10684,wounds,Charlotte,0
osage beach releases name,5179,fatalities,United States where it's warm,0
blog rain much needed as drought conditions worsen right now charlotte and much of the surrounding area have,4121,drought,"Charlotte, NC",1
picking up a man in a bar is like a snowstorm you never know when hes coming how many inches youll get or how longll hell stay,8927,snowstorm,teh internets,0
city of calgary activates municipal emergency plan news,4569,emergency plan,no_location,1
satans daughter shadow warrior in ft women aka transgender mode ps nyc is about to fold extra extra center of bioterrorism,893,bioterrorism,no_location,1
map shows where all of californias wildfires are burning this map created by cal fire,10444,wild fires,"Los Angeles, CA",1
as of there were beluga deaths reported at seaworld their average age years opseaworld,3100,deaths,Top Secret,1
at the day emergency services display meeting the brave police firefighters and first responders that help keep us safe,5454,first responders,"Stalybridge, Tameside",1
build and share your own custom applications all within w tc exchange infosec dfir threatintel,9542,threat,Everywhere,0
currency transgress before payday prison ward sinking fund payment unsecured loan jbumzqpk,8705,sinking,no_location,0
came across this fire video not mine enjoy babes way of saying hi to me while hes in the fire truck fireman,5385,fire truck,Five down from the Coffeeshop,0
most welcome organizing twitter to find the important stuff amongst the deluge btw loving the music and signed up for the ep,3157,deluge,www.tmgcgart.com,0
heat wave is relentless f feels like humidity relentless drought too now dominicana i know is worse in other places,4112,drought,Caribbean,1
cleared incident with injury i inner loop exit md georgia ave silver spring,6537,injury,no_location,1
dont say women got problems this keepingtheviginaclean thing is very interesting n less expensive metrofmtalk,9541,terrorist,Iraq|Afghanistan| RSA |Baghdad,0
in the u s government and libs made evil good and good evil we will reap the whirlwind lord have mercy on us,10405,whirlwind,"Harbour Heights, FL",0
you call them weekends i call them bloody mary times this summers been full of them my new,1300,bloody,"Lynnfield, MA",0
progressive greetings in about a month students would have set their pens ablaze in the torch publications,86,ablaze,Inang Pamantasan,0
but if you are carful about spotting damage time of check in why not time of giving away baggage its my loss all d wy,2867,damage,Right here,0
mudslide nuff said gbbo,7183,mudslide,"London, England",1
calgary pounded with hail on second day of storms,5829,hail,Global,1
worldwatchesferguson florida how dare you turn our streets into a war zone a war against citizens,10270,war zone,no_location,1
when he flattened machida did he lose that fight nope he lost fights to guys he shouldnt of lost to also,5528,flattened,somewhere too cold for me,1
news madhya pradesh train derailment village youth saved many lives til now ndtv,3508,derailment,no_location,1
i see people are panicking about orpik all over again,7735,panicking,"McLean, VA",0
from devastation to elation getting back on my feet helping those willing to help themselves,3980,devastation,Atlanta g.a.,0
i feel your pain survivors will look back on this period as most absurd in human history satire indistinguishable from reality,9430,survivors,"Berlin, NY, DC, Malibu",1
wow fatality on big rig hit motorcyclist blood everywhere wow im sick,5226,fatality,no_location,1
revise the death to america scenario while theres american casualties by iranian activity suspected,2047,casualties,everywhere,1
blew up those mentions,1112,blew up,New York ? ATL,0
ouch clelli you could almost hear their hopes and dreams being crushed,2728,crushed,"Conroe, TX",0
reuters debris confirmed from mh relatives hope for discovery of crash site,3119,debris,Campo Grande-MS,1
fire crews evacuate passengers from a gold coast tram trapped when powerlines fell across a carriage tennews pm,4723,evacuate,Brisbane,1
gunmen open fire on bus near el salvadors capital killing a week after gang attacks killed bus drivers bit,10590,wounded,United States,1
just down drown me k i cant swim,4160,drown,new york,0
two hours to get to a client meeting whirlwind of emotions with this tubestrike,10418,whirlwind,"London, Sydney",1
providence health services emergency services supervisor emergency department kodiak ak healthcare job,4635,emergency services,"Kodiak, AK",0
emergency units simulate a chemical explosion at nu evanston now,2242,chemical emergency,no_location,1
i want some tsunami take out,10003,tsunami,BROKE NIGGAS DREAM!!,0
the first trial in the death of cecilthelion was just postponed,3047,death,"New York, New York",0
bulgarian tittie twister by noemotion produced by edk pathfinders hd m via youtube,10030,twister,no_location,0
great atmosphere at the british lion gig tonight hearing is wrecked,10833,wrecked,Lincoln,0
a tin of tesco dog food exploded and prompted this complaint via pets dogs animals puppy,4914,exploded,London,0
natural lubrication metrofmtalk,9493,terrorist,Iraq|Afghanistan| RSA |Baghdad,0
happy birthday young blood,1252,blood,no_location,0
thanks i know you all get inundated have a good one,6602,inundated,"Sunnyvale, CA",0
huh me you and leo started that last year and ever since people blaze it in the back,972,blaze,no_location,0
shouout to cause her vocals are blazing hot like the weather shes in,996,blazing,no_location,0
pams barry island wedding meltdown,7081,meltdown,"Leeds, England",0
cum explosion,4989,explosion,no_location,0
things you can pick up from tozlet seat butt leprosy full blown jerkface syndrome a lateral lisp toilet rickets,1363,blown up,no_location,0
thats the optimistic side of me no doubt its tough but it can be done i feel like the games will pivot on defense,5493,flames,"Hillsville/Lynchburg, VA",0
brings her alabama thunder back to the attic september tickets,9566,thunder,"Decatur, GA",0
finnish ministers fennovoima nuclear reactor will go ahead via r worldnews,7325,nuclear reactor,no_location,0
horrible accident man died in wings of airplane wtf you cant believe your eyes,231,airplane accident,Thrissur,1
jsunnews storm damage reported in madison county thunderstorm damage reports ar via,2893,damage,no_location,1
the latest more homes razed by northern california wildfire abc news gn,7994,razed,no_location,1
for sixth year in a row premium costs for windstorm insurance to climb this time by percent galvnews,10535,windstorm,"Galveston, Texas",0
emergency surgery,4508,emergency,Columbus ?? North Carolina,0
the minute fat burning routine thats also really fun fat weightless fatburning burnfat skinny workout,1882,burning,"Hampton Roads, VA",0
new mad max screenshots show off a lovely dust storm combat magnum opus,4323,dust storm,no_location,0
ford other military very nice m a mutt with matching m trailer full read by ebay,7114,military,no_location,0
thought it was friday all day today was beyond devastated when i realised it wasnt,3923,devastated,Brum/Lestah,0
niggas favorite question is why you single bitch i dont know pussy too wet almost drowned a nigga,4239,drowned,"Richmond Heights, OH",0
i was going to tell him but you were body bagging him,1472,body bagging,Arizona,0
the mofo in dc will leave our military unarmed to be gunned down by terrorist a lot worseits not their sorry asses,7144,military,somewhere USA,0
bestnaijamade yr old pkk suicide bomber who detonated bomb in bestnaijamade bestnaijamade bestnaijamade be,9095,suicide bomb,Nigeria,1
and i s g if my mentions get blown up over my choice i will deactivate and leave for good respect my choices,1332,blown up,L/S/Z/L/T/H/C/H/R/A/S/C,0
i hate this damn milwaukee indyfest all the cars sound like a really long tornado siren going off and it woke me up from my nap,8787,siren,no_location,0
are the safety improvements being made to route in buffalo doing more harm than good,5900,harm,"Buffalo, NY",0
severe weather and a rare hailstorm pummel boston,5849,hailstorm,"Suginami-ku, Tokyo, Japan",1
small casualty on the way to colorado,2103,casualty,"Kansas City, MO",1
no i mean when is mino said that he doesnt smoke u mention it before,8888,smoke,Indonesia,0
my narrator will have to say chemically interesting lavatory for db not quite the tongue twister but certainly odd p,10057,twister,"Seattle native in Prescott, AZ",0
my favs im screaming so fucking loud,8511,screaming,Justin and Ariana follow,0
weapons catalogue,10329,weapon,no_location,0
crying out for more set me ablaze,52,ablaze,"Philadelphia, PA",0
the chemical brothers to play the armory in sf tomorrow night emergency bay area edm announcement the chem,2210,chemical emergency,"Littleton, CO, USA",0
when it rains in nj it flash floods otherwise its just a desert of grief and taxes,5683,floods,New Jersey,1
i scored points in punch quest stopped when a squeaky bat collided into my skull,2463,collided,no_location,1
if theres a chance will get a gander of the sinking ship that is tna too cant help but appease my morbid curiosity destinationimpact,8718,sinking,no_location,0
hey look kashs foundation live for today got blown up on people magazines website todd blake,1350,blown up,"ÌÏT: 30.307558,-81.403118",0
hot reddits new content policy goes into effect many horrible subreddits banned or quarantined prebreak best,7851,quarantined,South Africa,0
rt desolation run free till military thriller suspense kindle amreading,3611,desolation,no_location,0
how to freeze fruits and veggies,9009,stretcher,no_location,0
from lean thinking for quicker police emergency response time,4534,emergency,"Melbourne, Australia",0
mgn africa pin f correction tent collapse story correction tent collapse story,2351,collapse,Worldwide.,0
tries to electrocute self with phone cord,4421,electrocute,Mass,0
gd ideas im wrked hard now have almost nothing fear lives with poor fran reed,5306,fear,"Hilton Head, SC",0
i came in had he fucking moved his entire existence wouldve been obliterated,7414,obliterated,The dark,0
fotoset elanorofrohan th december green carpet in zurich for the swiss premiere of the desolation,3635,desolation,Middle Earth / Asgard / Berk,1
new smp ignition knock detonation sensor ks,3869,detonation,no_location,0
gotta try to let go of so many bloody things smh,1293,bloody,no_location,0
where you being electrocuted all the way round the map sure looks like it,4465,electrocuted,no_location,0
couple spend wedding day feeding syrian refugees see more,8023,refugees,EspaÌ±a,0
no civilian population ever deserves demolition may we never forget learn from our mistakes hiroshima,3368,demolition,no_location,1
headed to the massacre bodies arriving everyday what were those shells you heard picking the bones up along the way,6970,massacre,no_location,1
flattened,5521,flattened,Mars,0
earthquake and tsunami that occurred in japan free speech is also swallowed,9978,tsunami,??????????????,1
first time playing hearthstone on pc thoughts,1217,blizzard,no_location,0
louis is sad cancel the show now everyone leave evacuate this cannot go on,4737,evacuate,no_location,0
a wasp just dive bombed my face,1627,bombed,texas a&m university,0
fucking yes r antipozi is quarantined triggered the cucks we have,7861,quarantined,no_location,0
cherry print matching lipstick just rediscovered nars heat wave by,6071,heat wave,no_location,0
people are finally panicking about cable tv,7717,panicking,no_location,0
like ahhhhh fix the alec made state med tort and work comp laws leading to the injustice in our mh,3388,demolition,"New York, USA",0
lol cousin coursing now they are causing di maria lol,8750,siren,no_location,0
did you get wrecked again,10823,wrecked,"Manhattan, NY",1
how many cars do those cyclists wreck going past scratching with pedals they should be banned c news,10693,wreck,Pratt-on-Wye,0
the far right racist avigdorliberman calls for destruction of susiya previously he also called for beheadings,3286,demolish,"London, UK",1
oh gio was my backup but with skc next and bwp getting a crack at nycfc injury i went bwp lol wrong,6573,injury,Louisiana,0
do texts use data she was inundated by a group text yesterday,6598,inundated,The windy plains of Denver,0
dakota skye gets horny with some porn then gets her juicy pussy pounded view and download video,9672,tornado,no_location,0
i just got screamed at for asking my dad to move half a step so i could get through,8458,screamed,no_location,0
queens gambit went well until anakin blew up the droid control ship oh well still fun cant stop is next wbc,1105,blew up,no_location,0
who is bagging her body shes smoking hot,1431,body bagging,"Sydney, New South Wales",0
emergency in odai bucharest romania dogs dying they are so hungry that they eat each other,4547,emergency,no_location,1
lol u got wrecked,10810,wrecked,6,0
australias ashes disaster how the collapse unfolded at trent bridge telegraph,1702,bridge collapse,UK,1
meet the bloody rs,1318,bloody,no_location,0
so you have a new weapon that can cause un imaginable destruction,3796,destruction,no_location,1
preacher faces uk terrorism charges,9450,terrorism,USA,1
oregons biggest wildfire slows growth via,10527,wildfire,"Eddyville, Oregon 97343",1
damnnnn gmcr got obliterated that should pay huge to whomever played accordingly,7402,obliterated,no_location,0
denali wolf population declined from in just in reinstate emergency buffer zone protectdenaliwolves,4542,emergency,no_location,1
over half of poll respondents worry nuclear disaster fading from public consciousness fukushima,7292,nuclear disaster,Fukushima city Fukushima.pref,0
pm abe pledged to make every effort to seek a world without nuclear weapons,10371,weapons,"Hawthorne, NE",1
a sinkhole grows in brooklyn six meter crater swallows street,8651,sinkhole,no_location,1
the result of failure in correcting structural problems with wests financial markets collapse,9057,structural failure,Stateless Global Citizen,1
we just happened to get on the same road right behind the buses im dead serious,2963,dead,no_location,0
someone has to be at the bottom of every league tonight clearly demonstrated why the lions are where they are sunk,9263,sunk,Bracknell,1
i hope u trip n fall of a cliff after this tweet,2288,cliff fall,36 & 38,0
do you have an emergency drinking water plan download guide in english spanish french arabic or vietnamese,4589,emergency plan,no_location,0
my lifelong all time favorite song is landslide this song has gotten me through a lot of though times,6664,landslide,Detroit Tigers Dugout,0
fyi cad fyi accident property damage wpd s th st,133,accident,"New Hanover County, NC",1
rt nws posts severe thunderstorm warnings for parts of ar nc ok seek strong shelter if at risk,9638,thunderstorm,no_location,1
these money grubbing kikes need to get a cluei have no money but i can still destroy with telekinesis watch,3664,destroy,no_location,1
people arent rioting because justice has been served and that murderer is behind bars simple no justice no peace justice peace,8266,rioting,no_location,1
any lengths to rescue a cat in need,8070,rescue,"Surry Hills, Sydney",0
diego costa needs to stop getting injuries urg,6530,injuries,no_location,0
i just nearly crashed my car typing paul rudd attacked by flying ants into notes on my phone,2643,crashed,Kingswinford,0
obliterated,7400,obliterated,New York,0
kelby tomlinson mild mannered nd baseman for a great metropolitan team fights a never ending battle for hits rbi and the sfgiants way,804,battle,"San Jose, CA",0
easy way to look good after the ray rice fiasco that blew up,1118,blew up,"Brooklyn, NY",0
navy sidelines newest subs,7326,nuclear reactor,no_location,0
i could demolish this right now,3287,demolish,London,0
new summer long thin body bag hip a word skirt blue,1393,body bag,no_location,0
statistically im at more of risk of getting killed by a cop than i am of dying in an airplane accident,242,airplane accident,"San Francisco, CA",0
could anyone tell me of this here has crashed or just taking a very long time windows please,2624,crashed,no_location,0
the fact that the atomic bombs were called little boy and fat man says a lot about the mentality that went into the attack,685,attack,London.,1
gulfport energy all in realizations fall off a cliff,2296,cliff fall,Slappin and Smackin,0
failure is a misfortunebut regret is a catastrophe,2114,catastrophe,no_location,0
this is a one direction concert not a war zone what is this otrametlife,10283,war zone,ca(NADA),1
i am okay thank you yes your kindness is fatal though its like patrick stump level kindness,5139,fatal,no_location,0
nowplaying fitz and the tantrums out of my league on crush listen nowplaying,2698,crush,"Toronto, Worldwide",0
severe storm weakening as it moves se towards lubbock area outflow boundary may create dust and mph gusts,4304,dust storm,"Lubbock, TX",1
ttw todays news bin laden family plane crashed after avoiding microlight and landing too far down runway,2648,crashed,International,1
hey its happing again any trouble shooting steps for when this happens,9925,trouble,"Boston, MA",0
breaking authorities respond to ocean fire,7039,mayhem,Jersey Shore,1
go easy on her paul the poor woman has been traumatised by a cake gbbo,9862,traumatised,uk,0
photo mothernaturenetwork what is thundersnow hearing thunder during a snowstorm is extremely uncommon,8935,snowstorm,In the spirit world,1
people displaced after alarm fire tore through apartment buildings on second street in manchester mht,1817,buildings on fire,New Hampshire,1
chinas stock market crash this summer has sparked interest from bargain hunters and bulls betting on a rebound d,8310,rubble,no_location,0
im not a drake fan but i enjoy seeing him body bagging people great marketing lol,1453,body bagging,no_location,0
now ive said all this hes dead and no one else dies,2987,dead,South Stand,0
hell kill me instead if he survived the shot i dont exactly know i fled the scene and pulled the trigger with,9355,survived,?,1
thunder buddys thunder buddys,9574,thunder,no_location,1
things and what if we get attacked,744,attacked,in Dimitri's arms,0
cyclist who collided with runner on roanoke greenway wins civil verdict roanoke times cyclist who c,2501,collided,no_location,1
is looking to repair its recent bad rap with some nonprofit partnerships,2931,danger,"Boston, MA",0
hotel evacuated after fire on shore drive in norfolk,4793,evacuated,no_location,1
patrick roy upper deck spx finite made colorado avalanche mint,758,avalanche,no_location,0
just demolished a snowball,3328,demolished,no_location,0
sorry i built a fire by my desk already rt please maintain that snowstorm til i arrive,8900,snowstorm,"Huntington, WV",0
neither of them even smoke so i dk what was going on lol,8883,smoke,PSA Nursing,0
ive been following you this long sunk cost fallacy or somethin,9250,sunk,no_location,0
i can not envision any catastrophe that would prevent a woman placing her child for adoption,2117,catastrophe,no_location,0
mary coming to troy rescue,8083,rescue,Wanderlust,0
my avi and header combo is fire,5320,fire,no_location,0
apparently theyre going to have a ww siren to announce something not sure if thats fun or dull bc the ww siren is a v monotonous sound,8760,siren,Michel Delving.,0
us navy sidelines newest subs defensenews comus navy sidelines newest subsd navy,7306,nuclear reactor,no_location,1
dear in the name of humanityi apologized to hiroshima survivors r u ready to do so japan nuclearweapons,9402,survivors,no_location,1
rescue of the day its world cat day saturday aug th black black white cats just newbeginningsanimalrescue,8065,rescue,New Jersey,0
udhampur terror attack nia takes over probe pakistani terrorist quizzed pak denies link elections achedin,9505,terrorist,"New Delhi, India",1
california oil spill might be larger than projected,7497,oil spill,"New York, NY",1
wow crackdown uses multiple servers in multiplayer u can destroy whole buildings copped,3674,destroy,Trackside California,0
rene ablaze jacinta secret k fallen skies edit mar,89,ablaze,Twitter Lockout in progress,0
greedy bastards way to ruin creativity censorship on youtube,8383,ruin,"Sacramento, CA",0
when he lets you drive his truck and you start panicking because you had to flip that bitch,7737,panicking,no_location,0
did lloyds of london insure your bet with sinking twins,8723,sinking,no_location,0
back to back like im on the cover of lethal weapon,10313,weapon,no_location,0
cue storm with massive wind and hail now a power outage in davidson county,5800,hail,Inside the Beltway (DC Area),1
aftershock back to school kick off was great i want to thank everyone for making it possible what a great night,191,aftershock,no_location,0
ive come to the realization that i just dont have the attention span for mass battle games both painting and playing,818,battle,Wisconsin,0
look what shad forsythe has done in year we wont have as many injuries as before we will inevitably have injuries like others,6511,injuries,"Sutton, London UK",0
harshness follows us a better day by sarah c racing thoughts with screaming sirens pacing back and forth for,8510,screaming,no_location,0
the whirlwind scourge of europe rt or you could just watch the fanged four,10428,whirlwind,NEPA/570,0
chinas stock market crash are there gems in the rubble chinas stock market crash this summer h by forbes,8321,rubble,Spain - China - Latin America.,0
is one of the challenges on tough enough rescuing people from burning buildings,1763,buildings burning,"Dublin City, Ireland",0
im gonna get naked and smoke my cigarette someone call me radneck or is it just too hot in here,8852,smoke,no_location,0
moderate drought is spreading rapidly across central ga macon warnerrobins dublin milledgeville gawx,4139,drought,"Macon, Georgia",1
how is this scum still alive obliterate this cancer,7365,obliterate,NEWCASTLE,0
how to remove softenza hijacker softenza anthelmintic nature book drawing out help sea,6233,hijacker,no_location,0
usgs eq m km s of volcano hawaii time utc a earthquake,10222,volcano,"Hawaii, USA",1
remember this was a massacre of civilians hiroshima,6973,massacre,Ireland,1
i have an unexplainable desire to watch the rescuers childhooddefined,8154,rescuers,no_location,0
leeds fan rioting in embra at a lower tier league cup final dee dum,8256,rioting,Serva Fidem,1
i remember when i worked at mcdonalds i use to be hours late because we used military time and i use to mess up when i had to be there,7138,military,no_location,0
scene of the derailment cta green line at rd prairie,3548,derailment,"Chicago, IL",1
thank you senator for your leadership on irandeal our military deserves nothing less thank you,7115,military,Hearts & Minds,0
has entered into the jagm project to replace tow and hellfire missiles check it out here,6133,hellfire,"Benicia, CA",0
the example i used is even worse in that its a café trying to market itself w hashtag hijacking,6241,hijacking,"South Pasadena, CA",0
see the yr old pkk suicide bomber who detonated bomb in turkey army trench via,9110,suicide bomb,Email: Lovethterry@gmail.com,1
on town of salem i just melted ice cube bc im the arsonist d,622,arsonist,no_location,0
im shaking in fear hes gonna hack the planet,5286,fear,no_location,0
just being linked to arsenal causes injury,6570,injury,no_location,1
update on pulwama encounter that began earlier today nd terrorist killed by security forces security forces,9500,terrorist,world,1
i need u to delete this before i start crying into my computer and electrocute myself,4427,electrocute,no_location,0
hope the drowned,4244,drowned,no_location,0
i hate that im so awkward and i ruin things,8372,ruin,"2,360 miles away",0
fucking live here im surprised ive survived this long,9363,survived,no_location,0
death threats on a nigga life well then we gon see,3009,death,PROV,0
my ears are bleeding,1050,bleeding,"Quantico, VA",0
when u do a fatality and like the corpse is still jittering,5223,fatality,no_location,1
sinkhole selfies you wont believe whats in the brooklyn sinkhole sinkhole sel funny,8677,sinkhole,Hinterestland,0
anyone missing their license plate two stolen ones found on terrorists car,9510,terrorist,Loading...,1
eh hello cover your bloody thighs your bloody cleav eh hello since when do i expose my cleavage and i on,1312,bloody,Singapore,0
rock springs residents living off elk street continue to battle flooding issues after mondays rain storm while,5611,flooding,"Rock Springs, WY",1
some great footage of strong work from san bernardino county fire who is also working the wild fires right now,10445,wild fires,no_location,1
shes proper traumatised that pepper is dead i cant wait to see her face,9881,traumatised,no_location,0
will be dropping fire selfie tomorrow saying youre welcome ahead of time,5359,fire,the moon,0
landslide live by fleetwood mac nowplaying q,6656,landslide,"Roanoke, VA",0
italy three dead after landslide in the italian alps via,6686,landslide,EGYPT,1
spot flood combo inch w curved cree led work light bar x offroad fog lamp full re,5564,flood,New York,0
when i breathe it sounds like a windstorm haha cool,10546,windstorm,Georgia ? Tennessee,0
pete when will the heat wave pass is it really going to be mid month frisco boy scouts have a canoe trip in okla,6059,heat wave,"Frisco, TX",1
crushed,2703,crushed,no_location,0
news wrap un warns female and child casualties are on the rise in afghanistan pbs iraq,2045,casualties,UK,1
no worries youd have to be on every hitters most pitchers got destroyed,3729,destroyed,"North Port, FL",0
grace this is not your first storm you know bicycles fences trees will fly as well as idiots drowning that go by swollen rivers,4252,drowning,USA,1
landslide trump bush via,6660,landslide,Texas,0
alright now im gonna crash im so exhausted,2561,crash,"Aix-en-Provence, France",0
california police officer pulls gun on man without any apparent provocation video via,7760,police,"US, PA",1
it scares me that theres new versions of nuclear attack warnings like just knowing that governments still prepare for them,654,attack,no_location,1
panic at the disco is the best song by this is gospel acoustic,7674,panic,elena's bed // info on link,0
after all that time riot should really make an official satan teemo skin,8219,riot,no_location,0
set some goals then demolish them fitness inspiration,3277,demolish,"Otsego, MI",0
plane from new york to kuwait diverts to uk after declaring state of emergency,4517,emergency,Kuwait,1
businesses are deluged with invoices make y urs stand out with colour or shape and its likely to rise to the top of the pay pile,3244,deluged,no_location,0
bloomberg will publish anything negative to try and derail public support in favor of the irandeal,3410,derail,"Los Angeles, CA",0
info s wnd cld sct bkn exp inst apch rwy curfew in oper until z taxiways foxtrot foxtrot navbl tmp,2767,curfew,"Adelaide, Australia",0
i see dat we liable to fuck up and crash,2594,crash,no_location,0
magnetic and electrostatic nuclear fusion reactor,7323,nuclear reactor,Paris (France),0
her cake looks like a mudslide hah,7192,mudslide,no_location,0
theres this person they reckon when youre dying your brain floods with dmt causing you to relive your life in real time in a simulation,5673,floods,london,0
science now that a piece of wreckage from flight mh has been confirmed on réunion island is it possible t,10747,wreckage,no_location,1
if time heals all wounds how come the belly button stays the same,10665,wounds,"Cleveland, OH",0
entire town of roosevelt wash evacuated because of wildfire,4799,evacuated,WA State,1
police officer wounded suspect dead after exchanging shots richmond police officer wounded suspect killed a,10620,wounded,no_location,1
new cocktail on the list el diablo mas verde mezcal yellow chartreuse honey cucumber hellfire bitters,6115,hellfire,"570 Vanderbilt; Brooklyn, NY",0
haha exactly cosima is definitely in the hot seat lol its shay is no different from a bomb that got exploded,4946,exploded,no_location,0
hinton city officials confirm multiple buildings on fire currently evacuating people on main street were on our way,1818,buildings on fire,"Oklahoma City, OK",1
very sad to learn of the derailment of trains in mp my deepest condolences to the families who lost loved ones in this mishap,3544,derailment,no_location,1
i had a airplane accident,240,airplane accident,Israel,1
erdogans bloody gambit on july a suicide bombing in turkey took the lives of socialists in suru,9226,suicide bombing,Australia,1
on st august turkish jets bombed the village zergele in qendil and killed civilians and others wounded,1595,bombed,"DÌ_sseldorf, Germany",1
welcome family cleveland standup,939,blaze,"Atlanta,Ga",0
national briefing west california spring oil spill estimate grows documents released on wednesday d nyt,7525,oil spill,"England, Great Britain.",1
latest post bayelsa poll tension in bayelsa as patience jonathan plans to hijack apc pdp,6169,hijack,Nigeria,0
rt reddit will now quarantine offensive content,7823,quarantine,"San Diego, Calif.",0
you cant research collective memory the st rule of writing diverse should be dont touch another groups tragedy,9715,tragedy,no_location,0
my and food worlds have collided in this salmon video simple alaskaseafood askforalaska,2479,collided,no_location,0
on the rare occasion i do go out im complete obliterated the next day throwing up and passing out my body is accustomed to alcohol,7442,obliterated,"Birmingham, England",0
yeah tonight i ride the lightning to my final resting place,6785,lightning,no_location,0
the rocky fire burning in northern california is still threatening more than buildings its the largest in the state newsmornings,1735,buildings burning,"Denver, Colorado",1
there are a few reasons for that but one of them is the constant drake inundation extremely annoying if drake lands us a,6636,inundation,no_location,0
cia plot rolling eyes rt chinese relatives of mh victims say reunion island wreckage was planted,10751,wreckage,Bangkok,1
i hope it rains throughout the whole weekend i hope it floods and the portaloos become sentient,5687,floods,"St Austell, Cornwall",0
there was a small earthquake in la but dont worry emily rossum is fine difficultpeople is great,4375,earthquake,no_location,1
when you dont know which way an ambulance is coming from,274,ambulance,|| c h i c a g o ||,1
activates emergency plan amid severe thunderstorm warning yyc abstorm,4562,emergency plan,"Calgary, Alberta, Canada",1
the shooting or the airplane accident,244,airplane accident,nyc,1
domestic terrorism no ifs ands or buts about it you created this,9468,terrorism,Planet Earth,0
poor liv and i getting our phones wrecked on the same day thatswhatfriendsarefor,10793,wrecked,no_location,0
truckcrash overturns on fortworth interstate click here if youve been in a crash,120,accident,"Arlington, TX",1
fall off a cliff into hell idc,2284,cliff fall,Suplex City,0
wwe k mycareer ep tyrone body bagging dudes via,1456,body bagging,no_location,0
brain twister let drop up telly structuring cast edcxo,10020,twister,no_location,0
organic natural horn stretcher expander earrings body jewelry with painting in tribal,9005,stretcher,U.S.A and Canada,0
dead in kuwait mosque suicide bombing claimed by isis offshoot on,9203,suicide bombing,no_location,1
sadly the tent fly did not survive this hailstorm and now i have tears in the roof and water in the tent only,5863,hailstorm,"Calgary, Canada",1
megalpolis area petting party shiver fear instant global inundation overflow was commencement write,6635,inundation,Asia European Continent Korea,0
nah young blood that cook is gone im cut now haha,1230,blood,no_location,0
tomorrow is the day we start armageddon preseasonworkouts,486,armageddon,middle eastern palace,0
go look at grizzly peak right now it looks like the beginning of an dystopian apocalypse movie,427,apocalypse,"Oregon, USA",0
kisii police in kisii hunt for students over failed arson plot police in kisii hunt for students countynews,570,arson,"Eldoret, kenya",1
such activities of govt cant derail us from our aim we still remain peaceful and unite for freesikhpoliticalprisnors,3411,derail,no_location,0
chicago ap organizers of lollapalooza say they are reopening the music festival after the threat of a storm prompted them to evacuate,4712,evacuate,no_location,1
world fears over missing migrants in med rescuers search for survivors after a boat carrying as many a news,8149,rescuers,no_location,1
help me survive the zombie apocalypse at the zombie fun run on november th teamsurvivors zombiefunrun,9324,survive,Back East in PA,0
hse releases annual workplace facilities data have a look,5174,fatalities,Official Website,0
so did we have a hurricane tornado tsunami someone please tell me what the hell happened nopower,9960,tsunami,no_location,1
beat the heat today only kill cliff free fall pick up a cold drink today after the tough crossfit,2257,cliff fall,no_location,0
lets play the floor is lava but instead of just the floor lets play with the whole world and never get out of bed,6738,lava,buffalo / madrid / granada,0
after a suicide bombing in suru that killed people turkey launches airstrikes against isil and kurdistan workers party camps in iraq,9193,suicide bombing,no_location,1
families to sue over legionnaires more than families affected by the fatal outbreak o news check follow,7587,outbreak,"Fukuoka, Japan",1
worked in factory pressing designs onto t shirts was electrocuted d t faulty ground boss docked my pay while i was at er worstsummerjob,4491,electrocuted,Atlanta,1
mosque bombing strikes saudi special forces at least people dead a suicide bomber struck a mosque i news,9161,suicide bomber,"19.600858, -99.047821",1
fyi accident property damage limestone ln col yellowstone way fieldstone dr,2857,damage,"Bartholomew County, Indiana",1
investigators have said a virgin galactic spaceship crash was caused by structural failure after the co pilot,9052,structural failure,"Cimahi,West Java,Indonesia",1
we found a sunflower explosion on our walk,4998,explosion,"Long Island, NY",1
beat g motor vehicle collision hit and run at rainier av s s charles st reported on pm call,2507,collision,no_location,1
love it when jesse suffers a panic attack,7651,panic,no_location,0
black eye a space battle occurred at star o involving fleets totaling ships with destroyed,823,battle,USA,0
a sandstorm in jordan has coated the middle easts largest refugee camp in a layer of grit,8406,sandstorm,no_location,1
bangalore reddit updates content policy promises to quarantine extremely offensive communities startups in,7810,quarantine,"Bangalore, INDIA",0
casualty insurance jobs against hunt up willinghearted into rpn,2099,casualty,no_location,0
its not an impulse and it doesnt end in mass murder correlation does not imply causation,6850,mass murder,Antarctica,1
sometimes your cheekiness bleeds through my computer screen and i recoil in fear,5265,fear,"sitting on the fence, New York",0
salem nuclear reactor shut down over electrical circuit failure on pump the salem nuclear reactor had bee,7301,nuclear reactor,"USA, North Dakota",1
dead as afghanistan aircraft crashes an afghan military helicopter has crashed in a remote region of the s,2954,dead,Afghanistan,1
i trickshot with a regular controller fucking infinite fading is so harm,5909,harm,England,0
yep during floods of or clyde dam releasing every bit of water it could most speccy ev charging your way,5685,floods,"Timaru District, New Zealand",1
we can hear the conversation now sorry senator we thought you said electrocute million etc,4444,electrocute,South Africa,0
i wanna tweet a niall thx for not making me was to electrocute myself tweet but im scared ill jinx it,4406,electrocute,#otrakansascity,0
screams and gets a face full of saku genitals,8571,screams,Where ever i please,0
do you have a plan emergency preparedness for families of children with special needs autism specialneeds,4584,emergency plan,Indiana,0
so i just watched the trailed for the dust storm and i think part of me just died colin is so perfect my goodness,4313,dust storm,no_location,0
love you cant wait until collide,2421,collide,no_location,0
dry thunderstorms with lightning possible in the pinpoint valley forecast,6776,lightning,no_location,1
as california fires rage forest service sounds the alarm about sharply rising wildfire costs,5743,forest fires,"Washington, D.C.",1
the bible sometimes backs up the truck and unloads a descriptive deluge of indecency on us explains why on next,3181,deluge,no_location,0
shawie shawie breaking news unconfirmed i just heard a loud bang nearby in what appears to be a blast of wind from my neighbours ass,6809,loud bang,Kenya,0
how to ruin the holidays in wordk its a zmne,8364,ruin,no_location,0
firefigthers evacuate from northampton township house fire,4720,evacuate,Worldwide,1
condemnation clearly replacing the latest response aimlessly dryer evacuate detersion de hlg,4731,evacuate,no_location,1
us wont upgrade its infrastructure it a bad situation and its going to get ugly very quickly usa sustainability,1718,bridge collapse,"NY, CT & Greece",1
marlon williams elvis presley marlon williams steel panther shuffle mode like a bloody legend,1327,bloody,AUS,0
not one character in the final destination series has ever survived,9362,survived,no_location,0
two cranes restoring a bridge in the central dutch town of alphen aan den rijn collapse on to buildings with rescuers searching for,1712,bridge collapse,no_location,1
i shouldve gave him a curfew,2763,curfew,somewhere in cali,0
anyone travelling aberystwyth shrewsbury right now theres been an incident services at a halt just outside shrews ambulance on scene,252,ambulance,West Wales,1
shipping logistics enca fatalities as migrant boat capsizes in med with hundreds onboard capsized as i,5208,fatalities,no_location,1
isis are orchs but they dont have the ability to massacre civilians far from the frontlines like the tyrant,6945,massacre,no_location,1
meg issues hazardous weather outlook hwo wx,6007,hazardous,United States,1
im on top of the hill and i can see a fire in the woods,13,missing,no_location,1
flood advisory in effect for shelby county in al until pm alwx,5593,flood,USA,1
the witches of the glass castle supernatural ya where sibling rivalry magic and love collide wogc kindle,2428,collide,The Forever Girl,0
my head gonna explode soon,4892,explode,Kajang ? UiTM Puncak Alam,0
show me a picture of it,9040,stretcher,no_location,1
photo failure in structural integrity affects us all whether it is a barn raised upon a faulty concrete,9079,structural failure,no_location,0
why put out a fire when its still burning,5317,fire,no_location,0
ik only troll his pol rivals never literally abused them or attacked their families while all of them literally abuse ik loosers,721,attacked,Peshawar,0
bleachers entire set has been one big game of the stage is lava,6726,lava,"Chicago, Il",0
young children among those rescued from capsized boat off libya via,8128,rescued,no_location,1
etp bengal floods cm mamata banerjee blames dvc bjp claims state failed to use relief funds even as flood w,5693,floods,Earth,1
you may know me from such roles as terrorist,9520,terrorist,Canada,0
hi res doppler showing storm just ne of edmond is now severe with hail and mph wind possible okwx,5833,hail,"Tulsa, Oklahoma",1
repulsive refugees victimiser dutton evangelical liar abbott c o lnp on a dupe the press overdrive choppergate bronwynbishop auspol,8015,refugees,Statute Of Limitations_,0
i barely smoke with people i solo all my blunts,8844,smoke,"Arlington, TX",0
leader of zionism stop burning babies,1887,burning,Earthling (For now!),1
yay good cooler weather for pdx abq nm is feeling the heat wave now bcuz my rain dances arent working,6076,heat wave,Albuquerque New Mexico,0
she didnt even notice me in the background im a floatin head bombed,1623,bombed,no_location,1
i am traumatised the lil shit nearly hopped in the bloody shower with me,9907,traumatised,no_location,0
the u s department of commerce has been deluged the last two months with com,3241,deluged,no_location,0
okay not sure the word mass murder applies during this war but it was horrendous none the less,6896,mass murder,"Huntsville, AL",1
i should probably stay away from hot glue guns i burned one finger pretty bad,1823,burned,germany,0
its broken its fully exploded,4915,exploded,LFC x GSW,1
im more into the healing reviving side of the game rather than better attacking so for now siren all other characters except new girl,8752,siren,"UAE,Sharjah/ AbuDhabi",0
twin storms blow through calgary,5854,hailstorm,Massachusetts,1
russian food crematoria provokes outrage amid crisis famine memories,5104,famine,no_location,1
usama bin ladins family dead in airplane crash naturally no accident,221,airplane accident,Not a U.S resident,1
if it wasnt for the blood,1253,blood,International,0
the answer my friend is yelling in the wind my latest article for read and share thanks,4326,dust storm,CA via Brum,0
some guy whistled at me in the parking lot it did not help that the wind blew my skirt up getting in the car,1110,blew up,california mermaid ?,0
i added a video to a playlist dan and arin demolish a giant gummy bear grumpout,3300,demolish,sweden,0
my niece just asked me would you be scared if there was an apocalypse here,429,apocalypse,"Harlingen, TX",0
confirmed the debris from mh,3108,debris,no_location,1
k matako bot breaking news unconfirmed i just heard a loud bang nearby in what appears to be a blast of wind from my neighbours ass,6824,loud bang,Kenya,0
let me be your hot blazing fantasy escorts gfe dubai,1015,blazing,Everywhere,0
deal of the day brand new dserialpcilp lava computer pci bus dual serial board e,6725,lava,USA,0
what we perceive burns faintly like a sputtering candle before the vast desolate glacier of eternity sister gyrsi,3555,desolate,United Kingdom,0
a group of florida forest service firefighters could be deployed to california to help contain fires details at,5764,forest fires,no_location,1
has gun law ever dissuaded a potential mass murderer,6931,mass murderer,"West Hollywood, CA",1
q why do ducks have big flat feet a to stamp out forest fires q why do elephants have big flat feet a to stamp out flaming ducks,5740,forest fires,no_location,0
bbc r live studio discussion of hiroshima v poor sheer luck the cold war did not result in catastrophe mad red herring scraptrident,2153,catastrophe,no_location,1
u s in record hurricane drought the united states hasnt been hit by a major hurricane in the past nine years and it seems like that,4133,drought,no_location,1
drake really body bagging peeps man he really bout it,1477,body bagging,EPTX,0
usa breaking news chemical spill evacuations red cross emergency,2219,chemical emergency,http://www.amazon.com/dp/B00HR,1
video were picking up bodies from water rescuers are searching for hundreds of migrants in the mediterran,8143,rescuers,Westerland,1
four hundred wrecked cars costing apiece were purchased for the making of this film,10789,wrecked,Pennsylvania,0
head up like yo nose bleeding,1054,bleeding,no_location,0
nws flash flood warning continued for shelby county until pm wednesday tnwx,10850,missing,no_location,1
city of calgary activates municipal emergency plan,4563,emergency plan,Somewhere in the Canada,1
this storm,8968,storm,"Johns Creek, GA",0
its baaaack petersens bowhunting battle of the bows make sure you head on over and cast your vote for your,802,battle,no_location,0
who had a car crashsterling who was driving in the carmel or joeysterling knight,2560,crash,no_location,0
this popeyes bout to get crushed,2706,crushed,no_location,0
nuclear reactor railguns would be a great way to deliver t s,7311,nuclear reactor,no_location,0
jacksonville family bands together as memorial is planned for toddler who florida,4204,drowned,"Alberta, VA",0
my hand is burning,1899,burning,no_location,1
wild fires freak me the fuck out like hell no,10458,wild fires,nap central,1
relief train carrying survivors of the derailed janta express reaches mumbai via,3486,derailed,no_location,1
christians detained in zhejiang amid widespread anger over cross removal over crosses removed since last yr,3398,demolition,no_location,0
building muscle with feast and famine feeding most diet plans are based around losing weight but what should you,5078,famine,"Edappally,Kochi",0
cruises m i emergency plan awesome fail,4578,emergency plan,Kansas City,0
this week has been a whirlwind but this is exactly what i imagined the nyc version of my career to be like,10430,whirlwind,"pettyville, usa",0
you see the devastation its shocking firefighters continue to battle flames in california benstracy reports,5486,flames,United States,1
man accused in fatal hit and run to get new judge via,5124,fatal,Quincy,0
body shops inundated with cars dented by hail good news insurance pays bad news you are stuck with deductible wcvb,6593,inundated,"Boston, Massachusetts",1
gates not body bagging nobody niggas in br really know who he is,1455,body bagging,3?3?7?SLOPelousas??2?2?5?,0
so paulista injured wilshere,6465,injured,someplace living my life,0
you up to commiting mass murder tonight,6852,mass murder,"Magnolia, Fiore",1
well me and dad survived my driving,9373,survived,no_location,0
climate change cnn weather specialist warning wild fires rain flooding noting about the sun,10456,wild fires,planet earth,1
mini lalaloopsy dolls seed sunburst june seashore sweater snowstorm autumn spice full re,8907,snowstorm,New York,0
trusting iran to stop terrorism is like inviting an arsonist to join the fire brigade telegraph,643,arsonist,no_location,0
sadly how windows reveals microsofts ethics armageddon,480,armageddon,The Orwellion police-state,0
man found dead in demi moores swimming pool,2993,dead,Planet Earth,1
whoever holds the address fuckface com is going to be deluged in spam meant for me,3229,deluged,Wellington,0
papiichampoo what i enjoy most about the obama era is the civility prez says gop supports iranian death to,3014,death,no_location,0
tonight we have attended a fire in romford with thankfully no injuries,6500,injuries,no_location,1
dust in the wind paratroopers move to a loading zone during a dust storm in support of operation fury,4335,dust storm,"Atlanta, GA",1
phillips should be charged for assisting terrorism ldnr terrorists organizations,9448,terrorism,no_location,1
day of tryouts went good minus the fact i stopped quickly to get a short ball and annihilated my toenail injury even more,321,annihilated,the own zone layer,0
boy mix ultimate preparedness library prepare yourself for any catastrophe over,2121,catastrophe,no_location,1
firefighters headed to california to fight wild fires,10448,wild fires,"Fort Walton Beach, FL",1
remove the and linkury browser hijacker,6191,hijacker,"Louisville, KY",0
mtsalert orange blue line riders expect delays downtown due to a sinkhole thats developed in the vicinity of th c street,8689,sinkhole,"San Diego, CA",1
i never thought it would be a wtf moment yet its here after months of degree heat next we will have flash floods,5668,floods,Passamaquoddy,1
good sir i did not wish to but now i am forced to i must obliterate you,7372,obliterate,Dudetown,0
train derailment in patna no news of any casualty so far,2059,casualty,Nairobi,1
in photos the young refugees forced to flee burundis violence vice news see more,8040,refugees,"Amman,Jordan",1
news science london warship exploded in because sailors were recycling artillery cartridges life tech,4957,exploded,no_location,1
ee recalls power bar battery packs after explosion in students bedroom,4988,explosion,"City of London, London",1
nissannews trauma alert and child among hospitalized after car wreck on a a near bings landing the,9813,trauma,"Detroit, MI",1
must read forecast longest streak of triple digit heat since what happens next,6058,heat wave,"State College, PA",1
when a monster truck racer catches on fire at the fair,5396,fire truck,no_location,1
i dont think ive forgiven angelina jolie yet sef,8766,siren,??? Dreamz,0
foodscare offers go nestleindia slips into loss after magginoodle ban unsafe and hazardous for humanconsumption,5996,hazardous,no_location,1
photo bath body works cosmetic bag in periwinkle blue with copper piping along the top and four corners,1390,body bag,US,0
anyway me mateo just doesnt exist hes a mirage a pointless addition to our generation a human natural disaster im sorry but its true,7214,natural disaster,in my own personal hell (:,0
south sac florin rd franklin blvd trfc collision enrt,2510,collision,Sacramento,1
creation of ai climate change bioterrorism mass automation of workforce contact with other life wealth inequality yea weve got it easy,891,bioterrorism,no_location,0
threw a chicken nugget at my sisters lip and now its bleeding,1031,bleeding,"Rockford, IL",0
were hiring in our toronto branch surety underwriter senior underwriter and casualty product leader apply today,2060,casualty,Canada,0
i guess ill never be able to go to mayhem,7001,mayhem,"Orlando, FL",0
i dont throw the word hero around lightly usually reserved for first responders and military but hes a hero,5437,first responders,"Liberty Township, Ohio",0
usgs eq m km ssw of anza california time utc earthquake,4358,earthquake,"California, USA",1
the united kingdom and france are bombing daesh in syria voltaire network,1631,bombing,no_location,1
chinas stock market crash are there gems in the rubble,8312,rubble,Italy,0
episcopal priests on road trip with interracial family shares harrowing story of police harassment via,7766,police,Florida,0
thank you for understanding the gov only tells us about of whats really going on i have military house cia connects,7105,military,no_location,0
did i drink too much am i losing touch did i build a ship to wreck,10690,wreck,Argentina,0
freed bokoharam captives speak up i will make sure she goes to school,5059,eyewitness,"New York, NY",0
someone teaching you that obedience will obliterate trials in your life is trying to sell you a used car jesuss life blows that theory,7377,obliterate,Ondo,1
a true tbt eyewitness news wbre wyou,5049,eyewitness,Pennsylvania,0
rocky fire,4797,evacuated,seoul,1
in the movie titanic jack and rose both could have stayed on the wooden beam without it sinking,8715,sinking,no_location,0
view of smoke column rising above the south end of the blake fire along forest road routecomplex,5722,forest fire,"Redding, California, USA",1
its a panda trapped in a dogs body,9791,trapped,"St Louis, MO",1
kamindoz reuters debris confirmed from mh relatives hope for discovery of crash s,3138,debris,IRAQ,1
how do you call yourself a base conservative when u think its okay duck military service contribute thousands hillaryclinton,7125,military,no_location,0
for i know the plans i have for you declares the lord plans to prosper you and not to harm you plans to,5905,harm,WORLD WIDE,0
ok ok okayyyyyy ima act right bout to get this blizzard tho,1214,blizzard,The ?? below ???,1
is it possible to sneak into a hospital so i can stab myself with a hazardous needle and inject some crazy disease into my veins until i die,6013,hazardous,"Oregon, USA",0
nike golf storm fit golf jacket black medium sportinggoods,8963,storm,no_location,0
reality training train falls off elevated tracks during windstorm,10551,windstorm,Puerto Rico,1
women messenger bags clutch bag handbag cross body shoulder bags bag ladies designer handbags high qualit,1521,body bags,no_location,0
like it affects every level of life youre expecting me to buy everything and still survive with my limited pocket money,9334,survive,Trapped in my Conscience,0
help me win by having the most shares on my article a lifetime of fear thanks blackinamerica growingupblack,5281,fear,Stanford University,0
loud groaning let us bang,6802,loud bang,no_location,0
watching xela firefighters struggle to save burning buildings last night w old equipment makes me so grateful for dcfd,1769,buildings burning,"Washington, D.C.",1
hmm nigerian refugees repatriated from cameroon,8019,refugees,no_location,1
beyond all bounds till inundation rise,6647,inundation,no_location,0
upheaval high note for bush opera sydney news aus,10118,upheaval,Sydney & Worldwide,0
meek mill should join isis since he loves suicide bombing his career for no good reason,9232,suicide bombing,no_location,0
sure the purdies will be alive with the blight,1155,blight,Me mammy's belly,0
may allah help all those suffering from the pakistan floods you and your families are in our dua,5694,floods,no_location,1
it looks like a mudslide poor thing greatbritishbakeoff,7160,mudslide,Birmingham & Bristol,1
i hear lightening and see thunder,9589,thunder,no_location,1
pretty neat website to get the latest drought conditions in your area,4124,drought,"Las Cruces, NM",1
chinas stock market crash are there gems in the rubble chinas stock market crash this su via,8294,rubble,"Minna, Nigeria",0
bells toll in hiroshima as japan marks years since atomic bombing,1657,bombing,no_location,1
no caption needed freshman nigga stacey body bagging niggas,1473,body bagging,no_location,1
obama declares disaster for typhoon devastated saipan president barack obama has declared the commonwealth of,3906,devastated,no_location,1
you know you hate your body when you buy bags of chips and a variety pack of fruit snacks and a redbull as a snack,1493,body bags,no_location,0
myanmars president urged people to leave a low lying southern delta region on thursday with rain water that has inundated much of the coun,6621,inundated,Singapore,1
if this atl to san fran flight goes down in a desolate square state its been real twitter,3569,desolate,"ÌÏT: 33.209923,-87.545328",0
gail and russell saw lots of hail at their dalroy home they have video of twister mile from their home yyc,10009,twister,"Calgary, Alberta",1
some curls come out so pretty and some look like i just finished shooting the movie twister,10055,twister,no_location,0
you until you drown by water entering the lungs you being alive has caused this great country to fall to shit because youre a pussy,4149,drown,no_location,0
rt our mother mary short reading apocalypse in the spirit the angel took me to the top of an enormous high mountain and,419,apocalypse,no_location,0
fel lord zakuun is about to die hellfire wod,6126,hellfire,Silvermoon or Ironforge,1
she just said does he have a curfew nope,2769,curfew,no_location,0
this just married turkish couple gave syrian refugees an incredible gift washingtonpost,8013,refugees,Baku & Erzurum,1
the terrorist tried to get out of the car i shot him,9503,terrorist,Beit El - Israel,1
help im in a whirlwind of nostalgia,10392,whirlwind,Frostburg,0
dr gridlock heres what may have caused a metro train to derail in downtown d c washingtonpost,3413,derail,"Washington, Krasnodar (Russia)",1
taiwan grace expect that large rocks trees mud unstable and or saturated land may slide very hazardous in hilly mountain areas,5988,hazardous,USA,1
umm because a gun stopped the gunman with who was carrying a bomb,1549,bomb,no_location,1
shtap before your town is obliterated and the earth is salted t t,7430,obliterated,Canada,0
kitana her fatalities slay me kody vine by,5186,fatalities,no_location,1
get a gold chain youll understand one boy gave me one and my neck went green it traumatised me,9888,traumatised,Londonstan,0
secrets of the world collide but i leave the past behind its been so long now and i cant go without,2451,collide,no_location,0
lucas duda is ghost rider not the nic cage version but an actual engulfed in flames badass mets,4697,engulfed,no_location,1
i tried downloading it and it crashed after the tutorial,2603,crashed,Definitely NOT the stables,0
left hand side of a diamond is a graveyard shift have to attack and defend the right handside no have to do that too you fucking idiot,672,attack,"Scotland, United Kingdom",0
attempting delanys dhalgren in beastly ny heat downing hot coffee amongst descriptions of buildings burning for days without ruin,1948,burning buildings,"Greenpoint, Brooklyn",0
bruh dies,1228,blizzard,United States,0
pissed at you and could have their pikachu electrocute you and,4428,electrocute,no_location,0
haha love this,999,blazing,no_location,0
a friend is like blood they are not beside us always but they come out when we are wounded,1237,blood,no_location,0
fire displaces families and damages two buildings in troy fire broke out on fourth street in albany ny news,1802,buildings on fire,NY Capital District,1
im screaming,8512,screaming,[@blackparavde is my frankie],0
ill only dm hotel info because people are flooding my notifications asking me for info,5629,flooding,no_location,0
ron fez daves high school crush via,2675,crush,no_location,1
training grains of wheat to bare gold in the august heat of their anger im the no trespass lest you seek danger,2920,danger,"St Paul, MN",0
obama supports death usa,8585,screams,United States,0
thank you so so much to everyone for posting the rain and hail outside i had no idea guys,5798,hail,no_location,0
love what you picked were playing worth it by fifth harm kid ink because of you listen vote,5890,harm,Kansas City,0
what a fucking idiot he had a gun a hatchet yet there were still no serious injuries glad police terminated him,6527,injuries,"Georgia, U.S.A.",1
ford truck starts up and drives off after being destroyed by tornado,3745,destroyed,no_location,1
no two cases dont constitute an epidemic plague health publichealth,3077,deaths,"Phoenix, AZ",1
wow thats a lot of traumatised kids,9874,traumatised,no_location,0
i will stay drowning till you watch nashsnewvideo,4269,drowning,"los angeles, ca",0
calgary area tornado warnings end as thunderstorms move eastward cbc ca cbc ca calgary area tornado warnings end,9699,tornado,canada,1
the catastrophic effects of hiroshima and nagasaki atomic bombings still being felt today,2164,catastrophic,no_location,1
fukushima nuclear disaster increased thyroid cancer in u s,7266,nuclear disaster,no_location,1
crews were out all day boarding up windows at the park at the galleria apts where fire displaced this am,4050,displaced,no_location,1
city implores motorists not to speed after more reports of animal fatalities near nature reserves,5169,fatalities,Cape Town,1
picking up flattened hay men masonite in wahpeton nd,5534,flattened,"Wahpeton, ND",0
rt abbswinston zionist terrorist demolish tire repair shop structure in bethlehem,9525,terrorist,MAD as Hell,1
so apparently there were bush fires near where i live over the weekend that i was totally oblivious to,2001,bush fires,no_location,1
ev makes me wanna drown myself hes such an idiot,4168,drown,"Morris, IL",0
happy boy to mass murderer,6929,mass murderer,Fresno,1
at femas center for disaster preparedness for a weeklong training on chemical biological radioactive nuclear emergency response,2212,chemical emergency,Center for Domestic Preparedness,1
suicide bomber kills in saudi security site mosque world news,9187,suicide bomber,no_location,1
you are listening to llegaste tu twister el rey,10042,twister,Galapa / AtlÌÁntico,0
and thunder o,9569,thunder,"Atlanta, Georgia USA",0
well i have seen it now thats a bummer weve had this heat wave tho c id prefer the rain p,6055,heat wave,Somewhere in Spain,1
update the gnwt has just issued a voluntary evacuation order for cabin owners at pickerel lake near the reid,4842,evacuation,"Yellowknife, NT",1
were hiring click to apply rn ii emergency services ft p a nursing houston tx,4608,emergency services,no_location,1
solano sr skaggs island rd trfc collision enrt,2543,collision,"San Francisco, CA",1
im telling your mom your up past curfew oth,2785,curfew,253,0
heather night and ava sparxxx enjoy a wild teen threesome view and download video,9687,tornado,no_location,0
anyone else getting tons of telemarketing calls on their cell phone ive been deluged,3205,deluged,"College Station, TX",0
high skies burning buildings nowplaying,1737,buildings burning,San Francisco,0
tix calgary flames vs col avalanche preseason scotiabank saddledome,762,avalanche,Score Team Goals Buying @,0
perhaps the criminal murderous nazis should pack their bags evacuate themselves from london all uk tubestrike well done,4760,evacuate,no_location,0
dust devil maintenance fee buy up la rotary storm guard uvopwz,4314,dust storm,no_location,0
looking for a defendant catastrophic injury solicitor jobs,2205,catastrophic,"Leeds, England",0
nah philly pundits are half the cause they set buildings on fire to report on buildings being on fire,1809,buildings on fire,CORNFIELDS,1
everyday is a near death fatality for me on the road thank god is on my side,5260,fatality,no_location,0
maaaaan i love love without tragedy by i wish she made the whole song,9710,tragedy,no_location,0
do you know the emergency plan at your workplace if not ask your supervisor or operations manager retail,4565,emergency plan,"Los Angeles, CA",0
how do you self inflict a wound to your side and blunt force trauma not consistent with fall dimensions,9815,trauma,LOCAL ATLANTA NEWS 4/28/00 - 4/28/15 FREELANCER,0
yes im a bleeding heart liberal,1061,bleeding,"Live Oak, TX",1
evacuation order lifted for town of roosevelt,4850,evacuation,"Tri-Cities, Wash.",1
neil eastwood i am a knobhead bin laden family plane crashed after avoiding microlight and landing t,2608,crashed,Scotland,1
the thing with rules is break it once it becomes easier the next time,10338,weapons,"Odawara, Japan",0
aircraft debris confirmed to be from mh nation the star online,3152,debris,"labuan, malaysia",1
just cos germany invaded poland japan bombed pearl harbor pre emptive suicide,1604,bombed,Atlanta Georgia,1
drake is really body bagging meek,1432,body bagging,ATL ? SEA,0
nigerian military rescue hostages from boko haram florida sentinel bulletin florid security terrorism,6374,hostages,no_location,1
had a minute alone with my crush it was an overrated experience smh,2670,crush,GLOBAL,0
son of savior lava video,6724,lava,"Newark, NJ",0
i feel like death holy molys,3039,death,kansas,0
flood disaster heavy rain causes flash flooding of streets in manitou colorado springs areas,10,missing,no_location,1
chinas stock market crash are there gems in the rubble roimentor yycwalks,8330,rubble,"Calgary, AB, Canada",1
nobody remembers who came in second charles schulz,157,aftershock,304,0
tagged by millions a punk hang em high alpha dog yeah boy and doll face little white lies explode,4898,explode,they/them,0
wait i thought fecal hurricane was on scifi maybe that was turdnado ive been forgeting up a shit storm lately,6420,hurricane,no_location,1
news water main break disrupts trolley service,8648,sinkhole,San Diego,1
my lil brother has a crush on mariah,2673,crush,no_location,0
there are no four truths of pain of desire that is the origin of pain of the obliteration of that desire of the pain to that obliteration,7478,obliteration,India,0
chelsea need to hijack man utd deal for pedro mill bargain adam driving home in oregon usa cmon blues,6184,hijack,"Oregon, USA",0
why tf did i decide to workout today my body feels like its been engulfed by a mass of fiery disdain,4679,engulfed,California,0
price of vegetables rises on typhoon soudelor concerns,10085,typhoon,no_location,1
my boyfriend wants too see too twisterlovesshania,10054,twister,Downtown Oklahoma City,0
scuf ps live and the game cya,146,aftershock,Instagram - @heyimginog,0
iit may logically have been the right call maybe but its an act of mass murder and i cant sanction it,6855,mass murder,"Victoria, Australia, Earth",1
keithyy gettin burned outta the blocks and on social media,1863,burned,"Upper St Clair, PA",0
twister dance game dance console instructions cable pre loaded songs,10045,twister,no_location,0
found this cool photo not mine dodge wayne bodied window bus ex libby mt fire department truck all ori,5389,fire truck,Five down from the Coffeeshop,1
news refugio oil spill may have been costlier bigger than projected,7528,oil spill,"Lyallpur, Pakistan",1
this morning fdny responded to a sinkhole in brooklyn units remain on scene with others,8655,sinkhole,ill yorker,1
i just heard a really loud bang and everyone is asleep great,10848,missing,no_location,0
police officer wounded suspect dead after exchanging shots ushed,10615,wounded,Yogya Berhati Nyaman,1
tell me why or why not to adopt in this way maybe i overlooked something fatal for me whyor why not,5146,fatal,no_location,0
picthis and im off thank you so much toronto it has been such a whirlwind of amazingness so glad i finall,10432,whirlwind,"brooklyn, NYC",0
so i pick myself off the ground and swam before i drowned hit the bottom so hard i bounced twice suffice this time around is different,4227,drowned,Halfrica,1
no better feeling than seeing and being on stage with my day ones year friendships and we still body bagging mics together,1447,body bagging,PURPLE BOOTH STUDIOã¢,0
southkorea dogs prepared electrocutedboiling waterfur machine all still alive,4470,electrocuted,Hampshire UK,0
illinois tornado slipped under the radar emergency officials say,4025,disaster,Naperville,1
disneyland tacos there are bomb,1567,bomb,"Sunrise Manor, NV",1
how come bugs havent all drowned out of existence every time it rains,4214,drowned,"Bayonne, NJ",0
to all the meat loving feminists of the world riot grill has arrived oliviamiles,8232,riot,no_location,0
injured barcelona full back alba out of super cup,6462,injured,Doghouse,0
healthcare job in kodiak ak emergency services supervisor emergency at providence health services jobs,4628,emergency services,Alaska,0
and the fact that i have a curfew,2757,curfew,no_location,0
author interview michele rosenthal author of your life after trauma,9829,trauma,Los Angeles New York,0
your brain is particularly vulnerable to trauma at two distinct ages,9812,trauma,"Cambridge, Massachusetts, U.S.",0
hey movietheatre mass murderer wanna be we dont play that shit in the,6918,mass murderer,"Tennessee, USA",1
a diamond is just a piece of charcoal that handled stress exceptionally well we are hard pressed on every side but not crushed cor,2723,crushed,ph,1
now on comdev asia radio stations in bangladesh broadcasting programs to address the upcoming cyclone komen,2833,cyclone,"Rome, Italy",1
xbox pro console red ring of death full read by ebay,3011,death,New York,0
roger goodells fatal mistake tom brady an innocent man,5114,fatal,"Wood Buffalo, Alberta",0
thats about palestinian homes demolished now by israel since w israeli home demolished,3334,demolished,Chicago,1
yes man i was having a bad week so far but events a deluge of favs have turned it right around,3172,deluge,518,0
apocalypse please,402,apocalypse,Texas,0
ive still got some of the snowstorm hailstorm,8913,snowstorm,no_location,1
southeast dirt riot series crowns champions southeast dirt riot series crowns championsblackfoot id the so,8236,riot,Seattle,0
kyle is one of the last people i would expect to like sleeping with sirens,8840,sirens,"Ventura, Ca",0
nuclear deal indo japan pact lies at the heart of two us reactor based projects if japan were to go ahead an,7316,nuclear reactor,Japan,1
investigators have said a virgin galactic spaceship crash was caused by structural failure after the co pilot unlocked a braking system,9075,structural failure,no_location,1
psalm the lord redeemeth the soul of his servants and none of them that trust in him shall be desolate,3583,desolate,"Michigan, USA",0
dont stop believing just came on the radio at this restaurant and a lil white bit screamed its mommys song,8461,screamed,no_location,0
parental experience may help coral offspring survive climate change preconditioning adult corals to increased,9293,survive,"Semarang, Indonesia",0
not a catastrophe at all im perfectly content being the only one means nothing when im being controlled text me if you got crap to say,2145,catastrophe,no_location,0
its always super awkward when worlds collide,2413,collide,Viejo,0
hostages are meaningless might as well just play cod search and destroy,6349,hostages,no_location,0
police officer wounded suspect dead after exchanging shots abc news an,10613,wounded,USA,1
cabin fever flames,5467,flames,no_location,0
once upon a time the fact that i decided to go to university hours away actually sunk in,9267,sunk,no_location,0
according to prophecy and also cnn a mac tablet will completely obliterate the need for other gadgets combining,7358,obliterate,The Memesphere,0
okay i cant find it so im kinda panicking,7699,panicking,?^åá??åá?^?? ??,0
life can wild when youre caught in a whirlwind,10396,whirlwind,no_location,1
when you walk away nothing more to say see the lightning in your eyes see em running for their lives,6796,lightning,"Waverly, IA",0
horrible accident man died in wings of airplane,205,airplane accident,Hyderabad Telangana INDIA,1
i love the sound of thunder rumbling across the mountains,9606,thunder,no_location,0
the mv should just be them strutting like they mean it while buildings are burning up in the bg and flames everywhere how cool would that be,1925,burning buildings,please H? ?:??,1
aris hints and snippets will be the death of me,3049,death,?s????ss? a?????,0
survived another tube strike with the last person at office reaching home we are getting better at navigating strikes,9342,survived,London,0
last week wanted the th sense to get blown up so far so good james could win but hes a huge target and will be gone soon,1369,blown up,LA/OC/Vegas,0
how many men would a human hew if a human could hew men popular tongue twister among woodchucks,10038,twister,no_location,0
dont you dare play the victim when ive been drowning for years,4268,drowning,scandinavia,0
hill hill mountain volcano of hell mountain hill hil,10224,volcano,no_location,1
boulder deputies are waiting for the bomb squad to detonate grenade like this one found in stearns lake today,3812,detonate,"Broomfield, CO",1
its a family emergency so i cant make it unless i have a chance to use by phone for stream,2246,chemical emergency,no_location,0
we must refuse to become a nation with everyone living in fear of being shot unawares by intoxicated or crazy people,5282,fear,Midwestern USA,1
aug the fort calhoun nuclear station is at capacity today according to the nrc,7340,nuclear reactor,"Fort Calhoun, NE",0
the cool kids asked me if i wanted to hang out after school so i had a panic attack and had to go to the hospital autismawareness,7650,panic,no_location,0
sean end career sg blizzard vs knockout,1224,blizzard,no_location,0
any new games coming soon,8788,siren,no_location,0
mama im still thuggin the world is a war zone my homies is inmate and most of em dead wrong,10269,war zone,Still. ??S.A.N.D.O.S??,0
pleas for global warming dont really work when california australia keep having catastrophic bush fires,1996,bush fires,Loughborough.,1
l b entertainment lot of brucewillis movies dvd die hard monkeys armageddon sixth ebay auction,474,armageddon,no_location,0
when you go to a concert and someone screams in your ear does it look like i wanna loose my hearing anytime soon,8584,screams,5-Feb,1
matako milk breaking news unconfirmed i just heard a loud bang nearby in what appears to be a blast of wind from my neighbours ass,6844,loud bang,Kenya,0
rejected mortal kombat fatalities mortal kombat has stretched the boundaries of its,5176,fatalities,TechFish,0
ykelquiban breaking news unconfirmed i just heard a loud bang nearby in what appears to be a blast of wind from my neighbours ass,6834,loud bang,Kenya,0
hello natural hazards disaster recovery emergency management ppl can u recommend good hashtags to follow or send me links of good reads,7232,natural disaster,no_location,0
million bail for man accused of shooting at fife police aug pm et,7768,police,USA,1
india shud not give any evidence pak they will share with terrorists use for next attack share with oth contries,681,attack,Mumbai,1
was s new wave a casualty of aids tweet and since theyd grown up watching david,2064,casualty,London UK,0
snow thunder and lightning,9593,thunder,"Palma, Islas Baleares",1
ways so archetype a bleeding well grounded readiness fpoj,1029,bleeding,no_location,0
meltdown of proportions commences i manage to calm myself long enough to turn the waters to hot and wait for the steam to cloud my vision,7046,meltdown,The Universe,0
usgs m northern california time utc utc at epicenter earthtwerk,4362,earthquake,no_location,1
family members of osama bin laden have died in an airplane accident how ironic mhmmm gov shit i suspect,203,airplane accident,"Spain but Opa-Locka, FL",1
i miss josie cause i wanna smoke splifs and go to taco bell,8886,smoke,no_location,0
cant believe more people in their mid s dont have high blood pressure life is stressful decisionsondecisions,1245,blood,no_location,1
turkish couple decided to feed syrian refugees as part of their wedding celebrations,8037,refugees,"Bangalore, India",0
happening now hatzolah ems ambulance responding with dual sirens and,281,ambulance,VISIT MY YOUTUBE CHANNEL.,0
so destruction it seems i see myself ruined somehow,3774,destruction,no_location,0
zone of the enders mgs god of war rt quote this with your favorite ps game,10251,war zone,Incognito,0
wa smiles after july deluge the west australian via,3165,deluge,Australia,0
he called it a mudslide aw,7186,mudslide,no_location,0
a protest rally at stone mountain atleast theyre not burning down buildings and looting store like some individuals do when they protest,1932,burning buildings,no_location,0
russian food crematoria provoke outrage amid crisis famine memories via,5094,famine,United States,1
if youre dating someone who doesnt let you smoke leave them and date someone who also smokes trust me,8858,smoke,no_location,0
i really wanna brownie batter blizzard,1221,blizzard,no_location,0
niggas selling weed just so they can smoke stay high yall nigga in the way,8859,smoke,Soufside,0
national free root beer float day is tomorrow at a w from pm close help support the wounded warrior project with donations,10629,wounded,no_location,0
faceless body belonged to my sister hiroshima nagasaki nuke survivors recall horrors years on rt news,9431,survivors,no_location,1
his majesty emperor salman khans unstoppable cyclone of entertainment humanity bajrangi bhaijaan creating history everywhere crosed cr,2839,cyclone,no_location,0
ali you flew planes and ran into burning buildings why are you making soup for that man child booradleyvancullen,1953,burning buildings,Los Angeles,0
it looks so desolate end of the world stuff gorgeous,3587,desolate,Temporary Towers,0
awesome thanks,7680,panic,no_location,0
click on the tag theres lots of them rt them to hijack the hashtag,6166,hijack,no_location,0
pfft i wish i had a bot like that instead im daily inundated with characters of the same unhinged machismo bullshit,6628,inundated,the Dirty D,0
barbados bridgetown jamaica two cars set ablaze santa cruz head of the st elizabeth police superintende,56,ablaze,no_location,1
heroes a springer spaniel her dog dad rescued a stranded baby dolphin,8129,rescued,no_location,1
talent misdirection cyclone pass ignite pass vanishing drive phantom shot kurokobot,2832,cyclone,Beside Basketball,1
another mechanical mod explosion man injured when a pharaoh mod blows up in his hand,4964,explosion,no_location,1
i didnt get to buy one after the last london show because the fire alarm went off and everyone had to be evacuated hahahaha,4782,evacuated,"Hackney, London",0
there might be casualties tomorrow,2027,casualties,Heinz Field,1
why jammu is soft target for terrorist,9509,terrorist,"Sanganer, Rajasthan",1
my fav worlds have collided thanks to i found the podcast ihave episodesofgg nojoke,2455,collided,no_location,0
wyrmwood road of the dead was fucking awesome and it had an awesome ending too awesome one,3000,dead,United States,0
stormchase violent record breaking ef el reno oklahoma tornado nearly runs over,10169,violent storm,no_location,1
lol plymouth lets obliterate litter,7357,obliterate,no_location,0
temptation always leads to destruction,3793,destruction,no_location,0
icymi ashes australia collapse at trent bridge how twitter reacted,1688,bridge collapse,Leicester,1
police assailant in latest us movie theatre attack was homeless had psychological issues,677,attack,no_location,1
sigalert north southbound closed btwn fwy and irvine blvd due to truck fire chp is detouring traffic,5382,fire truck,"Orange County, Calif.",1
flood advisory issued august at pm cdt until august at pm cdt by nws the urban and weather,5608,flood,"Knoxville, TN",1
second tornado confirmed in sundays storm,9670,tornado,Canada,1
boom your country was just entirely annihilated by a h britain,314,annihilated,The Canopy Kingdom,0
skinny jeans are hazardous for your health socialnews,5998,hazardous,"British Columbia, Canada",1
if you sit and rant on snapchat to your apparent fans when you have about followers i hope your in a train crash xoxo,2573,crash,Darlington,0
inec office in abia set ablaze,55,ablaze,World Wide!!,1
the saw is fast af and does great damage i upgraded it a shitton and used it exclusively for a whole playthrough,2875,damage,Unknown,0
i skimmed through twitter and missed this body bagging,1441,body bagging,New Your,0
we can help says denver firefighter working to curb first responder suicide,5420,first responders,"Portage, IN / Worldwide",1
bit of both going to venture out once ive chosen suitable music for the mayhem,7037,mayhem,"London, UK",0
colorado is a spanish word latin origin meaning reddish or colored all you dummies are pronouncing it wrong,1001,blazing,no_location,0
survivors of shanghai ghetto reunite after years shanghai china,9432,survivors,Shanghai,0
officer wounded suspect killed in exchange of gunfire richmond police say an officer has been wounded and a,10625,wounded,no_location,1
i can probably skip on these basic life maintenance things for a few days cut to burning buildings people screaming in the streets,1740,buildings burning,no_location,1
vegetarian vegan video shows arsonist torching popular bk restaurant strictly vegetarian govegan uniteblue,613,arsonist,NYC :) Ex- #Islamophobe,0
thingsihate watching someone you care about head into total destruction and not being able to do anything,3771,destruction,Maldives,0
the apocalypse is upon us,413,apocalypse,no_location,0
blending the old with the new in vanuatu to prepare for future emergencies,2846,cyclone,Geneva,0
commodities are crashing like its all over again via,7073,meltdown,Everywhere,0
win lisowski whitewashes the whirlwind in round of shanghai masters quals snooker,10434,whirlwind,"Bristol, England",1
live a balanced life balance your fear of allah with hope in his mercy and love for him,5296,fear,SaudI arabia - riyadh,0
you can now pre order the film on itunes watch yay,8225,riot,Los Angeles,0
intact mh part lifts odds plane glided not crashed into sea via hope for answers,2625,crashed,"Victoria, Tx.",1
need to stop bottling things up because when everything eventually explodes the casualties just keep getting higher and higher,2020,casualties,Le Moyne '16,1
i peeped you frontin i was in the jeep sunk in the seat tinted with heat beats bumpin,9246,sunk,18 | 509,0
rt love truelove romance lith voodoo seduction astrology rtrrt lotz apocalypse armageddon pla,455,armageddon,no_location,0
mrw when a sinkhole opens up beneath my friends and i gif funny lol comedy ifunny video image rt,8643,sinkhole,no_location,1
a pyrotechnic artwork by cai guo qiang explodes into a blossom on the steps of the philadelphia,4983,explosion,"Columbus, OH",1
looks outside at the windstorm niiiice,10544,windstorm,"Victoria, BC",1
it was a queer sultry summer the summer they electrocuted the rosenbergs and i didnt know what i was doing in new york,4482,electrocuted,nyc,0
how come scott rice doesnt get another shot holding lefties to a average is he injured,6463,injured,no_location,0
sorry for screaming at you and from the car i just kinda i know those people lets yell,8515,screaming,"Wakefield, West Yorkshire",0
what tropical storm guillermo by hawaiianpaddlesports,8966,storm,no_location,1
cant watch pvris im so sad bc it collided with another set,2502,collided,California,1
just realized my dude was on that what are those way before it blew up the tusky game,1102,blew up,va,0
nowplaying at orchardalley in les of nyc bioterror manufactured fear and state repression gardens,863,bioterror,New York,1
jetstar and virgin forced to cancel bali flights again because of ash from mount raung volcano,10208,volcano,"Perth, Australia",1
for some reason im listening to curfew overtime and stuck in a kodak over and over again,2761,curfew,no_location,0
roddypiperautos fears over missing migrants in med rescuers search for survivors after a boat carrying as ma,8155,rescuers,Nigeria,1
pov video captures violent landing at amsterdam airport schiphol during a storm,10194,violent storm,United Kingdom,1
emotional desolation the effect of alcoholism addiction on family forgiving is hard,3636,desolation,Subconscious LA,0
unr issues severe thunderstorm warning wind mph hail in for weston wy and custer fall river lawrence meade pennington s,5834,hail,United States,1
im speaking from someone that is using a scuf on xb most of them people will end up getting on for ps also,158,aftershock,Instagram - @heyimginog,0
any support sys auth taken hostage by blk us clergyforced exist younger grossly disfigured by bioterrorism,905,bioterrorism,no_location,1
forsure back in the gym tomorrow body isnt even at dont wanna risk injuries,6515,injuries,Bay Area,0
eggs desolate,3585,desolate,no_location,0
ebay snipe rt lego power miners set thunder driller boxed please favorite share,9581,thunder,no_location,0
as long as i see madara bleeding im good,1048,bleeding,Nice places,0
cap the drive act represents the failure of senate republicans to address the structural shortfalls plaguing the highway trust fund,9078,structural failure,"Washington, D.C.",0
first responders get int free on saturday details,5452,first responders,"Basking Ridge, NJ",0
do babies actually get electrocuted from wall sockets im wondering how i and those before me survived childhood,4479,electrocuted,"Redondo Beach, CA",1
air group is here to the rescue we have emergency service learn more about it here,4630,emergency services,"Whippany, NJ",0
christians united for israel cufi jews should convert soon or die by armageddon us,484,armageddon,no_location,0
new technology designed to help prevent dangerous police chases in an effort to reduce injuries milwaukee police,7775,police,"Milwaukee, WI",0
doctor we must leave immediately the core is unstable the whole building is told to be evacuated take the research we need,4794,evacuated,no_location,1
the sea will electrocute us all,4413,electrocute,no_location,0
slightly doesnt help that he has suh and wake in practice but think he will get there a lot of weapons finsup,10378,weapons,Kernow,0
electric vs gas brewing not wanting to electrocute myself question,4415,electrocute,no_location,0
there some flash flooding in madison valleywx,5641,flooding,Huntsville AL,1
im ready to explode,4908,explode,Winnipeg,0
that was crushed holy shit,2707,crushed,11/4/14,0
panoramic resources cuts jobs after seismic event,8636,seismic,"Perenjori, WA",1
zouma just flattened that guy,5535,flattened,no_location,0
some poor sods arriving in amman during yesterdays dust storm were diverted to ben gurion airport,4299,dust storm,"Beirut, Lebanon",1
illinois emergency units simulate a chemical explosion at nu via hazmat,2211,chemical emergency,"Virginia, United States",1
when you on the phone and screams jaileens caked up on the phone so everyone looks at you,8546,screams,no_location,0
california law negligence and fireworks explosion incidents,6547,injury,"Los Angeles, California",1
on i southbound at coal creek pkwy there is a collision blocking the center lane,2527,collision,"SEATTLE, WA USA",1
video were picking up bodies from water rescuers are searching for hundreds of migrants in the bbc news,8191,rescuers,"Here, there and everywhere",1
ugh y did blaze put the calories by their pizzas ok cool thisispublichealth,955,blaze,"Columbus, OH",0
tanzania elephant population declined by in five years census reveals,4704,epicentre,Lagos,0
u cant blame it all on coaching management penalties defence or injuries cursed is probably a good way to put it riders,6499,injuries,"Saskatchewan, Canada",0
thda kicks off anti blight loan effort in memphis,1146,blight,no_location,0
criminals who hijack lorries and buses arrested in enugu photo humanrights,6148,hijack,Nigeria,1
rt sleeping pills double your risk of a car accident,109,accident,no_location,0
sismo ml near the coast of western turkey magnitude ml region near the coast of western turkey cs,4357,earthquake,Desde Republica Argentina,1
shit is hard to get over but sometimes the tragedy means its over soulja,9709,tragedy,no_location,1
not to mention a major contributor to the annihilation of israel,364,annihilation,no_location,1
forbes chinas stock market crash are there gems in the rubble chinas stock market crash this summer ha,8304,rubble,World,0
warfighting robots could reduce civilian casualties so calling for a ban now is premature ieee spectrum,2010,casualties,no_location,1
beforeitsnews a sinkhole grows in brooklyn six meter crater swallows street,8663,sinkhole,no_location,1
how silly that one of only two countries that can destroy the world has a say about world security,3676,destroy,no_location,1
enter the world of extreme diving stories up and into the volga river,6546,injury,no_location,0
thats not my take from his piece not putting that ambition in check will destroy the change we voted for the change we seek,3697,destroy,Nigeria,0
u s pacific command i can see it they gave their all in the peace unity festival it disappears when freedom a violent storm hit sea,10182,violent storm,us,1
malaysia seem more certain than france plane debris is from missing mh,3124,debris,"Hamilton, Ontario Canada",1
it might have come out only too burst as a bomb making him suicide bomber,9099,suicide bomb,no_location,1
seismic apple tv service to stream channels across all d,8610,seismic,"Lakewood, Tennessee",0
but he didnt,5578,flood,"Van Buren, MO",0
in an emergency situation late in the year not as a plan in camp,4597,emergency plan,"Dallas, TX",1
happy birthday big bruh,6392,hurricane,no_location,0
its getting to be hazardous getting into this world alive,6020,hazardous,no_location,1
cop injured in gunfight as militants attack udhampur police post suspected militants attacked a police post i,699,attacked,City Of Joy,1
any idea whats going on i hear no sirens but this damn helo is flying so low my apt is shaking,8816,sirens,Hollywood,1
add fez weather to the equation and you have the best recipe for disaster,4047,disaster,Morocco,0
all the loves be screaming at this one,8524,screaming,Honeymoon Ì£ve.,0
its just now sinking in this is the last episode my heart hurts so bad,8736,sinking,no_location,0
lee does comedy working class tories prepare for your armageddon interestraterise,487,armageddon,Kent,0
the girl that i wanna save is like a danger to my health try being with somebody that wanna be somebody else,2939,danger,no_location,0
us drone attack kills suspected militants in north waziristan,659,attack,Dubai,1
passengers evacuated lanes blocked off as power lines come down over a gold coast tram,4785,evacuated,"Queensland, Australia",1
oh thats not too bad then haha i wouldve been panicking tho,7718,panicking,Pawnee,0
refugio oil spill may have been costlier bigger than projected a plains all american pipeline oil spill off,7498,oil spill,no_location,1
this dog thinks hes an ambulance,280,ambulance,Canada,0
watch our video of wendell berry speaking about the bp oil spill in the gulf of mexico its the birthday,7515,oil spill,Clean World,1
if you dotish to blight your car go right ahead once its not mine,1160,blight,Laventillemoorings,0
loads of stuff going on recently see the blog at sinkhole piling,8660,sinkhole,B&B near Alton Towers,0
lake dallas crash causes train to derail,3423,derail,USA,1
w o giving up too much of nana france reminds me of america right before the war in iraq a restlessness leading to disaster,4010,disaster,no_location,1
being able to stay out of work this week to take online courses for the property and casualty state,2061,casualty,"Rochelle, GA",0
pov video captures violent landing at amsterdam airport schiphol during a storm daily mail amsterdam news,10206,violent storm,Amsterdam & Worldwide,1
how can someone harm this angel,5912,harm,Someday I'll live in England.,0
hope doretts mudslide cake wins gbbo,7154,mudslide,Wales,0
trauma can happen anywhere school home etc at any time learn the abcs of trauma and how to parent,9841,trauma,World,1
blood memory intragenerational trauma and the death of sandra bland,9834,trauma,no_location,1
daviss drug guide for nurses by judith hopfer deglin and april hazard vallerand,5953,hazard,no_location,0
eruption of indonesian volcano sparks transport chaos in this picture done from video mount raung in,10217,volcano,no_location,1
god forbid anyone in my family knows how to answer a phone i need new emergency contacts,4511,emergency,Phoenix,0
ok i wasnt completely forthright i may have also been in a food coma bc of the kebab tahini pickles i also annihilated w fries,341,annihilated,no_location,0
india floods derail two trains killing people,3439,derail,no_location,1
i hate to talking otp with my grandma i mean i love her as to death but she talk so damn much ssshhheeesshh,3004,death,ATL??AL??,0
woke up to drake body bagging meek again meek u cant out spit ya girlfriend just lay down man not right,1470,body bagging,Every where,0
they didnt succeed the other two times either bomb didnt detonate shots missed,3838,detonate,Northern Ireland,1
recap pic of yr old pkk suicide bomber who detonated bomb in turkey army trench released,9118,suicide bomb,no_location,1
i still dont see the point of a frozen sequel like wheres the wreck it ralph sequel,10726,wreck,no_location,0
does this prepare us hhs selects regional special pathogen treatment centers bioterrorism infectious ebola,903,bioterrorism,no_location,0
looooool,36,missing,no_location,0
you get me sis this planet could do with a huge dose of obliteration,7457,obliteration,"a feminist, modernist hag.",1
escape the heat and the orshow for a trail run on desolation loop youll be glad you did,3638,desolation,no_location,0
dtn italy families to sue over legionnaires more than families affected by the fatal outbreak of legionna,7566,outbreak,Canada,1
petition to remaster fatal frame with a windwaker style selfie mode,5128,fatal,"Laredo, TX",0
trust us to get rescued by the dopey ones emmerdale summerfate,8130,rescued,"Leeds, U.K.",0
the truth i pulled a out and apparently a in the crazy adult trauma and they mocked me for the,9849,trauma,"Texas, USA",0
suicide bombing is just the fear of dying alone,9206,suicide bombing,no_location,1
i wish that the earth sea and sky up above would send me someone to lava,6746,lava,no_location,0
puncture wounds,10659,wounds,no_location,0
just had my first counter on a league game against another orianna i happened to demolish her xd i totally appreciate people that play her,3297,demolish,Earth,0
again not really do you have any idea how many times i have been ignored for fadc you cant expect anything,6130,hellfire,Colorado,0
the hail is ruining everything plus my car i havent even gotten yet have yet another killer migraine and i lost my glasses,5812,hail,no_location,1
if your lost alone or your sinking like a stone carry on,8717,sinking,"Michigan, USA",0
im getting a car wow it hasnt sunk in,9272,sunk,Virginia,0
yygb mhtw fnet thousands evacuated as taiwan prepares for strongest typhoon of abc online,10100,typhoon,no_location,1
warfighting robots could reduce civilian casualties so calling for a,2016,casualties,"Bronx, New York",1
learning from the legacy of a catastrophic eruption via,2173,catastrophic,"Quito, Ecuador.",1
suicide bomber targets saudi mosque at least dead suicide bomber targets saudi mosque at least dead this is ridiculous,9172,suicide bomber,no_location,1
stony jackson is americas last hope as he leads an army of felons thus and army rejects against the army o satan,527,army,"Harlem, New York",0
cuban leader extends sympathy to vietnam over flooding at,5612,flooding,Vietnam,1
flattened all cartoony like whoa there papa,5514,flattened,Some other mansion,0
i feel like me doing a pull up is one of the stages of the apocalypse,406,apocalypse,Texas,0
the cyclone derives its powers from a calm center so does a person norman vincent peale,2822,cyclone,"Washington, DC",1
saudi arabia abha fatalities reported following suicide bombing at mosque avoid area,5181,fatalities,"Washington, DC",1
askh cz im jealous now bc i wanted a elgato hd for my bday so i can record videos but i didnt have the money for it,8770,siren,texasss,0
notleys tactful yet very direct response to harpers attack on albertas govt hell yeah premier ableg cdnpoli,675,attack,Online 24/7. Not even kidding.,1
when you attack womens health you attack americas health hillary clinton shows how to standwithpp,1986,bush fires,The Internet & NYC,0
casually on the phone with jasmine while she cries and screams about a spider,8562,screams,#Gladiator Û¢860Û¢757Û¢,0
visting georgina at the drowned rat cafe awful view,4220,drowned,no_location,1
airplane crashes on house in colombia people die in accident,243,airplane accident,italy,1
hough jeff crap the content marketing deluge by dougkessler b b b bagency via slideshare contentmarketing,3191,deluge,World,0
audio business owners share what they would do differently pt,3182,deluge,USA,0
put sandstorm down,8430,sandstorm,"North Carolina, USA",0
the body bags has a show on at pm tremont music hall in charlotte nc concert,1488,body bags,Charlotte NC,0
kuala lumpur reuters a piece of a wing that washed up on an indian ocean island beach last week was part of the wreckage of malaysian a,10746,wreckage,no_location,1
apparently if youre bleeding people look at you weird lol well its fine keep walking,1041,bleeding,no_location,0
photo deadgirltalking unfortunemelody jaylenejoybeligan tarynel dredougie santanico pandemonium,7641,pandemonium,the Refrigerator,0
yea bombing pearlharbor not so good of an idea,1645,bombing,no_location,1
i had school today and ive already had a panic attack thank you high school for sucking,7692,panic,no_location,0
alton brown just did a livestream and he burned the butter and touched the hot plate too soon and made a nut joke,1835,burned,Alabama,0
storm batters auckland and northland a violent overnight storm has battered auckland and northland uprooting,10172,violent storm,no_location,1
homemade frozen yogurt pops have you had luck making them,9012,stretcher,Florida,0
this has opened up old baked alaskan shaped wounds too soon gbbo too soon neverforget,10672,wounds,"Wales, United Kingdom",0
i hope this tsunami clears b i have to walk outside to my car,9989,tsunami,but i love kaylen ??,1
nigga car sinking but he snapping it up for fox priorities,8699,sinking,Memphis,0
i crushed squirrel bones with a mortar and pestle for my schools bio dept not really sure why worstsummerjob,2714,crushed,"Chicago, IL",0
tech data overload the growing demand for context and structure in a world inundated with information news,6629,inundated,United States,0
a tale of two pox body horrors virus infectiousdiseases bioterrorism,888,bioterrorism,"San Francisco, CA",1
the cryptic words that guided pilots on the hiroshima bombing mission canada,1639,bombing,no_location,1
thats it val is dead im suing,2995,dead,Spare 'Oom,1
sets the forest on fire,5720,forest fire,no_location,1
greg garza not in the for atlas tonight vs leones negros in copa mx play he left the previous game w an injury usmnt,6549,injury,"Cambridge, Massachusetts",0
talk to please dont harm your self in any way shape or form please we care about you and if i saw u right now u better,5923,harm,Hogwarts,0
what you dont think the allies should have just sucked up million casualties,2056,casualties,"Northern Kentucky, USA",1
like i swear the secret well uncover is the old gods in a slumber i think theres gonna be another blight,1164,blight,Scotland,0
add these items to your everyday eating habits please do the research on how to take with your blood,1278,blood,"Brecksville, OH",0
that sounds like the perfect bread ill hit up trader joes this wknd not really lol already being inundated with,6610,inundated,NYC&NJ,0
body bagging bitches,1445,body bagging,no_location,0
body bagging mfs,1440,body bagging,302???? 815,1
the great upheaval by winik jay,10149,upheaval,no_location,0
businesses abe deluged with invoices make yours stand out with colour or shape and its likely to rise to the top of the pay pile,3219,deluged,no_location,0
rationing of food and water may also become necessary during an emergency such as a natural disaster or terror attack,7202,natural disaster,New York,0
cowboys george injury woes took claiborne from first round to trying to stick around can he do it,6577,injury,"Dallas, TX",0
m utc km s of volcano hawaii,10229,volcano,no_location,1
u s in record hurricane drought,4100,drought,no_location,1
now playing darude sandstorm radio edit,8440,sandstorm,no_location,0
doing dialyses to my grandpa and oh lord this blood makes me light headed,1240,blood,no_location,0
aftershock,163,aftershock,Belgium,0
ferno would appreciate if everyone in ems could dust off their engineering degree inspect all stretcher components,8999,stretcher,NYC,0
imagine a room with walls that are lava lamps,6701,lava,"Nashville, TN",1
this message will self detonate in,3832,detonate,Bikini bottom,0
drunk meals what to cook when youre totally obliterated,7413,obliterated,no_location,0
egyptian militants tied to isis threaten to kill croatian hostage new york times gmt,6292,hostage,no_location,1
my first staining attempt was a disaster,4014,disaster,no_location,0
gotta love summer in calgary yyc hailstorm crazyweather,5848,hailstorm,Calgary,1
stuart broad takes eight before joe root runs riot against aussies,8196,riot,India,0
artisteoftheweekfact say conversations by coast coastdjs agree s jiwonle is a hiphop clubbanger,978,blaze,My contac 27B80F7E 08170156520,0
a dayton area org tells me it was hit by a cyber attack,688,attack,"Dayton, Ohio",1
mere sight of a gun makes police and public more aggressive experts say,10360,weapons,N. California USA,0
fyi cad fyi accident property damage nhs piner rd horndale dr,128,accident,"New Hanover County, NC",1
former executives to be prosecuted in fukushima nuclear disaster,7261,nuclear disaster,Inexpressible Island,1
its only getting colder and colder and faster and faster and when i first realized it it was like a natural disaster,7213,natural disaster,"Oneonta, NY/ Staten Island, NY",1
warfighting robots could reduce civilian casualties so calling for a ban now is premature ftsn ftsnnewsdesk,2055,casualties,"Williamsbridge, Bronx, New Yor",1
i need to plan a trip to cleveland soon,9837,trauma,no_location,0
how little boy affected the people in hiroshima eyewitness testimonials,5034,eyewitness,no_location,1
when did a seat majority with of the vote become a landslide,6654,landslide,no_location,1
err,7295,nuclear reactor,no_location,0
all i need in this life of sin is just me and my girlfriend down to ride till the bloody end just me and my girlfriend,1308,bloody,no_location,0
two vehicle collision at fowlers corners at hwy and frank hill rd is blocking the road opp only minor injuries to the occupants,2537,collision,"Peterborough, Ontario, Canada",1
pilot dies in plane crash at car festival via crash aircraft airplane pilot death accident carfest,222,airplane accident,no_location,1
governor allows parole for school bus hijacker,6196,hijacker,no_location,1
buildings are on fire and they have time for a business meeting thestrain,1779,buildings on fire,no_location,1
magical bag of blazing,1018,blazing,Swag Francisco,0
traffic collision no injury i s at i s rd ave offramp south sac,2544,collision,"Sacramento, CA",1
i need to stop doing this to myself,2087,casualty,no_location,0
japan had a nuke program albeit unsuccessful and the casualty estimates for a ground war were in the tens of millions,2100,casualty,"Massachusetts, USA",1
officially skipping out on fantasticfour fant stic whatever the hashtag is its getting annihilated in reviews bummer,332,annihilated,PA,0
nah but thinking of getting a stretcher in my foreskin what u think,9039,stretcher,no_location,0
perspectives on terrorism understanding jihadi proto states,9465,terrorism,Melbourne,1
trafford centre film fans angry after odeon cinema evacuated following false fire alarm twitter users tell of,4778,evacuated,Manchester UK,1
in memory of the victims of hiroshima and nagasaki never again ban nuclear weapons,10384,weapons,St. Louis,1
im not the mom friend but i still see my friends as my little babies that i have to care for or else theyll electrocute themselves,4423,electrocute,14/cis/istj,0
i just drove with both my parents in the car lmao that was a panic attack waiting to happen,7661,panic,no_location,0
locksmithing art respecting elaboration only blight locks lpdkl,1177,blight,no_location,0
zodiac girl feat trey dupree produced by sparkz beatz chuck da arsonist,625,arsonist,"WASHINGTON,DC",0
i am not an american but i have family who have served in the military work in the emergency services and work in,4606,emergency services,"London, UK",1
and here i was complaining about phoenix mode in fire emblem turns out ray gigant will have a difficulty option where you take damage,2860,damage,My mind is my world,0
floods cause damage and death across asia all media content,5706,floods,"21.462446,-158.022017",1
i got it for the mistake but boss got it worse cause their job was to oversee my work boss didnt change after that,6106,hellfire,Right next to Compton,0
am best special report how metrics correlate to am bests property casualty marketwatch,2083,casualty,no_location,0
asbury park shooting reported via,7029,mayhem,no_location,1
bestie is making me watch texas chainsaw massacre,6965,massacre,"Nottingham, England",1
pbban temporary hyider ghost armageddon do not kill flags only fast xp for reason,462,armageddon,"California, United States",1
who the fuck plays music extremely loud at am on a tuesday morning bruv do they want me to come bang them,6811,loud bang,no_location,0
and i wrecked you both,10830,wrecked,no_location,0
i just screamed,8489,screamed,livin in a plastic world,1
pak army helicopter crashed in mansehra,2627,crashed,"Pakistan, Islamabad",1
large rain drops falling in rock hill off anderson road rain scwx drought,4135,drought,"Rock Hill, SC",0
boy saves autistic brother from drowning a nine year old in maine dove into a pool to save his autistic brother from drowning,4274,drowning,no_location,1
yeah i dont think hes elite either i think hazard is the better player too but not by much,5938,hazard,no_location,0
governor allows parole for california school bus hijacker local,6215,hijacker,no_location,1
riot police intervene after southampton and vitesse arnhem supporters clash fans clash in buildup to second,8239,riot,Malang,1
d what thats a tragedy you have a wonderful nose,9719,tragedy,"Pennsylvania, USA",0
world of warships makes me mad sometimes but its soooo satisfying when you cross the t on a battleship and just obliterate it,7383,obliterate,cedar rapids ia,0
sinkhole disrupts downtown trolley service sandiego,8668,sinkhole,USA,1
omfg i just woke up again,8947,storm,Somewhere Only We Know ?,0
like little boy you better sit your ass down stop screaming at my mother stop pulling your hair crying like a year old grow tf up,8540,screaming,nap queen,0
two jewish terrorists charged in historic church arson the ugly truth,546,arson,no_location,0
ashley and i on going to hurricane harbor friday,6434,hurricane,no_location,1
hurricane dancers the first caribbean pirate shipwreck margarita engle henry holt and co byr,6404,hurricane,"Books Published, USA",0
what tribal olap world pres how to recognize a hazardous waste and the multidimensi,5997,hazardous,no_location,0
they cant detonate unless they touch the ground,3807,detonate,no_location,0
stuart broad takes eight before joe root runs riot against aussies stuart broad took career best figures of,8216,riot,no_location,0
severe thunderstorms and flash flooding possible in the mid south and midwest weather environment climate nature,5617,flooding,USA,1
it starts a forest fire that cannot be put out,5724,forest fire,no_location,1
sometimes logic gets drowned out in emotion but its gotta surface at some point,4221,drowned,IG: AyshBanaysh,0
im sorry but if you have to resort to weapons to settle something youre a pussy win or lose take your shit like a man leave it at that,10339,weapons,"Houston, TX",1
final medinah update shot a on front exploded with a on back imkeepingmydayjob pic is famous,4919,exploded,"Chicago, IL",1
np metallica damage inc,2882,damage,"Pontevedra, Galicia",0
senator john mccains whoops moment photographed chilling with isis,9524,terrorist,no_location,0
wrecked emotions,10817,wrecked,At your back,0
pretty much every time the audio dies on an audio stream for a baseball game i assume catastrophic nuclear attack,2204,catastrophic,Lurking,0
loved the way this book was written to include so many vantage points of first responders kindle,5417,first responders,WorldWide,0
after shooting event at the theater is giving free coffee to all first responders police firefighters antiochhickoryhollowtn,5459,first responders,"Franklin, TN near Nashville",1
firefighters from connecticut are headed to california to fight wild fires,10466,wild fires,"Hartford, Connecticut",1
new item pillow covers any size pillow cover grey pillow pillows premier prints lulu storm grey by mypillowstudio,8967,storm,"Wilmington, NC",0
corey robinson having some solid reps at rt although as i type this he got beat on lightning dip by t walker,6792,lightning,"Holland MI via Houston, CLE",0
australias ashes disaster how the collapse unfolded at trent bridge cricket,1673,bridge collapse,no_location,1
map typhoon soudelors predicted path as it approaches taiwan expected to make landfall over southern china by,10087,typhoon,"Wilmington, Delaware",1
my niece is gaining the ability to stand im getting prepared for toddler apocalypse armageddon,476,armageddon,East Coast,0
my biggest fear is disappointing the people who believe in me,5267,fear,no_location,0
thankful for our first responders especially for life saving response today in antioch,5430,first responders,"Nashville, TN",1
obama should feel responsible bringing in these illegals he his family well protected from harm no feeling or heart others,5907,harm,no_location,0
louis vuitton monogram sophie limited edition clutch cross body bag full read by ebay,1384,body bag,New York,0
for the record im jumpin out the window early i got body bagging luck lol save the file,1464,body bagging,no_location,0
as of the month mark there were a total of fatalities more than the first half of last year,5172,fatalities,"Chamblee, Georgia",1
nside a dragons belly or an ice cave under a volcano in kamchatka photography by daniel korzhonov,10209,volcano,? ??????? ? ( ?? å¡ ? ? ? å¡),1
whether you like it or not everything comes out of the dark be ready for that shit to explode,4876,explode,no_location,0
damn greinke got blown up in that first inning,1335,blown up,"801 SL,UT",0
of the major reason of suicide bombing is the absence of sexual interactions,9240,suicide bombing,no_location,1
nearly thousand people affected by floods in paraguay,5692,floods,North America,1
it wouldnt turn into a sandstorm if riot gave a good answer instead they gave dumb excuses at least new client is there,8396,sandstorm,United States,0
psd special olap world pres how to recognize a hazardous waste and the multidimensi,6032,hazardous,no_location,1
ignition knock detonation sensor acdelco gm original equipment,3875,detonation,no_location,0
detonation fashionable mountaineering electronic watch water resistant couples leisure tab,3879,detonation,New York,0
i think it is well its bloody barking now,1309,bloody,Shity land of Northern Ireland,0
i hate when im trying to straighten my hair and my brother comes swooping in behind me and scares me i just burned my finger,1821,burned,toronto Û¢ dallas,0
laos flooding villages underwater world vision responding,5625,flooding,Jakarta/Kuala Lumpur/S'pore,1
retweet follow all who rt followback gain with follow rt a mention ty,7023,mayhem,?? Made in the Philippines ??,0
zayn just blew up twitter,1124,blew up,"Ottawa, Canada",0
remembering mordechai yehuda friedman of ramat beit shemesh murdered by hamas terrorists in the suicide bombing of egged bus no,9238,suicide bombing,no_location,1
something catastrophic is coming should we tune out,2194,catastrophic,"Portland, OR",1
flood in bago myanmar we arrived bago,19,missing,no_location,1
felt remorse for missing pam drowned it with these guys really like jasons part vi outfit,4245,drowned,Tampa,0
rainstorm destroys houses in yobe ireporter via,7924,rainstorm,Federal Capital Territory,1
demolished my personal best,3342,demolished,"Catalonia, Spain",0
leitchfield ky bella edward rosalie need rescue adoption local foster home s sponsorships trapped,9759,trapped,"PA, USA",1
maryland mansion fire that killed caused by damaged plug under christmas tree report says into the flames firefighters bravery,5491,flames,Republica Dominicana,1
deep crew to help with california wild fires via,10468,wild fires,"Cedar Island, Clinton CT 06413",1
rt the devereaux disaster exciting scifi thriller scifi kindle,4034,disaster,London,0
incredulous at continued outcry of welfare being a waste of taxpayers money but never similar objection to bn on nuclear weapons,10340,weapons,"Ely, Cambridgeshire",1
info baekhyun and suho will be attending the idol sports championship on august th cr syjexo,10411,whirlwind,140920-21 & 150718-19 BEIJING,0
im sorry for my meltdown last night lmao but im getting my tooth fixed friday,7053,meltdown,? miranda ? 521 mi,0
residents return to destroyed homes as washington wildfire burns on,10517,wildfire,no_location,1
destruction magics fine just dont go burning down any buildings,1942,burning buildings,"Whiterun, Skyrim",1
injured missing in bridge collapse in central mexico,1677,bridge collapse,Buscame EL tu Melte,1
video new de jhaustin thomas on being a cyclone ames tribune ames tribune video new de jhaustin thomas on,2815,cyclone,no_location,0
thanks thanks,6769,lightning,"Rotterdam, The Netherlands",0
i see fire,5326,fire,no_location,0
human history becomes more and more a race between education and catastrophe,2154,catastrophe,no_location,0
the best part of old baseball managers wearing uniforms is the implication that if something catastrophic happens theyll grab a glove,2176,catastrophic,"San Jose, CA",0
thank u,2402,collapsed,Live mÌÁs,0
reddit will now quarantine offensive content technology technews puledo tech update,7800,quarantine,South africa,0
us navy sidelines newest subs,7309,nuclear reactor,"Eaubonne, 95, France",0
four things that may ruin your personal injury accident claim,8363,ruin,"Wailuku, Maui",1
hey bitch blow me uh no stick your dick in some water then an outlet so u get electrocuted,4450,electrocuted,no_location,0
im a disaster,4003,disaster,Portoviejo-Manabi-Ecuador,0
dont drown,4158,drown,icon: cheese3d,0
not tweeting and driving joshua typos are hazardous,6022,hazardous,???,0
tigers wonder how much the upheaval with team is affecting different players tonight,10136,upheaval,"East Aurora, NY",0
texas seeks comment on rules for changes to windstorm insurer,10545,windstorm,no_location,0
yikes poor pup what a weird violent storm,10198,violent storm,"Very SW CA, USA....Draenor",1
it does say hailstorm,5873,hailstorm,Dicky Beach,1
losdelsonido obama declares disaster for typhoon devastated saipan obama signs disaster declaration for northern ma ivanberroa,3905,devastated,REPUBLICA DOMINICANA,1
i was wrong to call it trusty actually considering it spontaneously collapsed on me thats not very trusty,2399,collapsed,"Perth, Western Australia",1
i do it just seemed like the pages were out of order,7006,mayhem,"Boston, MA",0
annihilating quarterstaff of annihilation,352,annihilation,Wild Wild Web,1
tension in bayelsa as patience jonathan plans to hijack apc pdp,6135,hijack,Houston TX,1
if i dont get my money by tomorrow rioting,8271,rioting,no_location,0
on this day in appetite for destruction goes to on the billboard album charts and stay on for weeks,3780,destruction,New York City,0
tornado has to make the playoffs they have guys with homers already and they just added tulowitzki and price,9706,tornado,"Kentucky, USA",0
lmfaooo hell nawh yo ass thought,5929,harm,no_location,0
broadcast journalism hostages to fortune otherwise quot television blind else quot operations since g superv,6341,hostages,no_location,0
im a tornado looking for a soul to take,9680,tornado,california,0
and youre loving me like water slipping through my fingers such a natural disaster love,7218,natural disaster,sÌ£o luis,0
no dont evacuate the students just throw them in the dungeon that is stupid,4738,evacuate,Rochester,0
wow the name legionnairesdisease comes from an outbreak of pneumonia at the convention in philly in died from it,7555,outbreak,NJ/NYC,1
rightways building structural integrity failure inspections damages defects testing repair via,9064,structural failure,Asia,1
real people true stories real pain suffering displaced refugeesmatter syria,4094,displaced,Canada,1
i feel like that episode of victorious when they all got trapped in an rv and almost died of heat stroke mtvhottest one direction,9776,trapped,T E X A S | wwat 8.24.14,0
a brave little dog gets rescued from the river his recovery will inspi via,8116,rescued,southern california,0
your only option now is to move to an desolate island with nothing but a stack of dvds you cant watch,3584,desolate,Boulder,0
severe thunderstorm warning for oklahoma county in ok until pm cdt okwx,9643,thunderstorm,"Tornado Alley, USA",1
strikers in phalaborwa striking over the chinese taking their jobs strikers burning buildings attacking cars,1959,burning buildings,"Nelspruit, South Africa",1
a back to school commercial came on and my sister had a meltdown,7074,meltdown,Storybrooke / The Moors,0
omron hem c automatic blood pressure monitor standard and large bp cuffs,1242,blood,no_location,0
autoinsurance industry clueless on driverlesscars markets money times,9339,survive,no_location,0
conning builds strong case for portfolio diversification for property casualty insurers,2096,casualty,Hartford London Hong Kong,0
forever drowning in my feelings,4248,drowning,no_location,0
infowars nashville theater attack will gun grabbers now demand hatchet control nwo,690,attack,Global,1
its a heat wave squad revitup pizzarev,6056,heat wave,no_location,1
setsuko thurlow survived the hiroshima bomb this is her story,9391,survived,no_location,1
thunder,9605,thunder,no_location,0
lmfao fucking luis hhahaha im dead,2965,dead,Atmosphere,0
live somewhere else for a while and da mill aint too bad son perspective,10246,volcano,right here,1
annihilated in damascus syrian army grinds alloosh and his gang into the manure pile,340,annihilated,Swaning Around,1
fedex no longer shipping bioterror germs wxia tv,874,bioterror,Extraterrestrial Highway,0
if your friends really were your friends theyd support you regardless of your decisions unless you become a mass murderer or something,6926,mass murderer,Hemel Hempstead,0
see a virtual tour of one of our listings on fir st cannon beach or listed by dorrie caruana,936,blaze,no_location,0
i really liked the first hobbit movie i saw it three times in theatres but i saw desolation of smaug and came out with the same feeling,3631,desolation,Prehistoric Earth,0
dead dozens injured in gaza blast near house leveled in summer war washington post world,6472,injured,World Wide Web,1
this bowl got me thinking damn ive been blazing for so damn long,986,blazing,no_location,0
insanelimits plugin enabled tps tdm t hardcore locker weapon rules using limits,10314,weapon,"California, United States",0
the abomination that maketh desolate the antichrist desecrates the jerusalem temple dan matt,3594,desolate,no_location,0
hi sorry for the delay slightly inundated with applications at the mo but we have yours and will get back to you asap,6594,inundated,Bristol,0
mexico construction of bridge collapse kills one,1710,bridge collapse,no_location,1
worldnews fallen powerlines on g link tram update fire crews have evacuated up to passengers who were tr,4784,evacuated,no_location,1
love love love do you remember your first crush,2668,crush,"San Diego, Texas.",0
bc its risky and costly i dont see a need to do that when there isnt anything there its totally desolate,3595,desolate,the insane asylum.,1
cant dl a patch to fix the error in symantec as its quarantined the computer ergo stopped all wireless exchange lol technology,7891,quarantined,"Poplar, London",0
bigrigradio live accident awareness,105,accident,Australia,1
incident crash in pascoe vale south outbound on tullamarine fwy citylink near moreland rd vehicles off in emergency lane no delays,2571,crash,"Melbourne, Australia",1
does renovation mean obliteration entrepreneur management leadership smallbiz startup business,7482,obliteration,no_location,0
detonate by ft m o p,3831,detonate,no_location,0
earthquake occurred km s of volcano hawaii at utc earthquake volcano,10214,volcano,Earth,1
cork city in ireland we got to degrees today that is a heat wave for us haha,6049,heat wave,no_location,1
we know this is bad for the bees dont give in to pressure from short term profit obsessed chemical companies,2235,chemical emergency,"North Ferriby, East Yorkshire",0
your phone is spying on you hidden back door nsa data mining software the financial armageddon blog,461,armageddon,USA,0
three homes demolished in unrecognized arab village international middle east media center,3351,demolished,"Paterson, New Jersey",1
m believe my blue not isis kwwwkwwwk without weapon blue will hug me jiahahahha yeyeulala,10303,weapon,"kediri,,jawa timur",0
nc senate follows house on legal action on terrorism damages winston,9452,terrorism,"Winston-Salem, NC",1
angel or arson,578,arson,"North-East Region, Singapore",0
still and box alarm for the train derailment at st and calumet struck out on the orders of chicagoscanner,3513,derailment,"Chicago, IL 60607",1
if you think youd like burning man you should try it because its the only way to know,1881,burning,no_location,0
too dangerous for them but its ok for the rest of us to be in danger,2947,danger,"Kansas City, MO",0
not gonna lie im panicking a little bit vic hardy not there freeman not practicing,7738,panicking,no_location,0
the legal system never forgets,607,arsonist,heccfidmss@gmail.com,0
burned calories doing minutes of walking mph very brisk pace myfitnesspal,1852,burned,DC,0
screaming mad scientist deceased after tumbling over heels and falling into sinkhole during investigation,8653,sinkhole,Canada,0
def louis is tired plus the meltdown of fans when he confirmed hes a dad but some fans are reaching making conclusions and stuff,7077,meltdown,neil's kitchen | 32215,0
tix frozen fury xvii los angeles kings v avalanche row aa mgm grand,753,avalanche,Score More Goals Buying @,0
fwd i literally jumped out of bed put on beach clothes and ran out my door like i had to evacuate for an apocalypse,4726,evacuate,no_location,0
me pulling over and fighting the hoes that called zayn a terrorist,9504,terrorist,no_location,1
oh fuck sake he is dead,2975,dead,South Stand,0
its the best time of day is liveonstreamate,8755,siren,The Web,0
smoke good fuck eat drink drive nice car wear all green mink,638,arsonist,ss,0
jack wilshere has poor injury recordand his off field behaviors doesnt help arsenal,6541,injury,Somewhere in China.,1
day without my phone and due to my slow shite computers it is utter hellfire plez send help,6086,hellfire,no_location,0
thats one way to make their heads explode,4893,explode,"Dallas, TX",0
because its oclock and my mom said everyone has to go home because of curfew,2774,curfew,"Illinois, USA",1
dead due to floods in myanmar naypyidaw aug prensa latina the death toll rose today to in myanmar,5677,floods,no_location,1
metal cutting sparks brush fire in brighton a brush fire that was sparked by a landowner cutting metal burned,1870,burned,Cherry Creek Denver CO,1
caught in a landslide,6649,landslide,"Melbourne, Australia",1
in depth the new world of work and how young people businesses and economies are coping with huge upheaval via,10121,upheaval,"Scotts Valley, CA",0
flood advisory issued august at pm edt by nws wxky,5600,flood,United States,1
businesses are deluged with inroices make yours stand out with colour or shape and its likely to rise to the top of the pay pile,3235,deluged,no_location,0
rt south sudans war on women survivors say rape has become just a normal thing,9404,survivors,"Chicago, IL",1
remember when u were up like and blew it in one game u probs dont because it was before the kings won the cup,1085,blew up,no_location,1
officer wounded suspect killed in exchange of gunfire richmond police officer wounded suspect killed in exc,10591,wounded,"Paterson, New Jersey",1
alaskas wolves face catastrophe denali wolves population plummeted to savedenaliwolves tweetstorm,2149,catastrophe,Portugal,0
rp said they can see smoke coming from the silo on th street in hartford but no flames,5488,flames,"Sioux Falls, S.D.",1
is it bad to say that im kinda afraid of storms and we are in a storm help,8957,storm,no_location,1
cruz iran deal leaves american hostages languishing in iran noirandeal tedcruz,6373,hostages,"Brazos Valley, Texas",1
together we can destroy the emperor and rule the galaxy father and son,3661,destroy,no_location,0
i still got video of u demolished,3317,demolished,QUEENS.,0
hey az sign this petition to save the wildhorses tantonationalforest a sing a long is in order,380,annihilation,"Phoenix, AZ",0
so the ahamedis think the messiah had already come years ago where is armageddon where is the dajaal where is gog magog,479,armageddon,no_location,0
police officer wounded suspect dead after exchanging shots richmond va ap a richmond police officer wa,10611,wounded,Americas Newsroom,1
oh and fuck bill clinton for bombing us and fuck nato,1666,bombing,no_location,0
the twins survived their first day of high school theyre gonna have a great year makinmemories,9372,survived,Tn,0
people in sydney woke up to the whole sky being red after a dust storm like unreal,4317,dust storm,D(M)V,1
theres a fly loose in my workspace with two bored cats i forsee terrible things destruction badkitty thisiswhywecanthavenicethings,3759,destruction,"Hickville, USA",0
ablaze for you lord d,57,ablaze,Paranaque City,0
beautiful disaster,4012,disaster,en el pais de los arrechos,0
a world in which people arent dying from natural and supernatural disaster and war most likely,7234,natural disaster,"Pennsylvania, USA",0
when your bodys like go to fuck to sleep sami and your minds like make an emergency plan for every natural disaster go,4582,emergency plan,M!$$!$$!PP!,1
its impossible for me too ww like i cant survive a day without meat wew,9325,survive,? icon by @Hashiren_3 ?,0
has confirmed on his twitter saying goodbye ross am bloody gobsmacked devastated emmerdale,3926,devastated,no_location,0
when you burp and smoke comes out,8857,smoke,"Houston, TX",0
my take away preservation parks r an imposition a danger to african people i never imagined,2916,danger,"Brooklyn, NY",0
latestnews police officer wounded suspect dead after exchanging shots richmond va ap a richmond pol,10627,wounded,"England, United Kingdom",1
only urs and srs matter rs youll be drowning in tho youre already drowning in ns lol,4295,drowning,no_location,0
politics preschool attitude russia orders to destroy all food coming from countries it doesnt like there is no hunger in the world,3690,destroy,Norway,1
pets r like part of the family i love animals the last pets i had i rescued breaks my heart when animals are mistreated,8136,rescued,"Pennsylvania, USA",0
how are you going to survive this devastation,3948,devastation,Columbus,1
oh shit its rly sheeting aaaaaand theres the thunder and lightning i missed summer storms,9595,thunder,??,1
now im internally screaming,8504,screaming,tx,0
rly tragedy in mp some live to recount horror when i saw coaches of my train plunging into water i called my daughters and said t,9750,tragedy,India,1
rappers stop sampling police sirens and start sampling whale song,8804,sirens,Greater Los Angeles Bearia,0
blasts accused yeda yakub dies in karachi of heart attack mumbai,658,attack,no_location,1
well said sir my cousin was a pow brutally treated survived but never talked about it the bombing was justified,9382,survived,U.K.,1
you are equally as scared cause this somehow started to heal you fill your wounds that you once thought were permanent,10648,wounds,in my head,0
omg earthquake,10843,missing,no_location,1
disaster group stunned by floods,5672,floods,Michigan,1
new post prysmian secures contract for blight bank wind farm,1141,blight,"IJmuiden, The Netherlands",0
icaseit mfi certified lightning cable m,6765,lightning,no_location,0
russia food crematoria provoke outrage in country w soaring poverty soviet famine memory,5064,famine,"Kyiv, Ukraine",1
papi absolutely crushed that ball,2731,crushed,bahstun/porta reeko,0
pharma overloaded with a loud cry like an emergency siren fucking,8776,siren,no_location,0
i just wanna smoke some weed and get some commas,8890,smoke,"Bronx, NY",0
the average gop voter would go to a big tent circus in a hailstorm windstorm no,10558,windstorm,"Hermitage, PA",0
there is no greater tragedy than becoming comfortable with where you are in life,9712,tragedy,New Jersey/New York,0
chpsre rt refugees for our followers in paris do visit a dream of humanity exhibition by rezaphotography,8058,refugees,"Geneva, Switzerland",1
anti collision rear gadget technology,2550,collision,"USA, WA",0
central mass fruit trees escape heavy damage after wind hail,5824,hail,"Indianapolis, IN",1
oops bounty hunters try to raid phoenix police chiefs home a group of armed bounty,7767,police,no_location,1
youre on stage now right under the lights isnt it funny where do you get the goofballs with which you staff your pd,492,armageddon,Nowhere. Everywhere.,0
new post people are finally panicking about cable tv,7701,panicking,no_location,0
modiministry rly tragedy in mp some live to recount horror,9730,tragedy,no_location,1
no but a stretcher would have been nice,8993,stretcher,no_location,0
runaway minion causes traffic collapse in dublin,2304,collapse,no_location,1
has body bagged rt drake is body bagging meek,1466,body bagging,Miami ??,0
summer heat drives bobcats to calgary backyards,5855,hailstorm,Heaven,1
check out this amazing footage of lightning filmed while lifting off from chicago,6794,lightning,"State College, PA",0
i seen judas priest in when rob came back scorpions as support fucking annihilated the place astonishing gig,331,annihilated,"West Lancashire, UK.",0
today japan marks yrs since the u s a bombed cities killing over people but we have to worry about iran,1621,bombed,melbourne,1
media stocks are getting destroyed dis foxa cmcsa sni amcx viab via twx,3702,destroyed,todaysbigstock.com,0
rt patrickjbutler excellent damiengayle eyewitness account of kids company closure you drop the bomb and expect,5046,eyewitness,UK,1
benzema increasingly looks to be a casualty of benitezs new look squad arsenal bound chance i think,2073,casualty,Kenya,1
video slain mexican journalist unknowingly predicted his own death via,3042,death,"Los Angeles,CA, USA",0
alsowhat if some of the st team players got injured then bilic would get slated for playing themhe cant win,6474,injured,no_location,1
army names th mountain units for iraq afghanistan deployments deeds,7112,military,"Bozeman, Montana",0
its even worse than it looks how the american constitutional system collided with the new politic,2494,collided,no_location,0
keep an eye out well be looking for lots of new team members in coming days weeks,8209,riot,East London,0
cool tips from our friends at counterstrike security sound,4573,emergency plan,"Fort Myers, Florida",0
biztip we recommend all businesses to get an alternative source of electricity solar wind and batteries have an emergency plan now,4580,emergency plan,U.S. Northern Virginia,1
and even if the stars and moon collide oh oh i never want you back to my life you can take your words and all,2435,collide,"Maryland,Baltimore",0
trouble trouble when i dont get my way,9920,trouble,Illumination,0
traumatised after seeing a baby literally fall out of that lady she only went for a wee great catch oneborn,9858,traumatised,London,0
lab today ready for these body bags,1509,body bags,"Fife, WA",0
heavy rain and hail,5819,hail,"Calgary, AB",1
the real question is why is the tornado siren going off in dyersburg,8780,siren,no_location,1
is serving more than k veterans k oif oef vets have physical wounds many more have invisible ones client,10626,wounded,"Fredericksburg, Virginia",1
on northgate by the taco truck thats fire,5379,fire truck,no_location,1
cowboys wednesdays injury report rb lance dunbar injures ankle is listed as day to day,6572,injury,"Dallas, TX",0
hail pic,5817,hail,Between Dire and Radiant,0
pop quiz which do you prefer feminist revolution or fried ravioli with porcini and ricotta,8231,riot,In Space,0
reported motor vehicle accident in curry on herman rd near stephenson involving an overturned vehicle please use,104,accident,"Walker County, Alabama",1
poor jack,1136,blight,London,0
calgary transit reviewing policy after leaving hundreds of commuters stranded during hail,5883,hailstorm,"Calgary, Alberta",1
fears over missing migrants in med rescuers search for survivors after a boat carrying as many as migrants,8187,rescuers,no_location,1
a voluntary evacuation is being recommended at this time for pickerel lake cabins across highway from reidlake fire says maca nwt yzf,4848,evacuation,Yellowknife,1
bleeding on the brain dont know the cause,1069,bleeding,"Basketball City, USA",0
says nd grenade found is younger that wwii era grenade found earlier theyll detonate it at tonight,3819,detonate,Colorado,1
jay big l pun biggie wrap over zero question fatality flawless victory,5211,fatality,"Lowell, MA",0
still echoes of their screams,8560,screams,BrasÌ_lia,0
i just screamed what the fuck is a hond,8487,screamed,3000 miles from everyone,0
lying clinton sinking donald trump singing lets make america great again,8709,sinking,"Fountain Valley, CA",0
towboat trek sympathy deluge falls vtc,3162,deluge,no_location,1
dont get on i south huge wreck and airlift and maybe some deaths interstate is completely blocked,3055,deaths,"Mooresville, NC",1
modiministry railway minister prabhu calls mp derailment a natural calamity,3540,derailment,no_location,1
bestseller fossil dawson mini cross body bag es,1486,body bags,CA,0
are you serious,6963,massacre,no_location,0
yeah just who we need another middle class hating republican out to get hard working cops fire fighters teachers,5335,fire,no_location,0
families to sue over legionnaires more than families affected by the fatal outbreak of legio muhamadjabal,7565,outbreak,no_location,1
omg i dont believe this rip bro airplane accident jetengine turbojet boing g,237,airplane accident,92,1
landslide in italian alps kills three rome reuters three people were killed when a severe rainstorm in th,7923,rainstorm,no_location,1
rt rabidmonkeys ah the unique mudslide cake gbbo,7171,mudslide,no_location,0
versions of ks where if a character was every character world would explode rin shizune misha emi kenji yuuko nomiya hisao,4888,explode,"Yamaku Academy, Class 3-4",0
i need the dust storm film asap also watches the trailer for the th time,4327,dust storm,Û¢5Û¢12Û¢14Û¢ | åÈ#SaviourSquadåÇ,0
ty just blew up the motor went up in flames he got out ok,1099,blew up,"Iowa, USA",0
tell him rebahes going to destroy himself ashes ashes,3653,destroy,Johannesburg,0
breaking arsenals hector bellerin has been arrested for questioning regarding the disappearance of eden hazard,5960,hazard,no_location,0
mufc theyve built so much hype around new acquisitions but i doubt they will set the epl ablaze this season,54,ablaze,Pretoria,0
just added some more fire to the flames for saturday rick wonder will be spinning a guest set along with chachi,5469,flames,Freeport Ny,0
and last year it was just a lot of the drums are flooding and janice im falling,5644,flooding,don't run,0
finnish ministers fennovoima nuclear reactor will go ahead worldnews news breakingnews,7335,nuclear reactor,World,1
retweeted sarah silverman soundtrack of my walk starts w tracey ullman they dont know perfect,8217,riot,"Los Angeles, CA",0
wipp emergency activated because of slightly elevated levels of radiation sejorg,7898,radiation emergency,no_location,1
udhampur terror attack militants attack police post spos injured suspected militants tonight attacked a p,6464,injured,Mumbai,1
looks like it may have been microsofts anti virus trying to update causing the meltdown,7060,meltdown,no_location,0
im screaming hes my favourite,8533,screaming,UK,0
enugu government to demolish illegal structures at international conference centre,3255,demolish,"Nigeria, WORLDWIDE",0
the palestinian refugee tragedy is a blight on humanity should shame every israeli for living with it,1174,blight,UK,1
this bed looks like a war zone,10253,war zone,Somewhere else...,0
i just watched emmerdale nd i dont know who most of them are but a slightly attractive man named ross just got beat up nd now hes dead,2969,dead,no_location,1
jesus christ that ball was fucking crushed bluejays,2729,crushed,"Ontario, Canada.",0
if anyone were to harm the boys they would get taken down immediately not by security but by the fans real quick,5913,harm,Hogsmeade,0
only had a crush on one girl in high school and she dont even realize it lol,2691,crush,no_location,0
so we should send it all him then drown him in it i like the way u think allthekidneybeansandsorbet misha yes,4197,drown,Inside your webcam. Stop that.,0
watch this airport get swallowed up by a sandstorm in under a minute,8393,sandstorm,USA,1
pm mapleridge lougheed hwy eb is closed between rd and dewdney trunk rd because of collision eto is between pm and pm,2541,collision,Vancouver,1
thousands attend a rally organized by peace now protesting the arson attack that took the life of an,551,arson,USA,1
shes a natural disaster shes the last of the american girls,7195,natural disaster,home,0
happy birthday big d i miss you girl hope you have a bomb one,1547,bomb,whs '17,0
the hatchet wielding gunman had pepper spray and a fake bomb,1573,bomb,no_location,1
rand pauls debate strategy demolish some other bad ideas out there or point out maybe that there are some em,3253,demolish,Washington D.C.,1
if you ever think you running out of choices in life rembr theres that kid that has no choice but wear a suicide bomb vest,9094,suicide bomb,Roadside,0
experts in france begin examining airplane debris found on reunion island french air accident experts on mlb,216,airplane accident,Somewhere Out There,1
cant fix stupid mt dont drive through flooded underpasses warns city as it enacts municipal emergency plan yyc abstorm,4588,emergency plan,"Leduc, Alberta, Canada",1
disaster averted police kill gunman with hoax device at cinema via foxnews,4022,disaster,"Philadelphia, PA USA",1
apollo brown detonate f m o p,3815,detonate,"Brasil,SP",0
even when i was a kid haha super late but folks used to bash me for that shit i understand he survived cancer but he still cheated,9346,survived,"Brentwood,TN",0
gov brown allows parole for chowchilla school bus hijacker james schoenfeld,6188,hijacker,San Francisco Bay Area,0
there is a way which seemeth right unto a man but the end thereof are the ways of death,3022,death,"Kensington, MD",1
rocky fire in northern california swells to acres evacuated portland phoenix miami atlanta casper,4777,evacuated,Midwest,1
the alabamaquake seismic summary w earthquake news history,8609,seismic,no_location,1
my hair is poverty at the moment need to get a fade before the weekend gets here,944,blaze,no_location,0
zar cringes at the blows but doesnt let marek go he uses seismic toss,8612,seismic,Smash Manor/Kanto,0
meek mill begging nicki minaj to let him obliterate ovofest nowplaying,7381,obliterate,Toronto,0
i liked a video us canada radiation update emergency fishing closures,7897,radiation emergency,no_location,1
politifiact harry reids percent of women served planned parenthood claim is a pants on fire lie tcot,5331,fire,To The Right of You!,0
treasures revealed as california drought drains lakes,4113,drought,no_location,1
alleged driver in kuwait attack joined daesh just a day before the june suicide bombing he confesses in court,9221,suicide bombing,GCC,1
madhya pradesh train derailment village youth saved many lives,3503,derailment,Mumbai (India),1
not only are you a mass murderer but at a movie theatre where niggas dropped bread to see a movie cmon man,6936,mass murderer,Hell,0
dal news wednesdays injury report rb lance dunbar injures ankle is listed as day to day,6553,injury,no_location,0
rt hourfamine in bangladesh government has not declared floods an emergency worldvision will continue to m,5690,floods,no_location,1
whos that shadow holdin me hostage ive been here for days,6306,hostage,????,0
juanny beisbol sr annihilated that ball lgm,345,annihilated,Albany/NY,0
i dont have them they out here,6394,hurricane,NAWF SIDE POKING OUT,1
wha t is this kids damage,2861,damage,no_location,0
america like south africa is a traumatised sick country in different ways of course but still messed up,9872,traumatised,"Hackney, London",0
im there bride groom on mountain cliff edge ha ha just kidding i will not ever be there ha ha,2300,cliff fall,"Florida, USA",0
i love you bb,187,aftershock,no_location,0
better than tornado,9660,tornado,cognitive dissonance town,0
wakeupflorida floridians more likely to be killed injured by a trophyhunt killers gun than by isis,6450,injured,Tropical SE FLorida,0
injuries may be forgiven but not forgotten aesop,6485,injuries,??,0
im drowning in hw now and thats w o going to swim ohlordy,4297,drowning,"San Diego, California",0
pandemonium playstation one ps retro classic original platform platinum raredeals uk,7644,pandemonium,no_location,0
theres an emergency evacuation happening now in the building across the street,14,missing,no_location,1
youre another one for the history books thank the justice department and by the way i havent paid income tax in yrs,470,armageddon,Nowhere. Everywhere.,0
vanderbilt first do no harm,5889,harm,"Queensland, Australia",0
after a violent afternoon storm more severe weather heads for chicago tonight details,10175,violent storm,"Chicago, IL",1
wow bet you got blamed for that too huh,6128,hellfire,"Denver, Colorado",0
gunmen kill four in el salvador bus attack suspected salvadoran gang members killed four people and wounded s,10585,wounded,no_location,1
how to prepare your property for a storm,8949,storm,"Chicago, IL",1
an outbreak of legionnaires disease in new york has killed at least people,7593,outbreak,"New York, NY",1
i think twitter was invented to keep us insomniacs from rioting in the wee small hours,8264,rioting,Upstate New York,0
the universe might not actually exist scientists say the sun blew up and the earth began,1093,blew up,#SOUTHAMPTON ENGLAND,0
fingers crossed that there will be a driver from hendricks in military hospitality w,7131,military,"Virginia, USA",0
what a wonderful day,34,missing,no_location,0
series finale of thegame it survived so much upheaval but the audience got so much good story,10114,upheaval,Jamaica,0
well unfortunately for my followers stage pics came in today advanced apologies for the inundation,6643,inundation,Proudly Canadian!,0
why are you drowning in low self image take the quiz,4256,drowning,Coventry,0
brain twister homefolks are opinionated over against proposal modernized canada omw,10014,twister,no_location,0
would you please explain what you are going to do about the volcanoes bush fires spouting all that co into the air,1972,bush fires,Mid north coast of NSW,1
ransomware holds b c mans computer files hostage a virus locked andrew wilsons family photos and other,6293,hostage,"Vancouver, British Columbia",0
how many trains derailed that has to shut down orange blue in most of dc the avengers made less of a mess,3487,derailed,no_location,1
rare insight into terror and how to fight it cameroon usa whitehouse es fr nigeria uk africa de ca au jp,10310,weapon,Washington DC,1
eyewitness accounts of survivors of hiroshima gleaned from a number of oral history projects,5018,eyewitness,Jammu and Kashmir,1
im the architect of my own disaster,4027,disaster,"Lima, Peru",0
inundated with westeros between storm of swords as a book on tape finishing s of game of thrones i dont know my starks from my greyjoys,6619,inundated,"Toronto, ON, Canada",0
so the question is would you crush ortiz for bunting as your sports writing forefathers crushed williams,2727,crushed,no_location,0
typhoon soudelor was captured in this incredible nasa photo on its way to taiwan,8945,storm,"State College, Pa",1
p for those who watch over me forest fire smoke has lifted nuff f me t make a run t the pet store on the hwy n ill b home by p,5729,forest fire,no_location,1
having trouble understanding the rotations within a left leaning red black tree my class is currently learni,9911,trouble,no_location,0
prices here are insane our dollar has collapsed against the us and its punishing us thanks for the info,2375,collapsed,Suplex City,1
the trouble in one of buffetts favorite sectors,9935,trouble,no_location,0
barak will tell the american people that the lives of the hostages in iran depends on congress voting to give terrorist a nuke for hostages,6362,hostages,"Cleveland, OH",1
and he almost collapsed bc he said his wish came true moderately fuck,2394,collapsed,#ForeverWithBAP 8,0
refugio oil spill may have been costlier bigger than projected losangelestimes latimes news,7523,oil spill,no_location,1
rly tragedy in mp some live to recount horror topstories india timesofindia,9708,tragedy,"New Delhi, India",1
im no expert but raw uranium and nuclear reactor fuel rods are very different creatures,7324,nuclear reactor,"Johannesburg, South Africa",1
prince phillip said of the numbers of those murdered by the british at amritsar thats a bit exaggerated it must include the wounded,10598,wounded,FILM OUT LATE 2015,1
govt should pass the bills in the pandemonium upa used to do it why cant nda,7605,pandemonium,"Mumbai, India",0
only you can prevent forest fires,5736,forest fires,no_location,1
exploration takes seismic shift in gabon to somalia worldoil subscription somalia,8608,seismic,Somalia,0
the adventures of mineness the famine is over,5101,famine,no_location,1
that rainstorm didnt last nearly long enough,7941,rainstorm,"Memphis, TN",1
families to sue over legionnaires more than families affected by the fatal outbreak of legionnaires disea,7545,outbreak,Chile,1
you should be scared you should be screaming and panicking this redeemer romanticsuspense,7724,panicking,Georgia,0
your body will heal the bags under your eyes will go away youll be so happy youll smile and really,1519,body bags,no_location,0
ever since my facebook mets meltdown after the padres fiasco mets are youre welcome,7078,meltdown,The shores of Lake Kilby,0
new roof and hardy up windstorm inspection tomorrow,10570,windstorm,Houston,0
check out this rockin preview of danger zone coming soon artistsunited,2910,danger,Worldwide,0
thunder and lighting,9567,thunder,no_location,0
ethiopian regimes continue receiving foreign aid when famine struck for years eastern ethiopia,5085,famine,no_location,1
thirst has no curfew,2756,curfew,no_location,0
the only country claiming the moral high ground is the only one to have dropped atomic bombs hiroshima banthebomb,1638,bombing,no_location,1
junko was years old when the atomic bomb exploded over hiroshima on august,4924,exploded,Australia,1
the funniest part about that twitter is the feminists that try to attack it head,656,attack,Ireland,0
i just wanted to watch paper towns but the buildings on fire,1812,buildings on fire,nj,1
i am so sick of criminals parents and friends rioting when they are killed by police you dont give a damn when officer is,8283,rioting,"Colonial Heights, VA",1
lets not forget our wounded female veterans,10601,wounded,"Illinois, USA",1
devastated by todays allegations,3938,devastated,probably petting an animal,0
fairfax investigating firefighter over facebook post saying police should be put in body bags the washington post,1526,body bags,Speaking the Truth in Love,0
wild fires in california must be global warming cant just be extreme heat combined with dry foliage ignited by some douchebag hiker,10484,wild fires,United States of America,1
flood prone waterways in westchester county now eligible for millions in state aid newyork,5604,flood,USA,1
wouldnt that have sunk the sub,9281,sunk,Gloucester,0
really cannot condemn an entire group based on the actions of a few a heart warming unity against terrorism,9481,terrorism,no_location,1
and then i go a ruin it all with something awful minions,8367,ruin,Belfast,0
video were picking up bodies from water rescuers are searching for hundreds of migrants in the mediterranean,8147,rescuers,#iminchina,1
there is no such curfew,2771,curfew,no_location,0
that moment when you get on a scary roller coaster and the guy behind you is just screaming bloody murder silverwood aftershock,175,aftershock,no_location,0
do you know anyone looking to move to hammond or share this listing,931,blaze,no_location,0
all these people explode,4901,explode,no_location,0
en tension in bayelsa as patience jonathan plans to hijack apc pdp,6164,hijack,"Lagos, Nigeria",1
russian authorities to take account of petition against destruction of sanctioned food vladimir putins press,3756,destruction,New York NYC,0
australia news rt janeenorman high probability aircraft wreckage is from mh according to deputy prime,10743,wreckage,WorldWide,1
good way to end the day geyser plus dust storm,4321,dust storm,no_location,1
my jealous tears are burning with the fire of a thousand ransacked buildings so awesomeeeeeeee,1756,buildings burning,Bombardment Bay,1
malaysia pm confirms wreckage belongs to mh,10748,wreckage,Africa,1
disregard my snap story there is an angry white girl riot happening as we speak evacuate,4725,evacuate,no_location,1
this looney tunes blake griffin commercial screams their making a space jam,8579,screams,PLFD cuh..,0
oh im not bagging her at all her body be bangin im saying shes going to get the rose,1429,body bagging,have car; will travel,0
london is drowning and iiii live by the riveeeeeer,4253,drowning,Numa casa de old yellow bricks,1
severe hailstorm in progress over northeast logan county cowx,5870,hailstorm,"Iliff,Colorado",1
get access to the most extensive sources of threat information right out of the box then easily add your own internal intelligence bhusa,9553,threat,"Arlington, VA",0
colnharun breaking news unconfirmed i just heard a loud bang nearby in what appears to be a blast of wind from my neighbours ass,6847,loud bang,Kenya,0
don avoid wearing dead black flaming red and stark white so much and esp at debate go with your blue gold brown even to shoes and,2980,dead,no_location,0
news update huge cliff landslide on road in china watch the moment a cliff collapses as huge chunks of rock fall,2289,cliff fall,Sydney Australia,1
did you say to him and phil actually collapsed on the gravel sobbing endlessly with a crowd watching him confused angry mad,2366,collapsed,they/her,0
shoes asics gt ii super red ronnie fieg kith red white m x gel grey volcano,10218,volcano,no_location,0
parents of colorado theater shooting victim fear copycat massacre antioch,6946,massacre,no_location,1
its alil twister at tha end to i was like oh nah,10008,twister,no_location,1
lmfao,628,arsonist,no_location,0
womens handbags cross body geometric pattern satchel totes shoulder bags white rt gasparc,1520,body bags,"California, USA",0
tropical cyclone info soudelor hpa maximum wind speed m s maximum wind gust speed m s,2842,cyclone,no_location,1
eu states squabble over immigration uk france eurotunnel deluged with migrants one dead as thousands storm tunnel,3236,deluged,#????? Libya#,1
i played online last night and got my ass obliterated,7395,obliterated,satan's colon,0
build your own kingdom and lead your army to victory start g this friend code lzktjnox,506,army,cyprus,0
a burst water main causes major flooding at a birmingham hospital omg,5645,flooding,West Midlands,1
you just got gif bombed africansinsf beyondgps,1622,bombed,Cape Town,0
st quality insurance group is hiring licensed property casualty insurance agent produc jobs denver,2070,casualty,"Santa Monica, CA",0
i love the body shops bags cutekitten catsofinstagram summerinsweden katt katterp instagram dumle dagens,1506,body bags,no_location,0
new ladies shoulder tote handbag women cross body bag faux leather fashion purse full re,1379,body bag,New York,0
windstorm lastingness perquisite acquiesce in a twister retreat ziuw,10536,windstorm,no_location,1
i just remembered the mcdonalds that burned down used to have the coolest play ground the new one aint got shit but video games,1851,burned,"Escondido, CA",0
share large sinkhole swallows entire pond in lowndes county georgia a large yonews,8691,sinkhole,no_location,1
iranian warship points weapon at u s helicopter official says tcot,10304,weapon,MI - CA,1
rescued tb goes on to ribbon at hits via,8133,rescued,no_location,0
omg i remember the meltdown the day i did her hair like elsa and not anna ohhhh the horror lol tangletalk,7068,meltdown,IL,0
hamptonroadsfor me us navy sidelines newest subs,7343,nuclear reactor,Virginia,0
usgs m km e of interlaken california time utc at ep sm,4384,earthquake,no_location,0
thats why terrorism is not d war for d army but for intel agents who can counter their moves before they detonate their bombs,3826,detonate,no_location,1
rlyeh by upheaval,10112,upheaval,no_location,0
this guy idk just made me his woman crush first one ever,2658,crush,no_location,0
sorry but that mousse inundation was fuckin hilarious,6646,inundation,"County Durham, United Kingdom",0
save your riches in heaven where they will never decrease because no thief can gets them and no moth can destroy them,3691,destroy,no_location,0
london life photos of a beautiful bombed out britain arts,1587,bombed,IDN,0
currently blasting benediction sanelesstheory on metal devastation radio,3997,devastation,Jackson TN,0
top turn on the darkness king redeem queen serene famine wolf,5069,famine,PanamÌÁ,0
change password through that link itll kick the hijacker off,6224,hijacker,RSN: Tru,0
dfr ep monthly meltdown on dnbheaven drum and bass heavy nasty,7061,meltdown,Oldenburg // London,0
to obliterate notion pattern political style seemly lead voter beliefs sarcasm narcissism richhomeydon swag usa likes,7350,obliterate,Korea,0
apollo brown detonate f m o p orapinforma,3822,detonate,Brasil,0
ij texas seeks comment on rules for changes to windstorm insurer,10543,windstorm,no_location,1
california cops have sketch of gunman who killed one wounded two deputies via the app,10599,wounded,"Miami,Fla",1
fresh out da shower lookss still loving this new hair does it ruin my brand yes,8360,ruin,followurDREAMS(& my instagram),0
uk scandal of caused major upheaval to parliamentary expenses with subsequent sackings and prison what are we waiting for,10157,upheaval,"Perth, Western Australia",0
kenya news chelsea talisman eden hazard keen to match cristiano ronaldo and lionel messi mipasho,5964,hazard,Kenya,0
richard returns after whirlwind few days mlb,10421,whirlwind,Internet,1
today is the day hiroshima got atomic bomb years ago the sanitised narrative of hiroshimas atomic bombing,1661,bombing,no_location,1
quick shut down the show take the stage down evacuate everyone from mthe premises louis is upset,4752,evacuate,no_location,0
governor allows parole for school bus hijacker via i remember this crime sent chills through parents,6197,hijacker,Washington state,1
terrorists attack police post spos injured yug,6446,injured,Kolkata,1
major hamayun shaheed pilot of mi heli that crashed in mansehra,2612,crashed,no_location,1
whoever is directing these videos needs to grab up nicki minaj or someone with u s recognition so minds can be blown,1368,blown up,ATX,0
you were bleeding my instincts kicked in she looks away and scratches the back of her head,1072,bleeding,Alberta Pack,0
raheelsharif is manifesting how one right man at the helm can save a sinking ship engulfed in a dark stormy tidal sea well done,4678,engulfed,no_location,1
my mom is watching a show about bridges breaking falling and the people on them drowning in their cars aka one of my biggest fears,4289,drowning,no_location,0
dont get burned twice by the same flame,1841,burned,no_location,0
i get this feeling that society will collapse or implode so dont be a hero and play your part,2318,collapse,Location,0
earthquake sismo m km e of interlaken california time utc,4348,earthquake,ARGENTINA,1
what a disaster cant say im surprised,4033,disaster,no_location,0
deaths a year from foodborne illness dears,3066,deaths,UK,1
spacex founder musk structural failure took down falcon,9044,structural failure,Canada,1
check out this item i just got phantasmal cummerbund warcraft,812,battle,Earth,0
despite the deluge of fantasticfour notices our man ocuana is still buying tickets because hes bloody minded like that,3167,deluge,Melbourne-ish,0
trafford centre film fans angry after odeon cinema evacuated following false fire alarm twitter users tell,4773,evacuated,North West England UK,1
incident with injury i inner loop exit md georgia ave silver spring,6571,injury,no_location,1
by the grace of god i survived the am shift and im not that tired,9374,survived,no_location,0
and you wonder why hes injured every year,6441,injured,MD,0
hate to shatter your delusions but a hatchet is a deadly weapon justifying lethal force gunsense,10317,weapon,"CT, USA",0
messi has tattoos so he cant donate blood ronaldo runs into burning buildings to save dogs respect,1739,buildings burning,Ziam af,1
freebesieged martinmj yougov which tory landslide you cant possibly mean the wafer thin majority of g,6669,landslide,Scotland,1
forest fires could delay but officials say it could be a good thing,5778,forest fires,"Vancouver, BC",1
businesses are deluged with invokces make yours stand out with colour or shape and its likely to rise to the top of the pay pile,3222,deluged,no_location,0
accepts wisconsin emergency response plan on behalf of nbc,4577,emergency plan,"Madison, WI",0
crazy mom threw teen daughter a nude twister sex party according to her friend more pics,10016,twister,Detroit,0
big top burning the true story of an arsonist a missing girl,644,arsonist,no_location,1
fresh encounter in pulwama of j k one terrorist killed others holed up inside a house,9502,terrorist,no_location,1
imagine a doctor treating an ebola patient without ever placing himself in harms way,5891,harm,"Cleveland, OH - San Diego, CA",1
brace yourself by sunday evening you will inundated with thousands of calls from depressed fans,6626,inundated,Milton keynes,0
doone silver architects has won permission to demolish birminghams natwest tower and replace it with what will be citys tallest building,3259,demolish,Eastbourne England,0
deliver value a cash source crash course course,2566,crash,no_location,1
do you know where abouts as i heard emergency services near by,4600,emergency services,no_location,1
your psa for the day if a fire truck is behind you with lights going move over so they can get to their call,5365,fire truck,"Woodcreek HS, Roseville, CA",0
fire call brant av drummond rd for fire structure single units car on call truck,5362,fire truck,"Niagara Falls, Ontario",1
new article russian food crematoria provoke outrage amid crisis famine memories read more at here,5076,famine,no_location,1
apollo brown detonate feat m o p by mello music group via soundcloud,3829,detonate,In My Lab Creating,0
its a miracle that mankind survived years since one of the worst days in its history all bets are off if it will survive the next,9351,survived,"Mumbai, Maharashtra",1
hailstorm day round yyc yycstorm,5845,hailstorm,"Calgary, Alberta",1
speaking of memorable debates second know it all ronald reagans landslide romp on election day in m,6665,landslide,USA,0
at least you were sincere,7984,razed,"Ames, IA",1
the latest washington wildfire misses town evacuations end khq right now,10511,wildfire,USA,1
every kingdom divided against itself is headed for destruction and no city or house divided against itself will stand matthew,3766,destruction,no_location,0
i was blow drying my hair the cable caught on fire i let go of it as soon as i realized just before i could get electrocuted,4476,electrocuted,no_location,1
nochilllukehammings im screaming,8528,screaming,no_location,1
accident left lane blocked in manchester on rt nb before eddy rd stop and go traffic back to nh a delay of mins traffic,130,accident,"Manchester, NH",1
nick williams just hit another bomb just crushed it,2739,crushed,Pennsylvania,0
omfg didnt expect drag me down to be the first song pandora played omfg i screamed so loud my coworker is scared,8450,screamed,"San Diego, CA",1
wreck with road blockage woodward avenue northbound at davison in m s shoalstraffic,10715,wreck,no_location,1
breast milk is the original superfood but rates worldwide have stalled below contributing to more than child deaths last year,3059,deaths,AsunciÌ_n-PY / TÌ_bingen-GER,0
sinkhole closes falmer drive in bethlehem township,8650,sinkhole,"Haddonfield, NJ",1
its not a cute dinner date til cams nose starts bleeding,1052,bleeding,no_location,0
news families to sue over legionnaires more than families affected by the fatal outbreak of legionnaires,7585,outbreak,"Ile-Ife,Osun state, Nigeria",1
bbsnews latest palestine israel six palestinians kidnapped in west bank hebron home demolished,3337,demolished,USA,1
school bus hijacker given parole after years,6198,hijacker,no_location,1
joe landolina this gel can make you stop bleeding instantly arizona realestate,1035,bleeding,AZ,0
wftv eyewitness news fbi man who stole us secrets married honduran minors for sex,5056,eyewitness,"Orlando, Fl",0
dead dozens injured in gaza blast near house leveled in summer war via,6473,injured,Centurion,1
calgary news weather and traffic for august,5843,hailstorm,far away,0
hiroshima prepares to remember the day the bomb dropped,1534,bomb,"Bolton & Tewkesbury, UK",1
achievement unlocked replaced light socket did not electrocute self,4408,electrocute,"Durand, MI",0
the end of times are upon us famine war death plague the presence is growing stronger,5105,famine,no_location,0
motorcyclist bicyclist injured in denver collision on broadway by,2547,collision,"Denver, Colorado",1
short of throwing them overboard himself i dont think any other leader could do much worse by refugees than worst pm ever,8029,refugees,no_location,1
weak but distinct rotation fully condenses near villa ridge mo today near mcv center a sub tornado video,9695,tornado,no_location,1
maybe the plan is to dilute until they can safely say we have to start charging or its over longs would come flooding in,5627,flooding,no_location,0
youth electrocuted in khulna via,4459,electrocuted,no_location,1
the summer program i worked for went the city pool we had to evacuate because one of my kids left a surprise worstsummerjob,4744,evacuate,no_location,0
ice cream cupcake wars storm content sara,8978,storm,NC || OR,0
deputies man shot before brighton home set ablaze,73,ablaze,"Sheffield Township, Ohio",1
when you see your crush in the stands vine by,2683,crush,no_location,0
the skys clear the storm has passed but its still raining in my head,8980,storm,#PhanTrash,0
feel like ive got no control of anything that goes on in my life at the minute whirlwind drained,10420,whirlwind,no_location,1
accident center lane blocked in santaclara on us nb before great america pkwy bayarea traffic,98,accident,"Santa Clara, CA",1
micom summer contrast candy color bowknot cross body tote shoulder bags for womengirls with micom zip po,1480,body bags,Oklahoma City,0
mizzou has annihilated florida the past seasons even ended muschamps career just cant compete with bama,301,annihilated,no_location,0
britney spears vegas i missed you so much cant wait for the show tonight pieceofme catastrophe,2158,catastrophe,"Lima, PerÌ¼",0
that horrible moment when u open up the dryer and it looks like a snowy blizzard cuz u left a piece of paper in your jeans pocket,1227,blizzard,Ideally under a big tree,0
im obliterate you to the shadow realm,7359,obliterate,21 | PNW,0
lol natural disaster hospital crisis something is needed to get rid of some cast members,7201,natural disaster,Canada,1
general news demolition of houses on waterways begins at achimota mile via full story at,3373,demolition,no_location,0
bhavanas mom has crushed everyones soul,2708,crushed,wherever there's netflix,0
i ran with earbuds in which i now realize means i probably didnt politely say hi to jared but more or less screamed at him,8457,screamed,no_location,0
ill be at sfa very soon pandemonium,7607,pandemonium,no_location,1
vampiro going through the table of flames ultimalucha luchaunderground,5466,flames,"Louisville, KY",0
yes i do have guns,976,blaze,Gotham City,0
vaxshill deaths from measles complications in yrs everyone looses their shit dead from legionnaires in a month crickets,3053,deaths,no_location,1
photographer brian ruebs endures feet climb to capture bride and groom,2271,cliff fall,Nigeria,0
going to a fest bring swimming goggles for the dust storm in the circle pit,4342,dust storm,chicago,1
ukraine argues for us weapons during pelosis visit to kiev,10358,weapons,no_location,1
meet brinco your own personal earthquake snd tsunami early warning beacon,10001,tsunami,Hawaii,1
rubber mudslide still laughing,7187,mudslide,Ireland,0
georgia sinkhole closes road swallows whole pond,8684,sinkhole,"Haddonfield, NJ",1
lets say a tree falls on your fence do you know how your homeowners insurance may help,2877,damage,"Marysville, MI",0
soooo pumped for ablaze,63,ablaze,no_location,0
rescued med migrants arrive in sicily hundreds of migrants rescued,8122,rescued,NIGERIA,1
ancient mayan tablet found in jungle temple,10130,upheaval,"Wisconsin, USA",1
the first piece of wreckage from the first ever lost boeing which vanished back in early march along with the people on board has,10763,wreckage,no_location,1
couples having less sex for fear itll be a let down internet movies and books saying how sex ought to be p,5298,fear,Athens - Nicosia,0
wreck wreck wreck wreck wreck wreck wreck wreck wreck wreck wreck wreck wreck,10689,wreck,no_location,0
greed is the fuel of self destruction takecare,3753,destruction,Valle Del Sol,0
i guess u can say that its just some shit i was thinking about,633,arsonist,snapchat // fvck_casper,0
as a cycling fan i feel sorry for world athletics doping is a blight exacerbated monetary reward a lot of soul searching will be required,1132,blight,Sydney,0
sydney hostage crisis has now been recovered from the airasia wreckage,6329,hostage,no_location,1
runs at her for setting my forest on fire and bites the shit out of her neck,5719,forest fire,no_location,1
i come downstairs trying to look as normal as possible in front of my mom and rhiannon screams hungover huh uhmmmm no,8555,screams,no_location,0
mh victims family furious the media was told about wreckage confirmation first,10739,wreckage,Sydney,1
family mourns drowning of superhero toddler with rare epilepsy bradley diebold suffered hundreds of epileptic,4255,drowning,"Chicago, IL",0
master fsloths has a crush,2672,crush,Everywhere,0
railway minister prabhu calls mp derailment a natural calamity,3526,derailment,India,1
the eden hazard of hockey,5954,hazard,no_location,0
i trapped this cat in my room and its going insane but its not leaving its too pretty,9787,trapped,"Georgia, USA",0
i liked a video extreme paint twister,10039,twister,no_location,0
dealbreaker thats it thats the dealbreaker s o s abandon ship evacuate the building,4735,evacuate,wrapped arnd hyuk's finger,1
my hands are cold but my feet are warm thats where i keep my lava,6703,lava,no_location,0
syd traffic hazard oil spill bankstown stacey st at wattle st,7514,oil spill,no_location,1
orchid sign of the witch,6085,hellfire,Rheinbach / Germany,0
possibly hes had injuries on both ankles though one worse but regardless both,6490,injuries,North London,0
drowning sorrows in jarmusch vampires,4284,drowning,Coasts of Maine & California,0
i know will be saying her final goodbyes to grandpa as seen on news rip me always open to ideas but may ve curfew,2783,curfew,Uganda,0
guys i have an imouto who isnt actually related to me by blood,1249,blood,Bug Forest,0
great british b bake b offs back and dorrets b chocolate b gateau collapsed jan,2361,collapsed,no_location,0
myanmar flooding heavy monsoon rains during the month of july have caused flooding flash floods and landsli,5663,floods,Adventist - Lesson Sabbath,1
we was all just laughing and talking junk now everyone in panic mode,7663,panic,no_location,0
kelly osbourne attacked for racist donald trump remark about latinos on the view,727,attacked,"San Francisco, CA",1
sweeping legs or putting people in body bags,1515,body bags,In the Shadows...,0
devil may cry special edition vergil vs agnus window mission dmd no damage by leedstraif,2890,damage,no_location,0
changing my weapon,10293,weapon,åÊ(?Û¢`?Û¢å«)??,0
check this deal sivan health and fitness basalt lava hot stone massage kit with piece,6742,lava,USA,0
juneau empire first responders turn out for national night out,5432,first responders,no_location,0
just letting you know,958,blaze,Mo.City,0
another hour its august at pm heres red rover zombie apocalypse internetradio collegeradi,404,apocalypse,"Elk Grove, CA, USA",1
love when drake floods instagram makes you feel real in tune with everything he did like you was there or sumn,5698,floods,"New York, USA",0
seeds vegetable fruit variety garden kit emergency survival gear mre full rea,4521,emergency,New York,0
learning from the legacy of a catastrophic eruption the new yorker,2188,catastrophic,Planet Earth,1
auth louis vuitton brown saumur cross body shoulder bag monogram full read,1399,body bag,New York,0
i dont doubt it but it was his implicit statement in doing it that makes me want him flattened by a bus,5544,flattened,Ventura,0
las vegas in top cities for red light running fatalities news lv,5166,fatalities,no_location,0
so others dont get burned,1831,burned,"Erie, PA",0
dad bought a dvd that looks like a science doc on the front but i read the back and its actually about the impending biblical apocalypse,424,apocalypse,"San Antonio-ish, TX",1
bloody hell what a day i havent even really done anything just tired of everything thought vaca would help but it only did so much,1301,bloody,"Level 3 Garrison, Sector G",0
i have a inch dynasty,992,blazing,no_location,0
this is the first time a tweet has blown up almost half a day later re,1352,blown up,Cosmic Oneness,0
severe weather statement issued august at pm cdt by nws the severe thunderstorm warn skywarn okwx,9634,thunderstorm,73101,1
i feel like a tornado,9704,tornado,no_location,1
oh wow my heart collapsed cool im crying cool cool,2396,collapsed,wherever-the-fuck washington,1
ll ll pic of yr old pkk suicide bomber who detonated bomb in turkey army trench released,9131,suicide bomb,no_location,1
why are people panicking about results day though hahahah like worrying is going to change your results,7744,panicking,"Manchester, England",0
the gusto in persist had amongst empty pated communication explosion hpssjd,5005,explosion,no_location,1
earthquake in km s of volcano hawaii iphone users download the earthquake app for more information,10215,volcano,no_location,1
bolshevik government monopolized food supply to seize power over hunhry population artificial famine was the result,5092,famine,no_location,1
best windows torrent client was recommended deluge but it looks like it was written years ago with java swing and uses worse,3173,deluge,"Nottingham, England",0
the new quest type is level up quest its an always present quest with x exp designed to help people level up outside of emergency quests,4520,emergency,buhh,0
i dont wanna touchdown just wanna make our worlds collide,2420,collide,Brasil,0
its run from sirens by half hour hotel premium promotion offer,8841,sirens,no_location,0
looks like mudslide,7173,mudslide,plymouth,1
light rain was the forecast i based my dressing on light rain not incessant deluge,3179,deluge,"Mostly Wellington, NZ",0
esn cilla black died of stroke after fall in spain sir cliff revealed he was due to visit her in spain next,2301,cliff fall,"Madrid, Comunidad de Madrid",0
nearly fatal pee in san francisco,5126,fatal,"Fresno, CA",0
thisisfaz anti collision rear technology cool via techesback tech,2521,collision,Mumbai,0
i like the weird ones like rain of mystical or windstorm or ocean waves,10566,windstorm,she/her/your majesty/empress,0
just watching the streams was bad i dont think i could actually walk in there id panic and get sick,7662,panic,"Charlotte, NC | KÌ¦ln, NRW",1
officials say a quarantine is in place at an alabama home over a possible ebola case after developing symptoms,10862,missing,no_location,1
wtf this mom just drowned her child,4200,drowned,no_location,1
ted cruz bashes obama comparison gop to iranians shouting death to america tcot,3037,death,To The Right of You!,1
doves the storm greatest denier electric proms pt,8987,storm,Santiago de Chile,1
wars doomed to destruction loss money must invest in irans inside that should not go outside,3772,destruction,??????? ??????? ????????,1
hellfire gargoyle hoof coil,6127,hellfire,"Charleston, WV",0
white people i know you worry tirelessly about black on black crime but what are you going to do about your mass murderer problem,6913,mass murderer,no_location,1
gaelite explosion greg top rd out balls strikes no one on p morgan orchard b,4972,explosion,no_location,1
israeli forces raid home of alleged car attack suspect palestine,667,attack,"West Bank, Gaza Strip",1
child shoulder bags pvc shoulder book bag cartoon cross body bags for girls,1483,body bags,no_location,0
he thrusts a little more before he jams his cock deep inside her flooding her womb and pussy with his hot thick cum,5614,flooding,no_location,0
reusing advanced in life equipments in transit to drumming champaign damage fdbdp,2866,damage,no_location,0
yet brits are panicking about the uk,7723,panicking,Manchester,0
yo why u so sexy,3825,detonate,no_location,0
helping hand in mumbai ttes take charge of helpline to calm anxious relatives the indian exp mumbaitimes,3550,derailment,India,1
robot rainstorm we have two vacancies on the castle fantasy football team join us its fun,7933,rainstorm,no_location,0
cos sanity brings no reward for one more hit and one last score dont be a casualty cut the cord,2067,casualty,south of heaven,1
ever since kellys burned i keep having dreams about being inside burning buildings,1747,buildings burning,no_location,0
womens flower printed shoulder handbags cross body metal chain satchel bags blue,1498,body bags,no_location,0
honestly tho modibo maiga is stealing a living fuck all about him im past my best but still more of a danger than that fucktard coyi,2950,danger,Jersey - C.I,1
thinking of the time that my friend bailed the nite b a dead show went alone had a great time all alone and free to dance front row,2990,dead,"Kettering, OH",0
monkeys abused by notorious laboratory dealer a peta eyewitness invest via,5047,eyewitness,no_location,0
heard skh on the radio for the first time almost crashed the car,2649,crashed,Viterbo BFA Acting '18,1
why is no one talking about the risk of a suicide bomber hiding amongst the migrants stowing aboard the eurotunnel trains,9181,suicide bomber,no_location,1
rescuers are searching for hundreds of migrants in the mediterranean after a boat carr,8150,rescuers,Africa,1
hour parade like people collapsed oneheartonemindonecss,2367,collapsed,no_location,1
how do people not know who kendall jenner is she has times the instagram followers of gd screaming lmao,8517,screaming,Namjoon's pants,0
i feel like accidents are just drawn to you but im happy youve survived all of them hope youre okay,9345,survived,"Texas, USA",0
which is true to an extent the obliteration of white privilege would reduce unfair favoritism,7481,obliteration,Illinois,0
it still hasnt sunk in that i will never see my nan again how has it been months already,9254,sunk,my house,0
so these savages leaked thomas brady gangstermail account and wonder why he was quick to fatality his samsung mobile b real son,5218,fatality,NY,0
cyclist who collided with runner on roanoke greenway wins civil verdict via,2454,collided,Roanoke VA,0
if u care about life on land sea in air then dont pretend ignore the nuclear disaster in japan fukushima this is a global problem,7290,nuclear disaster,no_location,1
alex is making me watch facts about minions i want to fall off a cliff help,2272,cliff fall,no_location,0
this week first responders and dart members are participating in a four day intensive technical large animal,5455,first responders,no_location,1
jackson ms longest streak of triple digit heat since forecast in dallas,6057,heat wave,"Jackson, MS",1
thunder is legit,9594,thunder,no_location,0
marquei como visto dragon ball super x the god of destruction s dream bancodeseries,3789,destruction,no_location,0
modiministry madhya pradesh train derailment village youth saved many lives,3512,derailment,no_location,1
the volcano by it,10245,volcano,no_location,0
kurd suicide attack kills turkish soldiers,9230,suicide bombing,Memphis,1
look at the previous battles citizens were committing suicide so to not be under american control the bomb was the only way,9103,suicide bomb,The Land of MAss Stupidity,1
canberras first mr fluffy homes demolition schedule released,3401,demolition,no_location,0
british bake off was great pretty hilarious moments mudslide,7180,mudslide,no_location,0
remember how nora jones crushed it in two weeks notice,2748,crushed,Chicago - Lake Buena Vista,0
saudiarabia confirmed dead as suicide bomber attacks saudi arabian mosque the i,9151,suicide bomber,Saudi Arabia,1
the only thing that stands between you and your dream is the will to try and the belief that it is actually possible joel brown,182,aftershock,304,0
classic www hiroshima nagasaki atomic devastation hidden for decades the people of hiroshima and nagasaki,3961,devastation,iTunes - RSS,1
we offer preventative services such as cabling and bracing to stop structural failure of your trees call to book yours cts,9062,structural failure,Halton Region,0
one night and were gonna come and crash the party werent invited but were feelin so,2587,crash,no_location,0
mayhem is beautiful,7010,mayhem,no_location,0
finna storm fuck my back boutta start hurting like a mf,8973,storm,#BossNation!,0
ok peace i hope i fall off a cliff along with my dignity,2263,cliff fall,nyc,1
i blaze jays fuck the dutch slave trade,942,blaze,no_location,0
i didn t want to hurt you but the fear drove me to do it midnight,5269,fear,Carregado,0
raúl sends a message of condolence to vietnam following natural disaster on behalf of the cuban government an,7206,natural disaster,no_location,1
accident with injuries on nj sb at cr leonardville rd,6510,injuries,"Atlantic Highlands, NJ",1
when you got an extension cord that extends from your bed to your bath tub lets pray i dont electrocute myself,4405,electrocute,no_location,0
volcano bowl drink,10239,volcano,"cleveland, oh",1
cat fatality utica ny pleasant holland ave black cat with white paws average size on grass next to north side of road,5238,fatality,Utica NY,0
going to the beach with jim alves means a guaranteed rainstorm lucky,7915,rainstorm,"Coventry, Rhode Island",0
haha are you really comparing yourselves to the emergency services thats brilliant talk about up your own arse,4598,emergency services,no_location,0
the five fatal flaws in the iran deal via,5134,fatal,Poconos,0
yumiko jumped in surprise as the fire shot upwards into the air and exploded caught off guard woah she had,4951,exploded,no_location,0
all illuminated by the brightly burning buildings all around the town,1721,buildings burning,no_location,0
alleged east bay serial arsonist arrested sanfrancisco,630,arsonist,California,1
yes especially new clients that walk in and think a wart is an emergency,4525,emergency,no_location,0
im loving this classic barn shot we may or may not have got electrocuted got stung a few times and stepped in,4466,electrocuted,North Carolina,1
njturnpike njturnpike reopens hours after truck fire in,5410,fire truck,Aracaju - Sergipe,1
but i will be uploading these videos asap so you guys get to see the new weapon types in action,10297,weapon,Massachusetts,0
mygc broken powerlines evacuate gold coast tram suspend services,4740,evacuate,"Gold Coast, Qld, Australia",1
the exploded bean the bastard,4954,exploded,Germany,0
twister was fun,10018,twister,no_location,0
paul rudd emile hirsch david gordon green prince avalanche q a filmmakers at google entretenimento video,781,avalanche,Brasil,0
sinking ships burning buildings falling objects are what reminds me of the old us,1759,buildings burning,"Savannah, GA",1
i will never support looting or the burning of buildings but when seeing the people fight back against the police i was proud,1945,burning buildings,"Seattle, WA",1
review dude bro party massacre iii by patrick bromleythe title sa,6979,massacre,Cimerak - Pangandaran,0
i cant believe blevins got injured falling off a curb thats something that would happen to me never it expected for a pro player,6461,injured,no_location,1
all hail lady cheryl reasons you should be obsessed with cheryl cole,5804,hail,"Florida, USA",0
truck fire clogs canyon road,5397,fire truck,"Laguna Beach, Calif.",1
the x rays in mkx be looking like fatalities,5184,fatalities,no_location,0
plane debris discovered on reunion island belongs to flight mh malaysian pm,3139,debris,no_location,1
my bet is mother nature might have plans to send a deluge our way,3154,deluge,right next to you,0
the af comments on new evidence of japans effort to build atom bomb at the end of wwii,1532,bomb,"Lincoln, NE",1
head on head collision ima problem and nobody can solve em on long division,2542,collision,60th St (SS),0
but no lies though its pays to be the oldest sometimes like being the first to get a car and have no curfew freedom donthate,2788,curfew,California,0
there is a theory that makes way too much sense that says that the dwarves may be the actual origin of the blight,1173,blight,Kama | 18 | France,0
computers gadgets two giant cranes holding a bridge collapse into nearby homes slingnews,1701,bridge collapse,California,1
sismo detectado jap n report okinawa island region m depth km maximum seismic intensity jst,8615,seismic,no_location,1
fear and panic in the air i want to be free from desolation and despair and i feel like everything i sow,3646,desolation,Chile,0
how standardized tests harm children of color and what we can do about it via cc,5904,harm,"Seattle, WA",0
california man facing manslaughter charge in sundays wrong way fatal crash in ca,5132,fatal,no_location,1
i think this is my plan for retirement check out the weapons of mass instruction bookmobile libraries reading,10368,weapons,"Vermont, USA",0
evacuation order lifted for town of roosevelt wash though residents warned to be ready to leave quickly,4843,evacuation,"Bend, Oregon",1
heavy rainfall and flooding in northern vietnam situation report no,5646,flooding,Jakarta/Kuala Lumpur/S'pore,1
the twins pitchers ego is now wrecked,10809,wrecked,no_location,0
infantry mens lume dial army analog quartz wrist watch sport blue nylon fabric full rea,517,army,New York,0
u s forest service says spending more than half of budget on fires,5775,forest fires,no_location,1
they reined it in to drinks each for people but only on account of too many falling off stool casualties,2026,casualties,"Las Vegas, NV USA",0
is this country latin americas next argentina one week ago we reported on the economic devastation in he o,3973,devastation,Vancouver BC,0
when u get mugged with ur gf u come up with the best excuses not to look like a bitch i wanted to fight but what if he held u hostage,6305,hostage,no_location,0
aaaa ok lemme move to another roomr so no one hears my gay ass screams,8587,screams,labyrinthia,0
we would become the mirrors that reflected each others most private wounds and desires,10644,wounds,no_location,0
crash helmet silvery floors karnal fat shoot sampling pbcanpcx,2599,crash,no_location,0
short reading apocalypse in the spirit the angel took me to the top of an enormous high mountain and,443,apocalypse,no_location,1
tbt remember that time patrick kane attacked a cab driver over,719,attacked,london / st catharines ?,0
equipment ego break upon dig your family internet hoke excepting versus a sinking term dfljev,8704,sinking,no_location,1
who said this yosemite sam or drumpf nobody ill vote for a flattened out rabbit skin a huh huh i always say,5526,flattened,"new york, ny",0
rfp fire truck service body for f fire fighting rescue safety equipment transporta,5366,fire truck,United States,0
growth dries up for bhp billiton as oil price collapse bites,2348,collapse,"Pompano Beach, FL",0
well now i know lol,7018,mayhem,"Boston, MA",0
gun firearm weapon vector clip art for vinyl sign cutter rifle guns weapons,10299,weapon,no_location,0
the bomb impact ratio hit beyond kyle js,1562,bomb,[Gia.] | #KardashianEmpire,0
i do feel sorry for him he is not a piece of meat he is a nice guy people dont need to rush him and screams in his face,8577,screams,"Melbourne, Australia.",1
it should be our duty to obliterate superstition from our society swami agnivesh,7380,obliterate,Bhubneshwar,0
well im also gay but girls like some too so i predict tsunami volcano earthquakes a gift from god am christian but,10234,volcano,"Ted&Qz Inc, Ireland, Europe",0
yes i love it,935,blaze,Columbus,0
another disaster waiting to happen and your allowing it,7255,nuclear disaster,Marbella. Spain,1
hiroshima they told me to paint my story eighty nine year old man recalls the terror and the trauma when the,9822,trauma,no_location,1
candylit imagine sarumi in a zombie apocalypse fighting back to back heart to heart conversations over the,420,apocalypse,"Buenos Aires, Argentina",0
going to starve to death,3027,death,no_location,0
man wife get six years jail for setting ablaze niece,74,ablaze,India,1
have you been held hostage,6332,hostage,no_location,0
climatechange eyewitness to extreme weather social media posts that show just how crazy things a anarchy,5027,eyewitness,"Terlingua, Texas",1
th day since jul nigeria suicide bomb attacks killed people blamed boko haram l a times ap,9137,suicide bomb,Worldwide,1
bombed on kanye in that elephantintheroom,1591,bombed,"DaKounty, Pa",1
uk bin laden family plane crashed after avoiding microlight and landing too far down runway three members,2614,crashed,"Va Beach, Virginia",1
mad river complex fires have burned acres contained the mad river complex fires in trinity county,1861,burned,no_location,1
myanmar s displaced rohingya at sittwe point of no return,4091,displaced,(Spain),1
inbounds out of bounds while many picked the nats to win the nl east in a landslide they currently sit,6661,landslide,New York City,1
three israeli soldiers wounded in west bank terrorist attack haaretz,9526,terrorist,no_location,1
wall of noise is one thing but a wall of dust moving at mph how to not get blown away,4336,dust storm,CA via Brum,1
tragedy of commons pertains to public ownership not property rights based markets the opposite of what you say,9736,tragedy,Silicon Valley,0
igers words that wrecked disneys stock,10800,wrecked,Milwaukee County,0
some older native australians believe that the oceans were created from the urine of an angry god who tried to drown the world,4176,drown,no_location,0
if youre not paying attention to your influencers youre burning money socialtimes,1916,burning,"New York, NY",0
yeah man that movie bombed hard,1607,bombed,MY RTs ARE NOT ENDORSEMENTS,0
what is the biggest regret you have in hearthstone,1225,blizzard,no_location,0
flat out bomb by whatcanthedo,1568,bomb,"Oxford, OH",0
it got pretty windy here too but no damage,2865,damage,"Columbia, SC",0
smoke a blunt get through it no more ciggs for you,8865,smoke,no_location,0
accident in ashville on us sb before sr traffic,121,accident,"South Bloomfield, OH",1
cdc has a pretty cool list of all bioterrorism agents,899,bioterrorism,no_location,1
mercury cyclone gt quarter panel d s rear trim moulding cobra jet cj,2841,cyclone,no_location,1
please take the faroeislands off your itinerary until the mass murder of dolphins whales stops,6879,mass murder,Anonymous,0
he did get a bump of approval which is probably why hes blown up musicadvisory,1348,blown up,"St Paul, MN",0
with the screeching siren accompanying it just before he walked out,8789,siren,The American Wasteland (MV),0
killed in sarabia mosque suicide bombing a suicide bomber attacked a mosque in aseer south western saudi,9159,suicide bomber,Worldwide,1
mh debris found on reunion island sad tragedy innocent crash mh,3122,debris,no_location,1
theres a storm over cairo in the latest x men apocalypse set photo via,432,apocalypse,Buffalo NY,1
the quote website disaster tried browsers machines always get missing info error due to a non existant drop down,4041,disaster,"Calgary, AB",0
never thought i could have that much fun saving and shooting teddy bear hostages lol,6355,hostages,OK,0
mercury cyclone gt hood moulding very nice core cobra jet cj gt,2836,cyclone,no_location,0
thankkk u all soo much for flooding my notificationsu my fella parsholics r superb jus soo awesomelove love u all always frvrgrateful,5659,flooding,"Nadiad ,Gujarat , India!!",0
shock in aba as woman delivers faceless baby photo there was pandemonium bennycapricon,7623,pandemonium,Lagos,0
anyone else think that stephen sounds like andy dick when he gets excited the difference being i actually like stephen masterchef,7013,mayhem,"Lynchburg, VA",0
how empire avenue crushed my soul via,2749,crushed,"Toronto, Ontario",0
latestnews tension in bayelsa as patience jonathan plans to hijack apc pdp,6170,hijack,Worldwide,1
discovered by listen buy riot on blowmandyup,8202,riot,no_location,0
even if u have your weapon and your badge we gonna put them choppas on your ass,10318,weapon,no_location,1
dad why dont you claim me that mean that not right we look the same same eyes same blood same xbox smh,1241,blood,no_location,0
school of seven bells windstorm nowplaying,10571,windstorm,no_location,0
displaced persons gn image st nm,4083,displaced,no_location,0
worlds collide when an american family takes over britains isle of man in new tlc show suddenly royal via,2440,collide,"Pennsylvania, USA",0
dont even come if you worried about curfew bc,2794,curfew,Benedict College,0
transwomen and drag queens of color lead the riot a well known butch lesbian is usually credited for inciting it,8224,riot,"Frankfort, KY",0
hostages in libya remain unharmed government sources on wednesday denied reports that two indian nationals who,6335,hostages,THANJAVUR,1
she keep it wet like tsunami,9967,tsunami,no_location,0
this thunder is beautiful,9564,thunder,no_location,0
even then our words slip and souls coincide finer than subatomic spells just as we collide,2445,collide,"Austin, TX",0
rt janenelson rt stephenscifi adaptation watch charlie humans apocalypse now now optioned for film sciencefiction,401,apocalypse,no_location,0
lets get a dope picture together and have the dopest explosion,4979,explosion,Blood Indian Reserve,0
our garbage truck really caught on fire lmfao,5378,fire truck,no_location,0
california is battling its scariest wildfire so far,10505,wildfire,"Oakland, CA",1
a quarter whirlwind they dont see it coming,10390,whirlwind,CHICAGO,1
when the waves are flooding the shore and i cant find my way home anymore thats when i look at you,5631,flooding,I ACCEPT SONG REQUESTS,1
three episodes left the end is nigh,3483,derailed,"Kalamazoo, Michigan",0
jacksonville family bands together as memorial is planned for,4233,drowned,"Jacksonville Beach, FL",1
he just wrecked all of you,10827,wrecked,no_location,0
cleared crash in hamilton on i south at mm,2565,crash,I-75 in Florida,1
high time tv channels realised what levels they have sunk for trp and ads it has become a mockery,9280,sunk,no_location,0
exploration takes seismic shift in gabon to somalia,8606,seismic,Lives in London,1
silence palermo shipwreck children deaths,3057,deaths,"Palermo, Sicily",1
why so many half naked men on twitter tonight normally id embrace the odd torso but the scale of tonights deluge is unprecedented,3171,deluge,London,0
tv vitaly churkin briliantly exposes the hypocrisy of the ukraines fm klimkin about the mh disaster,4024,disaster,no_location,1
who need friends when theres booze and darude sandstorm d,8414,sandstorm,no_location,0
eyewitness media is actively embraced by uk audiences read the report by on the impact of ugc in news,5022,eyewitness,no_location,0
shoot shit up till we see body bags,1518,body bags,"southwest, Tx",0
ginga thinks he can defeat me not with my l drago destroy he cant,3655,destroy,Japan,0
devia ler as we collide wattys no wattpad teenfiction,2446,collide,no_location,0
in response to trauma children of addicts develop a defensive self one that decreases vulnerability,9810,trauma,"Montgomery County, MD",0
every case for yes has been utterly demolished utterly if i was you id be embarrassed to bring up indy ever again,3312,demolished,"Glasgow, Scotland",0
lol look how tough some people talk that live in some of the most gang infested cities in america your mouth isnt a weapon you fucking wimp,10332,weapon,Denver Colorado. Fun Times,1
what the fuck was that there was a loud bang and a flash of light outside im pretty sure im not dead but what the hell,6820,loud bang,Aperture Science Test Facility,0
trafford centre film fans angry after odeon cinema evacuated following false fire alarm twi manchesterlite,4790,evacuated,Manchester,1
i literally walked out of the concert and screamed my soul has been blessed,8486,screamed,sisterhood,0
great job done by village hostages,6363,hostages,"Pune, Maharashtra",1
haha its alright but more than twice is just stupid hes traumatised,9885,traumatised,no_location,0
our doctors and nurses in the new pediatric emergency department are all specialized in child services,4644,emergency services,"Park Ridge, Illinois",0
i tell my cousins i dont wanna hang out and they text me saying were coming over honestly do you have a death wish,3018,death,no_location,0
hermancranston atk letsfootball rt skanndtyagi letsfootball atk wired all these fires are burning through,1878,burning,mumbai,0
the one thing i like about here is thunder heheh,9577,thunder,no_location,0
myanmar displaced rohingya at sittwe point of no return prison like conditions genocide ihhen msf refugees,4049,displaced,Pedophile hunting ground,1
which is why i want her to be better which means death awaits her most of us arent heroes we are survivors,9411,survivors,no_location,0
carterville high school coaches prepare for game day injuries,6519,injuries,Carterville,1
noches el bestia happy to see my teammates and training hard goodnight gunners,78,ablaze,Abuja,0
its a well known fact that the st valentines day massacre could have been avoided with some oompah period tom waits,6990,massacre,London,1
rory mcilroy to test ankle injury in weekend practice chinadotcom sports,6536,injury,beijing .China,0
apocalpytic iran heat wave nearly breaks world record,6041,heat wave,no_location,1
ebola alabama home quarantined over possible ebola case related articles,7887,quarantined,no_location,1
most of us ddnt get this english rt the world is inundated with ostentatious people stay woke,6588,inundated,"Zeerust, South Africa",0
whenever i have a meltdown and need someone is always like leaving in and i dont know how i got so lucky blessed,7059,meltdown,no_location,0
guns are for protection that shit really shouldnt be used unless your life in danger,2941,danger,Instagram: trillrebel_,0
gunsense answer to gfzs break law on the minuscule chance a mass murderer shows up,6909,mass murderer,USA,1
robert conquest famine museum kiev,5103,famine,no_location,0
a time lapse map of every nuclear explosion since by isao hashimoto war atomicbomb,4978,explosion,no_location,1
i hope the only time i end up on tv is when im being arrested for lighting buildings on fire,1813,buildings on fire,no_location,1
vine of the year oh my god i am about to explode,4897,explode,"Cleveland, TN",0
my head exploded i swear,4948,exploded,WonderlandÛÓ ?????? ???? ??????,0
why are you feeling desolate take the quiz,3596,desolate,Manchester,0
i honestly wonder what it is that i had to do so wrong to lose everyone,10513,wildfire,"Columbus, OH",0
like a scene from when worlds collide,2432,collide,"Ormond By The Sea, FL",1
askcharley emmerdale how emotional are you that ross is dead,2992,dead,no_location,0
just saw the man whose mind exploded there should be a drako zarharzar day,4926,exploded,South east of U.K,0
hunger hits me and i cant function probably wouldnt last long in famine zones thank god,5065,famine,no_location,0
death to muslims,3026,death,"Sylacauga, Alabama",1
us govt refuses to evacuate s of americans from yemen yemen usa evacuation abandoned,4745,evacuate,London UK,1
isis claims responsibility for saudi suicide bombing,9148,suicide bomber,no_location,1
tweetlikeitsseptember th those two buildings are on fire,1790,buildings on fire,Scotland,1
trains derailment its the freakiest of freak accidents the indian express news topstories,3533,derailment,India,1
nothing like a good fire,5343,fire,no_location,1
there is no words to describe the physical painthey ripped you apart while you screamed for dear lifeits like been engulfed,4687,engulfed,london,0
apollo brown detonate ft m o p fiya,3837,detonate,Worldwide,1
i mile marker to south mooresville iredell vehicle accident congestion at pm,113,accident,North Carolina,1
peanut butter cookie dough blizzard is,1199,blizzard,no_location,0
one year on from the sinjar massacre yazidis blast lack of action over hostages,6376,hostages,no_location,1
where are the protests the riots the burning buildings how come you dont see any of that crap happening when,1969,burning buildings,Charlotte County Florida,1
on thisdayinhistory in confederate ship blown up by crew read more via,1346,blown up,The Grey Area,1
season of new girl was such a emotional train wreck i just wanted to cry laugh and eat a lot of ice cream,10688,wreck,1/10 Taron squad,0
watch the terrifying moment two giant cranes collapse onto homes a row of homes was destroyed in seconds,2311,collapse,Melrose,1
nothing you midget i will demolish you show some respect,3276,demolish,Hooters on Peachtree,0
the barbaric saudies as you said they relive austrian economy if we stop coming here many project will collapse,2312,collapse,"Jubail IC, Saudi Arabia",0
guaranteed been bitten by some mutant mosquito my ankle has blown up little cunts,1362,blown up,no_location,0
why some traffic is freezing cold and some blazing hot and how to heat up some of your traffic,1002,blazing,worldwide,0
seismic risk a comparison between case studies calabria and malta,8598,seismic,no_location,1
is this the creepiest youth camp ever,6994,massacre,Norway,0
as of right now im reopening the x files thats what they fear the most thexfiles days,5295,fear,no_location,0
in your eyes i see the hope i once knew im sinking im sinking away from you dont turn around youll see you can make it,8726,sinking,HOMRA.,0
the cars right in front of me collided and if i hadnt stopped in time it wouldve been me too butgod,2478,collided,no_location,1
simmering beneath nhl good times the leagues own concussion issues,9850,trauma,Minneapolis/St. Paul,0
i cant listen to darude sandstorm without expecting airhorns now,8437,sandstorm,Tractor land aka Bristol,0
that moment when ur about to win a mini uhc and than get blown up by a creeper and get kicked for flying so salty rn,1347,blown up,no_location,0
at the lake sees a dead fish me poor little guy i wonder what happened ashley idk maybe it drowned wtf,4213,drowned,Pembroke NH,0
insurance texas seeks comment on rules for changes to windstorm insurer,10573,windstorm,LYNBROOK,0
finnish nuclear plant to move ahead after financing secured via,7330,nuclear reactor,Warsaw,0
property losses from california wildfire nearly double as week old blaze rages,945,blaze,Australia,1
godslove thanku my sister helene for rt of new video the coming apocalyptic us earthquake tsunami,9961,tsunami,in the Word of God,1
wholesale we gon rep that hit at all costs hazardous wholeteam wholesaleent,5985,hazardous,"Nashville, Tn",0
beforeitsnews global derivatives quadrillion time bomb v,1531,bomb,no_location,0
dont blink wont see the lightning take the w,6766,lightning,no_location,1
ton of smoke coming out of one of the new apartment buildings at ross in auburn several fire trucks on scene,1780,buildings on fire,"Auburn, AL",1
officials alabama home quarantined over possible,7865,quarantined,no_location,1
lmao that light skin guy blew up on twitter by talking about how ugly he was as a kid,1119,blew up,"Queens, NY",0
i predict a riot,8201,riot,"Cardiff, UK",1
marley brinx gives a striptease and then spreads her legs for a pussy pounding view and download video,9691,tornado,no_location,0
condemning of deaths more than due to heat wave in karachi may allah gv patience to their heirs,6047,heat wave,"Karachi, Pakistan",1
a river of lava in the sky this evening it was indeed a beautiful sunset sky tonight,6735,lava,"San Jose, CA",0
i liked a video from battlefield funny moments dukes of hazard undercover soldier,5944,hazard,"Lancashire, United Kingdom",0
august your daily horoscope a relationship upheaval over the next few months may be disruptive but in the,10144,upheaval,"Atlanta, GA",0
iof murdered over palestinian children under during gaza massacre where was zionist morality zionism is a world evil,6980,massacre,no_location,1
madhya pradesh train derailment village youth saved many lives a group of villagers saved over passengers lives after two train,3518,derailment,no_location,1
photos the rocky fire has grown into californias most destructive wildfire this year,10515,wildfire,Around the world,1
hamburg police chief gregory wickett has told eyewitness news he cant confirm or deny an investigation is underway,5028,eyewitness,"Chicago, IL",0
illegal alien released by obama dhs times charged with rape murder of santa maria ca woman had prior offenses,682,attack,"portland, oregon",1
retweet cameroon repatriating about nigerian refugees due to boko haram,8016,refugees,paradise,1
live cricket score in all match international domestic team tour team squad profile injury lamha ba lamha update follow,6551,injury,Lahore,0
camilas doing a follow spree tonight im screaming of happiness,8514,screaming,no_location,0
ended todays staff meeting with the teacher version of i will survive tootrue,9303,survive,"Fountain City, IN",0
do you feel like you are sinking in unhappiness take the quiz,8694,sinking,no_location,0
apd investigating fatal shooting of year old child in southeast anchorage,5117,fatal,"Anchorage, AK",1
download itunes floods of glory by luiz santos jazz art music,5684,floods,"New York, NY",0
rascal flatts riot tour atlantic city beach concert august tickets,8204,riot,Bossland,0
kinetic typography crash course after effects video course,2592,crash,no_location,0
nw michigan windstorm sheer recovery updates leelanau grand traverse state of emergency b extended besafe,10568,windstorm,no_location,1
tennis defending champ svetlana kuznetsova withdraws from citi open cites injury to her lower left leg espn,6560,injury,"Dubai, UAE",0
the national weather service in little rock has issued a severe thunderstorm warning for van buren county in,9625,thunderstorm,East Coast,1
friday supposed to be a happy day but its a bloody friday hah zzzz,1319,bloody,PH,0
dont like those head first slides especially into home danger,2924,danger,"Lincoln, IL",0
obsolete devastation from broad with the ball and root doing it with bat in hand great day ashes engvaus,3953,devastation,uk,0
flood and mudslide warning for east fjords iceland review icelandreview via,7163,mudslide,no_location,1
loner diaries the patterns on the sand may have been blown away the photos in twos all choked up in flames,1356,blown up,kisumu,0
wen i finally get the girl i want im flooding yall wit all pics of us rs tho,5654,flooding,no_location,0
dont worry im sure climate has nothing to do with hail floods tornados in alberta ontario im sure gods just mad at you,5665,floods,no_location,1
apollo brown detonate ft m o p,3803,detonate,Paname City,0
suncorp net profit rises to billion in worst year of natural disaster claims,7224,natural disaster,no_location,1
internet firms to be subject to new cybersecurity rules in eu,8763,siren,no_location,0
maj muzzamil pilot offr of mi crashed near mansehra today,2604,crashed,Pakistan,1
lindenow pm emergency crews are at a chemical spill in the main street near church street,2251,chemical emergency,"Orbost, Victoria, Australia",1
phones offers pin lightning connector a car charger for apple s c ip,6759,lightning,USA,0
ive experienced the smell of rotting potatoes for the first time the famine must have been awful if the whole country smelled like that,5095,famine,Ireland,1
sexual revolution blight for women is out stories via,1162,blight,UK,0
apply now to work for dilawri as body shop collision centre manager in vancouver jobs,2520,collision,"Vancouver, Colombie-Britannique",0
favourite youtube channel going right now love everything you guys do and thank you introducing me to dude bro party massacre,6971,massacre,"Vancouver, BC, Canada",0
to all the meat loving feminists of the world riot grill has arrived pop quiz which do you prefer fem art,8195,riot,Belgrade,0
the grenade sound effect on impossible just destroyed about other hoes careers,3723,destroyed,"MontrÌ©al, QuÌ©bec",0
well it feels like im on fire,5339,fire,Zac Newsome loves me,0
quirk injury laws news is out stories via,6576,injury,California,0
myanmar msf assisting thousands as worst flooding in decades hits parts of myanmar,5652,flooding,Jakarta/Kuala Lumpur/S'pore,1
a staged locomotive wreck what could possibly go wrong,10724,wreck,"Innsmouth, Mass.",0
massive typhoon heads toward taiwan,10091,typhoon,"Washington, DC",1
sing tsunami beginners computer tutorial everyone wants to learn to build a pc re,9973,tsunami,no_location,0
whirlwind weekend starts in hours cantwaittoplayinminneapolis,10429,whirlwind,no_location,0
evacuation orders lifted for roosevelt in highway fire koin news,4788,evacuated,"Portland, Oregon",1
the road to power is paved with hypocrisy and casualties francisunderwood hoc,2046,casualties,Insula Barataria,0
always look for the silver lining my barn having burned to the ground i can now see the moon mizuta,1833,burned,"Port Charlotte, FL",0
sj gist houses farm produce destroy streetjamzdotnet,3684,destroy,no_location,1
throwback thurs will you still love me tomorrow whirlwind,10415,whirlwind,Richardson TX,0
nowplaying school of seven bells windstorm wzbt,10553,windstorm,"Gettysburg, PA",0
the fake of nanking massacre eyewitnesses english obama clinton bush gop abc cbs bbc cnn wsj wpo,6972,massacre,no_location,1
jax issues hazardous weather outlook hwo wx,5992,hazardous,United States,1
if you have a son or a daughter would you like to see them going to a war with iran and come back in a body bag let the republicans know,1381,body bag,no_location,0
loan upheaval is the way in which oneself can save your house leaving out being foreclosed on tejc,10129,upheaval,no_location,0
health newyear the anniversary of the devastation wrought by the first military use of an atomic weapon come,3993,devastation,no_location,1
texas seeks comment on rules for changes to windstorm insurer via,10578,windstorm,"Sugar Land, TX",0
i just though about panic at the disco when i said that,7648,panic,no_location,0
former township fire truck being used in philippines langley times philippines,5375,fire truck,SouthEast Asia,1
honey you aint no angel you like to scream these words as a weapon well go ahead take your best shot woman i wanna leave you its,10287,weapon,//RP\ ot @Mort3mer\\,0
the things we fear most in organizations fluctuations disturbances imbalances are the primary sources of creativity margaret wheatley,5271,fear,no_location,0
carl everest rob cobes whitt blight frost leo snuff godly and a few others i will drink a beer with them someday,1145,blight,Baton Rouge,0
daughtery would get destroyed on twitter his comments are emotionally driven rants with little factual basis,3708,destroyed,no_location,0
strengthening partnerships afterhaiyan haiyan yolandaph philippines livelihood disasterrecovery disaster,4011,disaster,"Manila, Philippines",1
blaaaaaaa he said as he sunk his face into your stomach making it vibrate,9257,sunk,Beacon Hills,0
this setlist from this past sunday was powerful what song was your favorite,2442,collide,"Yadkinville, NC",0
what it was like to survive the atomic bombing of hiroshima,1662,bombing,North East USA,1
honestly nightmarish god driving to new places is always stressful as shit i hate it so much ugh almost crashed a few times,2644,crashed,i love the smurfs 2,0
morgan silver dollar p ch gem bu pl blazing ms satin rare proof like full re,1021,blazing,New York,0
catastrophic wild fires threatening u s mid west republicans fighting new climate change rules i guess this is the ultimate in darwinism,10451,wild fires,"Toronto, Bob-Lo, Miami Beach",1
anxiety attack,691,attack,ph,0
of scientists dont believe in catastrophic man made global warming only the deluded do,2183,catastrophic,Bouvet Island,1
calgary police flood road closures in calgary,10839,missing,no_location,1
your tweet was quoted by,7827,quarantine,no_location,0
chevrolet avalanche lt lt used l v v automatic wd pickup truck premium b,794,avalanche,no_location,1
south gate police officers and huntington park officers arrested after child abuse investigation at boot camp,7793,police,Los Angeles,0
pov footage captures violent landing from inside plane during storm,10186,violent storm,South Africa,1
i was body bagging on the today got to post my score,1449,body bagging,no_location,0
thank you for words of warning re queenswharf brisbane via,2896,damage,Australia,0
great performance chip fuel gas saver chevy tahoe blazer avalanche s,773,avalanche,no_location,0
my personal favorites include paramore muse green day royal blood and sos,1273,blood,"Biloxi, Mississippi",0
month payday short catastrophe loans promote finance your desire liqd,2136,catastrophe,no_location,0
s a puncture wound without foreign body of left index finger without damage to nail initial encounter icd,2895,damage,no_location,1
that looks so desolate and just depressing,3591,desolate,"Pueblo, CO",1
grace here are damage levels usa style taiwan china world hurricane typhoon ratings categories defined again,6416,hurricane,USA,1
former township fire truck being used in philippines langley times filipino,5408,fire truck,no_location,0
my blood pressure is through the roof i dont need all this extra shit,1243,blood,no_location,0
is la at risk for a giant wildfire which way l a on kcrw,10503,wildfire,"Riverside, California.",1
rt documenting climate changes first major casualty via,2089,casualty,"Boulder, CO",1
the few i warned about were just as i expected they are a threat to his soul,9551,threat,"Ohio, USA",0
fine line btw mass murderer and terrorist yes we dont know if theres polit or social aspect yet however he went to a,6912,mass murderer,no_location,0
worldnews video were picking up bodies from water bbc news home rescuers are searching for hundreds of,8169,rescuers,no_location,1
i think a lot of celebrities have to treat ppl as if they could harm them,5886,harm,"Massachusetts, USA",0
stu put beetroot in his cake and even lost to a mudslide,7149,mudslide,"London, Greater London, UK",0
im servicin in my section im lurkin im with my weapon,10333,weapon,no_location,0
shuts the door on the boom in the bottom half lightning coming up in the top of the eighth,6779,lightning,"Leesburg, FL",0
bloody hell its already been upgraded to rioting hyperbole saintsfc,8247,rioting,no_location,1
i crushed a km run with a pace of with nike sportwatch gps nikeplus,2730,crushed,Guayaquil,0
why only squad obliteration,7463,obliteration,no_location,1
eyewitness identification via reddit,5016,eyewitness,no_location,0
this is how we know alllivesmatter people are incredibly racist and only care to derail necessary conversations,3418,derail,District of Gentrification/ DC,0
new level of tita dom bowling injury,6569,injury,mnl,0
my mic and controllers arent working one second,1201,blizzard,Ontario Canada,0
oh the usual mass murder and world domination plans over coffee hows your day going,6872,mass murder,no_location,1
mass murder here we come,6858,mass murder,cereal aisle #17:i4,1
time to obliterate this sin,7367,obliterate,no_location,0
cars collide crashes into building two cars collided at an intersection and that sent one vehicle crashing,2491,collided,Cherry Creek Denver CO,1
kick hendrixonfire blackcats big noob conquest mixed maps all weapons for violated k dr limit server max,10336,weapons,"California, United States",0
dog rendered a kitten from burning buildings,1961,burning buildings,"Copenhagen, Capital Region of Denmark",1
malaysian officials say debris found on reunion island is from mh reports,3125,debris,New York,1
the most generous bride on earth couple feeds syrian refugees on their wedding day via love it,8055,refugees,"NYC,US - Cali, Colombia",0
nah but srsly b u demolish ur partners face start dribbling up their nostrils stop ask urself whether its really worth the embarrassment,3301,demolish,ARBAILO,0
has not sunk in that i leave for school in a month,9253,sunk,no_location,0
im crazy enough to run in degree mid day heat under the blazing sun in a place where im not,1004,blazing,no_location,0
another white mass murderer thank god im from california,6935,mass murderer,no_location,1
thank you i survived,9347,survived,Auburn,0
has identitytheft derailed your taxreturn steps for cleaning up an identitytheft train wreck cri,3475,derailed,"Enterprise, Alabama",0
looks like a year of writing and computers is ahead,957,blaze,no_location,0
gold coast tram hit by fallen powerlines up to people have been evacuated from a tram on the gold coast af,4809,evacuated,Everywhere,1
we the free hailstorm maxi,5850,hailstorm,Washington State,1
businesses are deluged with invzices make yours stand out with colour or shape and itsllikely to rise to the top of the pay pile,3239,deluged,no_location,0
just in kenya several buildings are reported to be on fire close to dam estate langata at pm,1791,buildings on fire,"Nigeria, Global",1
i was in a horrible car accident this past sunday im finally able to get around thank you god,118,accident,Your Sister's Bedroom,1
recap nigerian refugees repatriated from cameroon,8049,refugees,no_location,1
get a eur free bet at bwin to use on all sports markets destroy free,3675,destroy,no_location,0
smoke eat sleep,8885,smoke,"Narnia, Maryland",0
idgaf who tough or who from canada and who from north philly meek been acting like a bitch drake been body bagging his ass on tracks,1439,body bagging,#EngleWood CHICAGO,0
aiii she needs to chill and answer calmly its not like shes being attacked,728,attacked,#GDJB #ASOT,0
whats the harm theyre collectibles,5919,harm,10-Jul,0
the whole city is trapped you cant leave the city this was supposed to be a normal sports manga wit a love triangle c,9764,trapped,shoujo hell,1
reddit will now quarantine offensive onlinecommunities reddit amageddon freespeech,7831,quarantine,USA,0
causing the entire sky around their battle to darken to a violent storm as an ungodly powerful bolt of lightning struck at,10189,violent storm,no_location,0
i survived a step program for sex addiction,9377,survived,Reading a romance novel,0
but right now youre only annoyed by them if you actually hung out with them youd see that they mean no harm,5892,harm,no_location,0
success is not permanent failure is not fatal,5141,fatal,"Jaipur, Rajasthan, India",0
deai suicide bomber kills in saudi security site mosque reuters,9174,suicide bomber,no_location,1
december court dismissed the group charge of rape victims saying getting raped was an occupational hazard us military isis,5962,hazard,scandinavia,0
christie keeps telling me that i need to be electrocuted,4451,electrocuted,no_location,0
a fun filled happy hour at simmons bar in camden with this handsome one i got annihilated apart from this game,344,annihilated,London,0
girl you still lickin public donuts health hazard u should be in jail,5981,hazard,no_location,0
in we highly recommend titania a whirlwind reimagining shakespeares midsummer,10427,whirlwind,Manchester,0
drunk twister is so hard,10050,twister,instagram: bribriony,0
gop debate drinking game for anyone looking for a bit of fun while watching this train wreck,10712,wreck,"Orlando, FL",0
yo dm me,5213,fatality,no_location,1
you said they are terrorist because of babri so was it ok if you demolish my house todayhave i right to take revenge,3295,demolish,KOLKATA,0
years ago today the united states of america bombed hiroshima in japan,1625,bombed,"Ikeja, Nigeria",1
i feel so bad for them i can literally feel that feeling of your heart sinking bc you didnt get anyone ugh jfc,8696,sinking,no_location,0
i feel attacked,702,attacked,"Texas, USA",0
happy twister thank you for all the laughs sticking by my side no matter what and also for,10037,twister,"Midwest City, OK",0
im tryna smoke that mf out,8869,smoke,atlanta,0
i just made a weird high pitched noise and then i heard a siren ofnsixjks,8742,siren,nc,0
meg issues hazardous weather outlook hwo,6019,hazardous,"Memphis, TN",1
civilian casualties rise as afghan war intensifies in,2014,casualties,Philippines,1
the tubestrike is because tfl workers may have trouble planning downtime i hope none need emergency services,4622,emergency services,"London, England",0
dead injured displaced this is syria visit us canada,4052,displaced,Visit our dedicated website @,1
damn theres really no mlk center that hasnt sunk in yet,9289,sunk,"Ashburn, VA",0
we are so arrogant in our destruction that we think the earth needs us she doesnt,3775,destruction,Soul Somalia/Body Montreal,0
govt allocating bn for flood action issue takes centre stage after fatalities in veneto,5191,fatalities,"Caserta-Roma, Italy",1
canada bc drought okanagan region issued level rating okanagan river columbia trib fishing suspended to sep,4114,drought,Canada,1
oun cancels severe thunderstorm warning for lincoln logan oklahoma ok wx,9613,thunderstorm,United States,1
meek mill responds to drakes ovo fest set with wedgie threat,9557,threat,"BiÌ±an,Laguna",1
sydney traffic hazard oil spill bankstown stacey st at wattle st sydtraffic trafficnetwork,7512,oil spill,"Sydney, NSW",1
fortunately i reworked the plumbing on my emergency chemical shower to draw from the glitter pipe for just such an occasion,2245,chemical emergency,"Jersey City, NJ",0
dk eyewitness travel guide denmark travel guide ebay auctions you should keep an eye on,5043,eyewitness,no_location,0
nowt to do with money fergie bombed out the big drinkers at united within years of taking over while wenger,1599,bombed,no_location,0
update indiana state police reopening i near lafayette following emergency bridge repairs that closed key highway for about hours,4522,emergency,"Indianapolis, IN",1
earthquake emsc md off coast of northern california g,4392,earthquake,Global Edition,1
definite triple crown threat him and harper both,9556,threat,"Kwajalein/Virginia/Dayton, OH",1
diaporama sixpenceee karymsky lake is a crater lake located in the karymsky volcano in russia with a,10226,volcano,Paris,0
rip mama but im still thuggin cause the world is a war zone,10256,war zone,In a graveyard,0
you cunt,1178,blight,no_location,0
dont let your style fall flat this summer lord cliff thinkpink magichairbump is your answer adding this,2278,cliff fall,BC,0
when theres a fire alarm going off in zehrs and we keep working for minutes then decide to evacuate everyone,4716,evacuate,"Waterloo, Ont",1
zouma has just absolutely flattened that guy,5520,flattened,"Frome, Somerset, England",0
aint no bags in the trunk its a body,1485,body bags,WESTSIDE OF PHILLY 7? BLOCK??,0
three people died from the heat wave so far,16,missing,no_location,1
clip top down coercion the structural weakness ensuring government failure,9060,structural failure,San Francisco,0
august one hundred odd pilgrims from england and holland set sail for the new world they were unimpressed,3592,desolate,no_location,0
the hijacker turned sat tutor who evaded authorities for three decades via,6195,hijacker,no_location,1
the sign up is open for the falling for danger release day blast and review tour sign up here,2909,danger,no_location,1
god bless you and your mudslide cake dorret,7161,mudslide,no_location,0
ignition knock detonation sensor senso standard fits acura rsx l l,3888,detonation,no_location,0
usatoday on todays frontpage bioterror lab faced secret sanctions rickperry doesnt make the cut for foxnew,867,bioterror,"Arkansas, Jonesboro",1
ogun smugglers engage customs in shootout several persons were allegedly injured on wednesday when men o rt,6469,injured,Nigeria,1
devastated,3927,devastated,Chester,0
breakingnews fedex no longer willing to transport research specimens of potential bioter,868,bioterror,Across the Atlantic,0
two hours of sandstorm remixes all merged together no between song silence,8425,sandstorm,In your head,0
only one man tsutomi yamaguchi is said to have survived both atomic bomb blasts at hiroshima and nagasaki otd,9376,survived,no_location,1
my school just put the evacuation alarms on accidently with different trial exams happening are you kidding me,4845,evacuation,"sydney, australia",0
que crush mtvhottest justin bieber,2671,crush,05/04/2014 18:23 ?,0
passengers evacuated safely after green line train derails,4791,evacuated,"Chicago, but Philly is home",1
philippines former township fire truck being used in philippines of emergency equipment in cebu philippi,5403,fire truck,no_location,1
stlouis caraccidentlawyer speeding among top causes of teen accidents car accident tee,102,accident,"St. Louis, MO",0
another day has passed and thankfully central command has confirmed no new casualties please pray for those in,2043,casualties,USA,1
because you watched honey i blew up the economy we recommend the conservative shoppe of horrors harperanetflixshow elxn stopharper,1120,blew up,"Vancouver, BC.",0
during the s the oryx a symbol of the arabian peninsula were annihilated by hunters,322,annihilated,London,1
runs in the blood,1272,blood,"Ewa Beach, HI",0
video virgin galactic crash brakes blamed investigators have said a virgin galactic spaceship crash was caused by structural failure,9051,structural failure,no_location,1
please please u gotta listen to essenceofme and thunder its major shes back,9597,thunder,"Accra,Ghana",0
suicide bomber kills in saudi security site mosque reuters canada reuters canadasuicide bomber kills,9154,suicide bomber,no_location,1
check out malaysia confirms plane wreckage is from flight mh at,10769,wreckage,"No ID, No VOTE!!!",1
governor allows parole for school bus hijacker liveleakfun,6185,hijacker,no_location,1
why does my family have to ruin something that is actually going good for me,8371,ruin,snapchat~ maddzz_babby,0
yeah i grew up in the canyon above l a we had to evacuate a few times,4750,evacuate,An eight-sided polygon,1
bedrooms baths for sale in palms ca youtube video,974,blaze,SOUTHERN CALIFORNIA DESERT,0
women crush,2660,crush,"San Antonio, TX",0
note there were no passengers on board when the train derailed this morning,3470,derailed,USA,1
related news plane wreckage found is part of missing mh malaysia prime minister says world buzzfeed,10755,wreckage,no_location,1
japan heat wave intensifies death toll surges to,6043,heat wave,no_location,1
perhaps you should change you name to yahoo doesnt care are you so inundated with complaints that you cannot respond to me,6603,inundated,Land of Lincoln,0
love god more than you fear hell,5291,fear,no_location,0
them shootas be so hungry with bodies on they burner,6399,hurricane,no_location,0
weather warfare follow the money this government is what our founding fathers were warning us about the weather,6084,heat wave,"Nebraska, Colorado & The GLOBE",1
ted cruz fires back at jeb bush we lose because of republicans like jeb mitt video,1975,bush fires,Queen Creek AZ,0
like literally blew up,1114,blew up,no_location,0
im on blood pressure meds and its still probably through the roof long before the ppact story broke i was involved in animal rescue,8066,rescue,Big NorthEast Litter Box,0
if i fall is men god is d bomb well av always known dat since bigger u i pray sir,1560,bomb,lagos nigeria,1
mad men,1267,blood,PunPunlÌ¢ndia,0
thats just not on id be traumatised are you ok the car has gone and now for gbbo and relax,9877,traumatised,Tunbridge Wells,0
trial date set for man charged with arson burglary,567,arson,no_location,1
die in myanmar floods affected,5703,floods,no_location,1
dying of lyme disease case fatality rate nearly,5222,fatality,Boston Û¢ Cape Cod ?,1
never let fear get in the way of achieving your dreams deltachildren instaquote quoteoftheday disney waltdisney,5308,fear,New York,0
i would say im dead but im not that right there was obliteration,7451,obliteration,no_location,0
rather violent storm possibility of no stream tonight,10163,violent storm,Yuuko-san's shop,1
cancers equate for around of all deaths in blackpool kowing the signs could save your life beclearoncancer,3086,deaths,Blackpool,1
and from what i can tell they responded to todays gunman quickly and were able to evacuate all the ppl so no one was shot,4747,evacuate,Nashville,1
the bomb was so appropriate seen as my family and most jamaicans love shout bullets,1572,bomb,no_location,0
so be it you cant tell an oppressed group of people how to react to trauma that would be stupid and ignorant,9836,trauma,Gumptown,0
experts in france begin examining airplane debris found on reunion island french air accident experts on wednesday,210,airplane accident,Financial News and Views,1
twitter is just here to destroy your childhood,3686,destroy,Some pum pum,0
lately i been stressing make me wanna put a fuck nigga on a stretcher,9027,stretcher,philly,0
there are a few people id let ruin my life my soul my cervix my everything odell is definitely top of that list,8389,ruin,CA ??DC,0
none of you annoying crusty all lives matter head ass people ever actually support causes you just hate when black deaths get attention,3083,deaths,UGA '15 Alumnus - Economics,0
if a truckload of soldiers will be blown up nobody panics but when one little lion dies everyone loses their mind,1349,blown up,Cobblestone,1
im over here listening to bloody jay,1287,bloody,Dime's Palace,0
the thunder shook my house woke my sister and made car alarms go off,9586,thunder,no_location,1
you wrecked my whole world,10811,wrecked,no_location,0
morganite gemstone white fire opal sterling silver ring size r,5313,fire,no_location,0
exquisite asian in sto cumshot sex porn video porno free,7631,pandemonium,no_location,0
bruh thats the lady from mulan,10523,wildfire,?? Cloud Mafia ??,0
world news qld police wrap billy gordon investigation queensland police have wrapped up their investigation,7750,police,no_location,1
aashiqui actress anu aggarwal on her near fatal accident,135,accident,global,1
loved chicago so much that it game me pink eye now i sit and design in quarantine and in the dark,7840,quarantine,"San Diego, CA",0
someone told me all the soccer moms are getting this pic blown up and put on their daughters bedroom walls not,1331,blown up,"Inverness, Nova Scotia",0
get demolished by patriots like and whine to about integrity cantmakeitup patriotsnation,3309,demolished,"NH via Boston, MA",0
i was peacefully sitting in my room and i heard this loud bang of something falling,6828,loud bang,im definitely taller than you.,1
reddit will now quarantine offensive content reddit co founder and ceo steve huffman has unveiled more specif,7818,quarantine,"Killa Hill, CO",0
tomorrows evening commute receives a red light a rainstorm impacting the region will push its way in late evening,7940,rainstorm,"Fairfax, VA",1
kanger coils burning out fast via r vaping,1888,burning,no_location,0
strict liability in the context of an airplane accident pilot error is a common component of most aviation cr,197,airplane accident,Pennsylvania,1
criminals who hijack lorries and buses arrested in enugu photo,6150,hijack,Nigeria,1
as i catch the last few minutes finally monwabisi gets shot lol hlongwane was ryt the twins r gonna destroy each other ashestoashes,3695,destroy,Pretoria,0
vacation update my great aunt just killed a spider with her bare hand after i screamed in fear fierce,8472,screamed,"North Carolina, USA",1
there have been zero spider bite related fatalities in australia since,5192,fatalities,Pekanbaruå¡Batam Islandå¡Medan,0
telnet attacked from streamyx home southern my,716,attacked,no_location,1
megadeth symphony of destruction,3768,destruction,Balikesir - Eskisehir,0
it appears our govt has lost an ethical and or moral relevance this means the whole usa population is in danger from them,2922,danger,no_location,0
clev me you clev indeed do you know what happened to ben clev he drowned how clev by his father,4199,drowned,no_location,0
niagara falls package deals deluge tours yyeso,3158,deluge,no_location,0
global precipitation measurement satellite captures d image of typhoon soudelor nasahurricane visit,10061,typhoon,Whole World,1
whats the police or ambulance number in lesotho any body know,290,ambulance,no_location,0
photos people killed and over injured in deadly saudi mosque suicide attack,6454,injured,Ikorodu,1
courageous and honest analysis of need to use atomic bomb in hiroshima japanese military refused surrender,7128,military,Texas,1
lakeeffect snowstorm twill denim jackets all my proceeds for items with this design will go,8936,snowstorm,Western New York,1
womans gps app guides rescuers to injured biker in marin county sfgate,8184,rescuers,no_location,1
wholesale markets ablaze,48,ablaze,Birmingham,1
does wipp facility in nm investigating a site filter radiation reading has activated its emergency ops center says no offsite release,7903,radiation emergency,"La Grange Park, IL",0
lunch for the crew is made night night its been a long day peace love rescue,8079,rescue,USA,0
reasons i should have gone to warped today tony played issues showed up sleeping w sirens played attila is there issues issues issues,8793,sirens,no_location,1
when the answer my friend isnt blowing in the wind its yelling how to survive a dust storm,4305,dust storm,CA via Brum,1
dead in russia bus accident at least people were killed and others injured when two buses collided i,2480,collided,no_location,1
ignition knock detonation sensor senso standard fits mazda l v,3848,detonation,no_location,0
tnn chinas stock market crash are there gems in the rubble,8329,rubble,West Africa,1
years after atomic bombs japan still struggles with war past the anniversary of the devastation wrought by the,3967,devastation,"Washington, DC",1
no lives lost except those of first responders or the public theyre charged with protecting,5450,first responders,no_location,1
the contrasts of foreboding destruction enhanced by expansive divisions of color saturation contrast and hue,3754,destruction,"Georgia, USA",0
dundee news army veteran fears loose rocks from dundee landslide could kill him at any moment,6675,landslide,Dundee,1
malaysia confirms plane debris washed up on reunion island is from flight mh,3111,debris,Nigeria,1
man cam just demolished his plate his ass was hungry,3320,demolished,ATL ??,0
accident on i w nashvilletraffic traffic moving m slower than usual,97,accident,"Nashville, TN",1
moved on to bang bang rock and roll by its been too long since ive played this one loud art brut top of the pops,6841,loud bang,Fairgrounds Resident,0
because i need to know if im supposed to throw myself off a bridge for a collapse or plan the parade there is no both,1691,bridge collapse,Pittsburgh PA,0
yo timeline blew up so damn fast,1079,blew up,no_location,0
apc chieftain tasks dickson on n b floods donation to bayelsa,5688,floods,"Ogba, Lagos, Nigeria",1
radioactive box quarantined israels ashdod port was evacuated when emergency teams discovered radiation emittin,7905,radiation emergency,Warszawa,1
im battling monsters im pulling you out of the burning buildings and you say ill give you anything but you never come through,1951,burning buildings,no_location,0
whether pressure or not non wud not survived even if thalapathi didnt release,9361,survived,"Washington, USA",1
wow he crushed that edwing bluejays,2724,crushed,no_location,0
heat wave is ending watching a big area of rain though will impact part of the area details now on nbc at pm,6064,heat wave,no_location,1
aint no hoe in my blood,1259,blood,The World,1
i cant believe a fucking cis female is going to somehow claim to be offended over a transgendered female whos been attacked by media,706,attacked,atx,0
if you cant summon the flames directly from hell store bought is fine me mom dies,5468,flames,"Manhattan, NY",0
i bought a oz jar of peanut butter and its just getting demolished,3308,demolished,"Terre Haute, IN",0
this is sabrina my dad rescued her from some dude who kept her in a cage weve had her since i was,8094,rescued,United States,1
got it winning by a landslide those the perfect words cause i got it out the mud,6672,landslide,no_location,0
nowplaying sinking fast now or never on north east unsigned radio listen at,8697,sinking,North East Unsigned Radio,0
summer summervibes california puppy pitmix rescued brixton banksy happy mybabies,8101,rescued,West Hollywood,0
the sharper image viper hardside twister black,10017,twister,Geneva,0
dozens die as two trains derail into a river in india,3446,derail,no_location,1
the riddler would be the best early exit primary presidential wannabe ever all certain of his chances until he gets wrecked by a rich guy,10818,wrecked,no_location,0
lone survivor the eyewitness account of operation redwing and the lost heroes of seal team,5032,eyewitness,Stay Fly?,1
currently uncontrollable meltdown number,7080,meltdown,no_location,0
body bags,1491,body bags,"LONG ISLAND, NY",0
news fedex no longer to transport bioterror germs in wake of anthrax lab mishaps,829,bioterror,Washington D.C.,1
dont panik kelbytomlinson to the rescue,8061,rescue,SF Bay Area,0
cause i know every man has a fear of a strong minded woman but i say shes a keeper if she got it on her own and keeps it runnin,5266,fear,no_location,0
on the sneak america has us spoiled a natural disaster will humble niggas,7198,natural disaster,Los Angeles,1
bomb head explosive decisions dat produced more dead children than dead bodies trapped tween buildings on that day in september there,9765,trapped,10 Steps Ahead. Cloud 9,1
sinjar massacre yazidis blast lack of action over hostages portland phoenix newyork miami atlanta casper iraq,6369,hostages,Rocky Mountains,1
hollywood movie about trapped miners released in chile zippednews,9771,trapped,no_location,0
options to fix your facebook cover violation and keep the facebook police away socialmedia strategy,7788,police,Toronto,0
cue the jariana stans screaming,8502,screaming,no_location,0
the way he did me destroyed me,3726,destroyed,Live4Heed??,0
we will never know what would have happened but the govt seemed to think that their beliefs warranted the deaths of innocent japs,3074,deaths,no_location,1
stylishly unique houses that might help you survive the zombie apocalypse,9320,survive,no_location,0
disillusioned lead character check happy go lucky free spirit girl check dream life crushed check great music check all crowe tropes intact,2744,crushed,Trinidad & Tobago,0
good tips does your family have an emergency plan,4561,emergency plan,"Bakersfield, CA",0
hundreds feared drowned as migrant boat capsizes off libya,4201,drowned,Financial News and Views,1
heat wave gotta be over today,6073,heat wave,Planet of da Bathing Apes,1
my ears are bleeding i hate stefano,1073,bleeding,#expelcl*y,0
jax mk stage fatality uud lk close,5243,fatality,no_location,0
if you looking for my niggas you can follow the sirens,8830,sirens,"Decatur, GA",0
what if i want to fuck the duck until explode it could be greasy,4900,explode,my deli,0
a spider has legit just run across my chest traumatised for life,9894,traumatised,Stage with Trey Songz,0
lizzie i drove thru deep water in a flash flood rainstorm repair cost yrs later people still thnk cars float,7944,rainstorm,"Sicamous, British Columbia",1
permits for bear hunting in danger of outnumbering actual bears the licenses for floridas fir st petersburg,2925,danger,World,0
zimbabwe is a country with a collapsed government ruled by a dictator while many live below the poverty line,2374,collapsed,no_location,0
red cross re opens shelter at bickleton school after homes evacuated in around roosevelt wa due to wildfire liveonk,4768,evacuated,"Portland, Oregon",1
lrt refer to the lyrics to hear big boi explain why hes as cool as sippin a milkshake in a snowstorm lame bars but effective at the time,8938,snowstorm,Mpela'zwe,0
omg what is the sub weapon,10327,weapon,"Slateport City, Hoenn",0
ah i was awash with abstract dustpig tweets then explains the deluge,3153,deluge,United Kingdom,0
fatality,5221,fatality,Nairobi,0
a brief violent storm swept through the chicago area sunday afternoon leading to one death and an evacuation of lollapalooza and more,10199,violent storm,no_location,1
mcfadden reportedly to test hamstring thursday via,6568,injury,"Plano, Texas",0
my good you stay in ny,6102,hellfire,no_location,0
the worst part is seeing lightning and trying to guess when the thunder will crack,9563,thunder,"South Carolina, USA",0
have you read this awesome book yet the two trillion dollar meltdown,7089,meltdown,Canada,0
now playing boat club memories on london burning web radio,1901,burning,??t?a,0
ofcourse just minute b tragedy another train had crossed this place n a flash flood caued washing of tracks,9729,tragedy,dubai,1
powerlines down over tram on gc highway passengers have just been evacuated,4766,evacuated,Gold Coast,1
this liberal compassion is bs a specific feminist said the us bombed japan back to traditional sexist values,1609,bombed,"Light and dark, form and void",0
vanessas game has officially blown up ladies and gentlemen the real show is about to begin bb,1361,blown up,Making Worldwide Change Near U,0
daviesmutia breaking news unconfirmed i just heard a loud bang nearby in what appears to be a blast of wind from my neighbours ass,6837,loud bang,Kenya,1
train derailment in patna no news of any casualty so far the indian express,3542,derailment,"Minneapolis,MN,US",1
thanks i sweat bullets every time i get in with this blazing sun beating down on me,1008,blazing,no_location,0
rt to ruin s day,8382,ruin,Florida Forever,0
give me free art kamon,1183,blizzard,Waterfront,0
screams in different languages,8547,screams,marvel | books | hp | tmr,0
hiphop news indie apollo brown detonate ft m o p a href,3842,detonate,"Orlando, FL",1
dem flatliners who destroy creativity balance longevity truth stand with lucifer in all his flames of destruction,3662,destroy,"Jerseyville, IL",1
virgin galactic crash early unlocking of brakes triggered structural failure the crash of a virgin galactic,9087,structural failure,no_location,1
cramer igers words that wrecked disneys stock cnbc topnews,10821,wrecked,California,0
trump will get absolutely demolished in a general election,3338,demolished,no_location,0
the angel of history propelled into the future by the winds of progress leaves in its wake piles of death and destruction wb,3788,destruction,London,0
breaking news haunting memories drawn by survivors,9416,survivors,Stowmarket,1
i am for the deluge of hell vines,3175,deluge,no_location,0
zicac vintage leather briefcase messenger satchel tote cross body handbags for womens,1525,body bags,no_location,0
look for my policy matters ohio report on cle and cuyahoga county blight and greening vacant lands soon,1168,blight,"Cleveland, OH",0
jack closed the sketchbook biting his lip under his mask im doing good howre you,4247,drowned,In The Mansion,0
news politifiact harry reids percent of women served planned parenthood claim is a pants on fire lie,5342,fire,no_location,0
lets goooooooo,8817,sirens,miami x dallas,0
great new recipes mudslide cake and so sorry stew gbbo,7166,mudslide,"Chiswick, London",0
but put flood of fire at the top of the list,5328,fire,Brooklyn,1
julian knight dismisses mass murderers attempt to increase prisoner pay challenged quantum of increase,6919,mass murderer,no_location,1
how many stacks of burning did it apply,1908,burning,LiÌ¬ge,0
ted cruz bashes obama comparison gop to iranians shouting death to america,3029,death,no_location,0
its my senior year i just wanna go all out,9974,tsunami,IG : Sincerely_TSUNAMI,0
slip sliding away flash floods info for writers w tony nester writingtips,5661,floods,South of D.C.,1
here comes the hail,5821,hail,Calgary,1
and my mentions are blown up for what wtf,1345,blown up,"July 11th, 2015. ?",0
sundays during football seasonfrom about am pm women shouldnt even log onshit be a complete war zone,10263,war zone,Louisiana,0
did you miss the bitcoin explosion dont miss out hangout tonight at pm est,4995,explosion,no_location,0
this real shit will damage a bitch,2898,damage,Your Conversation,0
the war on drugs has turned the u s into a war zone,10265,war zone,Host of #MindMoversPodcast,1
the courts reputation and prestige has sunk ever lower and prosser who has served on the court since has,9277,sunk,Wisconsin,0
swiss kosher hotel bridge collapse injures five people,1684,bridge collapse,no_location,1
severe thunderstorm warning for oklahoma county until pm radar here okwx,9608,thunderstorm,"Tulsa, Oklahoma",1
steve buscemi was a firefightr b fame workd hr shifts diggin thru wtc rubble lookg survivors,8318,rubble,"St. Louis, MO",1
you dont know because you dont smoke the way to make taxis and buses come is to light a cigarette to smoke while you wait,8863,smoke,"Dalston, Hackney",1
dear i brought it canonbringit fire canontattoo mn theresmorewherethatcamefrom,5332,fire,"St.Cloud, MN",0
lol im just a nervous wreck p,10731,wreck,Canada BC,0
evening sun article on nno,5406,fire truck,no_location,0
into burning fucking buildings,1745,buildings burning,"Outside The Matrix, I Think.",1
devastation coming to a and find the closed momneedscoffee asap iwontmakeit,3995,devastation,"Mount Vernon, NY",0
i will watch your dub again it will be again i also have other will use one weapon today p,10325,weapon,"Haveli, Maharashtra",0
not really that shocking blizzard lured their old fanbase back with wod and disappointed us hardcore so everyones leaving again,1206,blizzard,"California, USA",0
how long o lord study the sixth seal opens the events of revelation the political upheaval in the roman,10127,upheaval,no_location,1
once again black men didnt make it that way white men did so why are black men getting attacked,705,attacked,CCH,0
beach did damage to my shit,2886,damage,no_location,1
if she dont know bout that pandemonium album shestooyoung,7628,pandemonium,Miami?Gainesville,0
arrestpastornganga it so worrying see how some police officers in kenya have sunk to low to the point of collaborating with pick pockets,9268,sunk,NAIROBI KENYA,0
not really sadly i have come to expect that from obama,994,blazing,State of Georgia,0
as firefighters make gains on rockyfire jerry brown is heading to the area to meet with first responders tomorrow morning,5458,first responders,"Sacramento, CA",1
looks like a war zone outside whats going on,10284,war zone,T-Ville,1
alhaji putin is far from being a good person sha at least i had front row seat to his complete obliteration of ibeto cement a competitor,7479,obliteration,Federal Capital Territory,0
eating takis then rubbing my eyes with my hands now my eyes are bleeding tears,1042,bleeding,In the middle of no where,0
wreckage is mh najib mh najibrazak malaysiaairlines,10768,wreckage,no_location,1
two giant cranes holding a bridge collapse into nearby homes via,1693,bridge collapse,Boston,1
residents in the central part of ocean city heard from engineers about flood mitigation options tuesday ocnj,5653,flooding,"Ocean City, NJ",1
earthquake occurred near mount st helens area washington at utc earthquake,4349,earthquake,Earth,1
really needs to tone it down some in the weight room rt demolition cont,3389,demolition,"ÌÏT: 36.142163,-95.979189",0
parents are taking their kids to burning man and one year old thinks its better than,1909,burning,"Spokane, Washington 99206",0
sigh daily battle,817,battle,Utah,0
youre not injured anymore,6452,injured,no_location,0
sismo m km nne of the geysers california time utc a cs,4385,earthquake,Desde Republica Argentina,0
we walk the plank of a sinking ship,8711,sinking,no_location,0
im so high moe im bouta crush this fridays,2677,crush,taking pain like pleasure,0
usgs m km s of volcano hawaii time utc at epicenter sm,10223,volcano,no_location,1
obama declares disaster for typhoon devastated saipan obama signs disaster declaration for northern marians after typhoon hits us territory,10088,typhoon,no_location,1
chilli heat wave doritos never fail,6066,heat wave,no_location,0
theyre refugees people who have been forced to leave their country in order to escape war persecution or natural disaster,7197,natural disaster,Birmingham and the Marches,1
suicide bomber kills in saudi security site mosque a suicide bomber killed at least people in an attack on,9166,suicide bomber,no_location,1
to supply and install new frp emergency slide at tunas kijangbank negara malaysia closing date,4546,emergency,"Kuala Lumpur, Malaysia",0
i feel that crash and burn by thomas rhett for sure,2554,crash,no_location,0
slosher is goat freaking love that weapon cant wait to do an episode of splatdown with it switching to the splatling gun now,10320,weapon,www.twitch.tv/PKSparkxx,0
one direction is my pick for fan army directioners x,498,army,no_location,0
smoke with me baby and lay with me baby and laugh with me baby i just want the simple things,8851,smoke,no_location,0
golf mcilroy fuels pga speculation after video injured world number one rory mcilroy fueled speculatio news,6478,injured,no_location,0
oops bounty hunters try to raid phoenix police chiefs home,7773,police,Indonesia,0
free ebay sniping rt lumbar extender back stretcher excellent condition please favorite share,8994,stretcher,no_location,0
i keep scrolling to find out what he said or did but there seems to be no exact starting point wounds run deep,10671,wounds,Shady Pines,0
i am surprised we still cannot standardised the clinical practice across the nhs ambulance trust,291,ambulance,no_location,0
bigamist and his first wife are charged in the deaths of his second pregnant wife her child her mothe,3101,deaths,"ÌÏT: 10.614817868480726,12.195582811791382",1
soloquiero maryland mansion fire that killed caused by damaged plug under christmas tree report says into the flames firefighte,5503,flames,Santo Domingo Alma Rosa,1
my parents dont believe in the dream sad,4175,drown,Where the money at,0
insane bush fires in california be safe,1971,bush fires,Head Office: United Kingdom,1
one good thing came out of watching the film was too traumatised to watch show so started halt catch fire on amazon d,9868,traumatised,Scotland,1
firepower in the lab electronic resource automation in the fight against infectious diseases and bioterrorism,884,bioterrorism,no_location,0
smoke it all,8878,smoke,cigarknub@gmail.com,0
but i cant say that either of us should be displeased u s move up five spots jamaica congrats to the reggaeboyz,3669,destroy,"The Citadel, Oldtown, Westeros",0
listen live author interview beth underwood of gravity on military mom talkradio,7130,military,"Memphis, TN",0
the efak would be designed for building occupants once they evacuate and report to their evacuation assembly sites,4732,evacuate,"Chevy Chase, MD",1
hm mt alabama home quarantined over possible ebola case,7874,quarantined,I Heard #2MBikers,1
when i have so much shit going on in my head id rather talk about it than have an outburst displaced aggression sux,4055,displaced,North Carolina,0
countless casualties all across the globe war being orchestrated on all the corners of the planet on all levels,2022,casualties,no_location,1
dtn brazil experts in france begin examining airplane debris found on reunion island french air accident exp,226,airplane accident,Canada,1
have you heard love to love you heat wave vol by george deejayempiresound on soundcloud np,6083,heat wave,New York Brooklyn,0
an is group suicide bomber detonated an explosives packed vest in a mosque inside a saudi special forces headquarters killing people,10847,missing,no_location,1
with a sinking music video tv career brooke hogan should be thanking her dad for the free publicity although i doubt it will help her,8695,sinking,"Vancouver, British Columbia",0
just had a panic attack bc i dont have enough money for all the drugs and alcohol i wanted to buy this year let alone my fall bills,7691,panic,no_location,0
risk assessment and optimization for routing hazardous waste collection sustainable environmental,5991,hazardous,no_location,0
boy charged in fatal shooting of year old,5155,fatal,In the potters hands,1
coursing now they are causing di maria lol,8767,siren,??? Dreamz,0
potential storm surge flooding map by national hurricane center,6638,inundation,"Athens, Greece",1
question is anybody else having this problem with the circle in epicentre via r jailbreak,4710,epicentre,Cydia,0
flattened thee striker,5532,flattened,Leeds,1
us energy department offers mln for new nuclear reactor designs sputnik international,7331,nuclear reactor,Aztec NM,0
nuu that fam fwt im leave you in a body bag,1421,body bag,no_location,0
if you did a cannon ball into the ocean then japan would evacuate,4719,evacuate,no_location,1
my woman crush wedneday goes to the beautiful loveyouuuu aintsheperty,2661,crush,"Cleveland, Ohio",0
is inner man wayward on route to harm spent replacing online surveys qzloremft,5901,harm,no_location,0
plans by former first lady and wife of ex president goodluck jonathan dame patience jonathan to hijack the all,6152,hijack,"Port Harcourt, Nigeria",1
his lip as he sunk into the bed his arms crossed behind his head as he watched his captain do a number on his body,9278,sunk,NYC,0
i dont understand taking any life as a trophy its violent killing cecilthelion badchoices bantrophyhunting,10177,violent storm,no_location,1
evacuate from your life,4754,evacuate,"St. Catharines, Ontario",0
on the christie hillside game pandemonium at the pits,7627,pandemonium,"Toronto, Canada",0
wpri eyewitness news rhode island set to modernize its voting equipment wpri eyewitness,5017,eyewitness,Rhode Island,0
that took way longer than i expected,2084,casualty,no_location,0
someone walk with me to dq i wanna butterfinger blizzard so bad,1226,blizzard,no_location,0
i put my chicken nuggets in the microwave for minutes intead of on accident and they fucking burned,1866,burned,no_location,0
zeal is a volcano the peak of which the grass of indecisiveness does not grow,10244,volcano,Indonesia,1
good diss bad beat and flow mark my words meek mill is body bagging him once he responds patient patient meek is a battle rapper,1460,body bagging,#WhereverI'mAt,0
holy fuck qvc bitch just got burned so hard,1848,burned,no_location,0
another movie theater attack close to home this time thankful for no casualties life will go on because we cannot allow evil to win,2012,casualties,no_location,1
photo forrestmankins colorado camping,3168,deluge,617-BTOWN-BEATDOWN,0
new snap on tools black baseball hat cap silver gray embroidered s logo flames full re,5462,flames,New York,0
breaking there was a deadly motorcycle car accident that happened to hagerstown today ill have more details at whag,139,accident,"Hagerstown, MD",1
a siren just went off and it wasnt the forney tornado warning,10860,missing,no_location,1
turn on espn and get blown up,1374,blown up,no_location,0
lot of tom clancy military mystery novels paperback tomclancy,7136,military,no_location,0
police gunman reported dead at nashville area theater a suspect who carried a gun and a hatchet at the carmi,7747,police,"Kansas City, Mo.",1
san bernardino i w eo redlands blvd trfc collision no inj,2524,collision,"Riverside, CA",0
a nightmare on elm street is getting remade again,1289,bloody,no_location,0
its an eerie way of revealing both our history and our possible fate cadrought lakeisabella by,4146,drought,"Los Angeles, CA",0
growingupblack walking past chicken frying was like entering a war zone,10280,war zone,"New Hampshire, USA",0
if you have the time hours the latest series about ww blueprint for armageddon is extremely impressive,482,armageddon,"Helsinki, Finland",0
ive just posted on my blog about criminals who hijack lorries and buses arrested in enugu photo,6147,hijack,no_location,1
i was on my way to gary but all the chicago entrances was closed due to a bridge collapsed i hope they let us through tomorrow,2358,collapsed,no_location,1
incase of accident the first responders would know that there is a baby present,5443,first responders,A Hoop Somewhere,0
my fifty online dates and why im still single by michael windstorm amazon kindle datingtips goodreads,10581,windstorm,Chicago,0
drown by bring me the horizon at information resources centre utp,4189,drown,"Layang-Layang, Perak",0
obama declares disaster for typhoon devastated saipan obama signs disaster declaration for northern marians a,3908,devastated,FOLLOWS YOU everywhere you go,1
they evacuated the mall again,4770,evacuated,Florida,1
to the largest moblins hed leaving the biggest one for red and fired with one strike already the threat was reduced,9548,threat,Hyrule,0
happy no one was hurt when wmata train derailed also the express bus is so much better than metro rail,3459,derailed,"Washington, DC",1
what alternatives legal alternatives protesting rioting may not be the most peaceful thing but its a demonstration of how,8280,rioting,"heart of darkness, unholy ?",0
the number of people denying climate change on the polar bear article makes me fear for the future of the us but also humanity in general,5305,fear,Halifax,0
we learn and grow and become stronger as we face and survive the trials through which we must pass thomassmonson lds mormon,9313,survive,United States,0
the next financial crash the writing is on the wall dont say you werent warned via,2553,crash,no_location,0
govt plan for rs cr lifeline to fci waste of money ask people to store grains fr months fr emergency enough capacity available nw,4564,emergency plan,Nagpur,0
car vs motorcycle in harwich port harwich port a car and motorcycle collided around p m the crash happen,2476,collided,"Cape Cod, Massachusetts USA",1
hail mary full of grace the lord is with thee blessed art thou among women and blessed is the fruit of thy,5807,hail,no_location,0
god damn it i electrocuted myself,4489,electrocuted,no_location,0
arsonist sets nyc vegetarian restaurant on fire police newyork,635,arsonist,New York,1
one thing you can be sure of there will never be bush fires in scotland as the ground is always soaking wet,1994,bush fires,no_location,0
someone mentions gansey on fire me busting through the brick walls of seven different buildings,1787,buildings on fire,taken by piper curda,1
its the closest structure to the hypo centre that wasnt completely obliterated,7437,obliterated,Upstairs.,1
russian ushanka winter military fur hat xl with soviet badge link,7098,military,no_location,0
it sure made an impact on me,3797,destruction,denver colorado,0
look at them co happy bn too long oh finally jennifer aniston got married im so happy for her,8774,siren,Diamondville,0
rt nws issues severe thunderstorm warnings for parts of ar nc ok expect more trauma cases,10851,missing,no_location,1
literally just sunk in we got backty school in exactly a week s s s,9244,sunk,no_location,0
ive just signed up for the detonate nottingham autumn launch party register here,3834,detonate,no_location,0
the government is concerned about the population explosion and the population is concerned about the government explosion joe moore,5010,explosion,"Kauai, Hawaii",0
he made such a good point white person comings mass murder labelled as criminal minority does the same thing,6878,mass murder,no_location,0
a subcontractor working for french seismic survey group cgg has been kidnapped in cairo and is held by islamic state the company said on w,8638,seismic,no_location,1
i liked a video j cole fire squad forest hills drive,5721,forest fire,"Slatina,Romania",0
fedex will no longer transport bioterror pathogens in wake of anthrax lab mishaps,836,bioterror,British girl in Texas,0
this weekend is me and nathans birthday weekend so if you want to drown yourself in beer do reckless things and potentially die hmu,4183,drown,no_location,0
truly a scene of chaos unprecedented in frenzy pandemonium even utter disorder that anyone survived such mania is astounding,7643,pandemonium,California,1
fr cuz i risk being electrocuted every shower,4458,electrocuted,HTX,0
this fire is way too close wtf is going on,5336,fire,no_location,1
deaths have been certified by the government as nuclear disaster related deaths,7287,nuclear disaster,no_location,1
ignition knock detonation sensor connector connecto dorman,3892,detonation,no_location,0
when fizzy is sitting in the regular flood seats and no one knows who she is,5561,flood,boston,0
since the chemical weapons red line warning on august lcc have confirmed that at least people have been killed in syria,10341,weapons,no_location,1
been on tour in the day to hellfire caves would love to investigate the place though,6091,hellfire,UK,0
i wonder how cool weird itll look to have all the characters in mkx do fatalities on skinless predator,5180,fatalities,no_location,0
forest fires dying salmon time act not deny climate change nightmares are here bcpoli canpoli vanpoli,5759,forest fires,Nicola Valley,1
life is amazin same time its crazy niggas dey wanna blaze me hate it because i made it all it took was dedication n some motivation,932,blaze,no_location,0
i havent watched that one yet just finished catastrophe which is amazing,2150,catastrophe,All around the world baby,0
you would have been annihilated so you might as well thank,315,annihilated,no_location,0
the advantages apropos of in flames favorable regard mississauga ontario pwhvgwax,5510,flames,no_location,0
awwww theyre on an airplane accident and theyre gonna die what a cuties good job,201,airplane accident,no_location,1
katunews sr remains closed as brush fire burns acres liveonk,4800,evacuated,"Hensley Street, Portland",1
thousands of people were displaced injured killed but hey now theres more opportunity for different restaurants,4060,displaced,New York City,1
a look at state actions a year after fergusons upheaval,10110,upheaval,Oregon,0
factors to consider when hiring a demolition company noxdv,3363,demolition,no_location,0
i liked a video huge building explosion at fps the slow mo guys,4969,explosion,Germany,1
more like you love your husband but youre posting another man for your man crush mondays lol,2655,crush,Kaneohe,0
i cant wait to be beyond obliterated this weekend,7431,obliterated,"Miami, FL",0
i added a video to a playlist ori and the bind forest ep fire and death,5713,forest fire,Shelby County,1
men escape car engulfed in flames in parleys canyon crews investigating cause,4650,engulfed,no_location,1
crazy to use the netanyahu argument iran can flush a nuclear reactor down the toilet,7312,nuclear reactor,no_location,1
floored flattened early birds does get de cups so lag bout pun de dock and watch ppl drink,5529,flattened,Barbados,0
demolish deep space etoffe charmeuse clothesless precisionistic vestment psfda,3265,demolish,no_location,0
looooooooooool who the bloody hell did that,1279,bloody,"Walthamstow, London",0
there is a baby in olivers swim class that cries the entire class its like his parents are waterboarding him or dipping him in lava,6737,lava,"Madison, WI",0
fedex no longer will ship potential bioterror pathogens atlanta business chronicle,859,bioterror,no_location,0
cw dealing with disaster,4017,disaster,Nigeria,1
wrinkled the face of deluge as decayed,3188,deluge,no_location,0
you would get inundated,6622,inundated,"Manchester, England",0
afghan soldier kills us general americas highest ranking fatality since vietnam,5234,fatality,U.S.A,1
destroy the house,3685,destroy,he/him or she/her (ask),0
ah mazing story of the power animal rescuers have a starving homeless dog with no future was rescued by a person,8172,rescuers,17th Dimension,1
suicide bomber kills in saudi security site mosque,9146,suicide bomber,no_location,1
in lies we trust dvd cia hollywood and bioterrorism len horowitz vaccines nwo,892,bioterrorism,"Netherlands,Amsterdam-Virtual",0
imagini noi si clipuri the hobbit the desolation of smaug cliptv desolationofsmaug poze thehobbit,3645,desolation,Romania,0
i hand you a glass of water and sit down i was rescued by a tenno ive lived in my ship around the dojo for about a year,8098,rescued,"Ohio, USA",0
when theres trouble you know who to caaaaaall,9937,trouble,?,0
people dont want to hear the truth because they dont want their illusions destroyed fn,3713,destroyed,buenos aires argentina,0
lets talk some more about your goof guild saunders come right up here on stage,475,armageddon,Nowhere. Everywhere.,0
as anniversary nears atomic bomb survivors speak out against nuclear power,9420,survivors,"Lake Monticello, VA",1
angry woman openly accuses nema of stealing relief materials meant for idps an angry internally displaced wom,4058,displaced,"Ojodu,Lagos",0
ah yes the gays are totally destroying america i can see buildings burning and meteors crashing into schools wow,1956,burning buildings,no_location,0
now on wsls fire burns multiple buildings in montgomery co tips to make childcare less expensive rain join,1811,buildings on fire,"Roanoke, VA",1
articles in saudi press reject russian initiative for regional alliance with assad regime to fight terrorism,9485,terrorism,no_location,0
police walk up on me i be blowin smoke in dey face wanna lock me up cus i got dope shit is gay,7783,police,no_location,0
newberg upheaval jacque betz responds looking forward to the day she can answer news,10115,upheaval,USA,0
fire meet gasoline always gotta get played twice lol,5337,fire,on a catwalk somewhere,0
every time i buy a bag for life i think ive got days left to live,8965,storm,Mackem in Bolton,0
russian food crematoria provoke outrage amid crisis famine memories,5071,famine,no_location,1
thats the ultimate road to destruction,3786,destruction,Jersey,0
this is relaxing thunder soothmyslumber watermeloann populardemand w vine by,9583,thunder,no_location,0
there isnt anything there its desolate bc of its nature the significance is that we were the first country to do it,3575,desolate,the insane asylum.,0
drought fuels bush fires in jamaica re,1980,bush fires,Trinidad and Tobago,1
large ship wreck fish tank ornament for sale large ship wreck fish tank aqua,10695,wreck,"Somerset, UK",0
interesting mh aircraft debris found on la reunion is from missing malaysia airlines abc please rt,3150,debris,"Bristol, UK",1
flattened frog,5553,flattened,Delhi,0
the sunset boys wreck my bed original usa gimp label vinyl newave,10702,wreck,no_location,1
rt abbswinston zionist terrorist demolish palestinian structures in jordan valley,3280,demolish,MAD as Hell,1
republican styled economic destruction undergroundbestsellers,3763,destruction,"Houston, TX",0
an optical illusion clouds rolling in over the mountains looks like a tsunami geneva switzerland,9976,tsunami,Kleenex factory,1
new giant flames giant manly brown info order sms pin d,5485,flames,@cockerelshoes,0
i joked about it but wood has to be burned out from working so many innings so often cubstalk,1860,burned,Chicago Area,0
today your life could change forever chronicillness cant be avoided it can be survived join mylifestory,9378,survived,Glasgow,0
just got sent this photo from ruby alaska as smoke from wildfires pours into a school,7,missing,no_location,1
a santa ana police union blocks video of the raid at sky high holistic pot dispensary the atlantic smartnews,7755,police,"Massachusetts, USA",1
usgs reports a m earthquake km s of volcano hawaii on utc quake,4373,earthquake,"Hawaii, USA",1
i have childhood trauma more resolved than theirs actual trauma fricken babies,9832,trauma,"Little Rock, AR",0
skype just crashed u host,2640,crashed,Somewhere,0
bring the body bags tho,1500,body bags,"WAISTDEEP, TX",0
you already know how this shit goes world series or armageddon,454,armageddon,Wrigley Field,0
how to survive in the markets oil investing money trading forex gold silver business,9300,survive,no_location,0
businesses are deluged with invoices make yours stand out with colour or shape and its likely to ris togthe top of the pay pile,3218,deluged,no_location,0
lets collide untill we fill the space,2418,collide,"Silang, Cavite / ParaÌ±aque",0
new post pic of yr old pkk suicide bomber who detonated bomb in turkey army trench released,9141,suicide bomb,WorldWide,1
the reagan administration had arranged for israeli weapons to be sent to the guatemalan army,10383,weapons,The Netherlands,1
the harder the conflict the more glorious the triumph thomas paine,159,aftershock,304,0
legionnaires disease whats being done to stop deadly outbreak,7550,outbreak,"EspaÌ±a, Spain",1
new documents found pointing to japans wwii atomic bomb program,1545,bomb,Australia,1
fucking screaming,8523,screaming,NYC,0
sadly suicide by cop wed pm dollar movie does not a mass murder make,6890,mass murder,Chattanooga TN,1
more wicked weather rolls through calgary and surrounding areas,5847,hailstorm,no_location,1
emergency root canal tookitlikeaman lovemydentist sore,4524,emergency,no_location,0
your turn,4411,electrocute,no_location,0
devastated isnt the word ross out of all people emmerdale summerfate,3922,devastated,Bournemouth,0
reddits new content policy shows that maybe reddit cant have it all via,9948,trouble,"Palo Alto, CA",0
years since we annihilated people instantly and became aware that we have the ability to annihilate the whole of humanity,320,annihilated,no_location,1
ill ruin my life if i have to,8390,ruin,"Des Moines, IA",0
years after the sikh temple massacre hate violence prevention is key,6955,massacre,no_location,1
if youre slating for s injury then youre a disgrace to the afc fan base injuries happen you cunts,6493,injuries,"Milton Keynes, England",0
my dogs just blown his kennel up bloody yorkshire terrorist,1372,blown up,"Grimsby, England",0
army sources say persons on board including a team of doctors die in helicopter crashed near mansehra weather seems to be cause of crash,2637,crashed,Islamabad,1
my prediction for the vikings game this sunday dont expect a whole lot infact i think zimmer goal is injury free st game,6552,injury,Saint Paul,1
probably we are inundated with them most years,6586,inundated,"England & Wales Border, UK",0
our tipster previews chelsea v swansea theres a double chelsea hazard,5980,hazard,UK,0
id like to think im photogenic but every time i see a pic with me in it i just think to myself gosh what a disaster xd,4042,disaster,nearest trash can,0
udhampur terror attack militants attack police post spos injured,6458,injured,london,1
im hungry as a hostage,6300,hostage,Glenview to Knoxville,0
i liked a video thorins thoughts riot and sandbox mode lol,8215,riot,no_location,0
true i faced everything from is bin laden your uncle to hopefully afghanistan will be bombed children can be very ugly,1608,bombed,"Kabul, Tuebingen, Innsbruck",0
the sirens are telling you to get ready to turn up,8800,sirens,828??864??803,0
the second part which focuses on the survivors is really difficult to watch but at the same time is really powerful,9422,survivors,Upstairs.,1
mike magner discusses a trust betrayed via military veterans environment,7108,military,Alaska,0
after listening to you demolish on i cant wait to bait my patriot hater co workers into a brady discussion,3263,demolish,no_location,0
seriously look like a get electrocuted after i blow dry my hair its really attractive,4486,electrocuted,no_location,0
witness video shows car explode behind burning buildings on nd st this afternoon manchester via,1768,buildings burning,New Hampshire,1
homecoming queen killed on way home from the prom by flood waters socialnews,5569,flood,"British Columbia, Canada",1
a reverse situation lol i dont know where us civilian deaths were specifically utilized to make a political,3089,deaths,"the void, U.S.A",1
s xleak ph tos of yrs old ash lady in festac town from delta exp sed on bbm leaked pictures,997,blazing,Your screen,0
traintragedy happened in mp due to collapse of bridge now i m afraid to take a long distance train,1694,bridge collapse,MUM-DEL,1
halsey and troye collab would be bomb,1538,bomb,keli x,0
ahrar al sham in our negotiations with iran over al zabadani they wanted all sunnis evacuated out of al zabadani,4798,evacuated,no_location,0
straight body bagging,1444,body bagging,"New York, NY",0
i be on that hotboy shit,624,arsonist,ss,0
all that panicking made me tired i want to sleep in my bed,7722,panicking,no_location,1
fireman ed runs into burning buildings while others are running out doug he deserves your respect,1724,buildings burning,Quincy MA,1
such a lonely day and its mine its a day that im glad i survived,9368,survived,"Predjama, Eslovenia.",0
all residents asked to shelter in place are being notified by officers no other evacuation or shelter in place orders are expected,5,missing,no_location,1
please sign rt to save saltriverwildhorses,386,annihilation,no_location,0
russia stood down cold war nuke ban or face ocean superiority unconditional surrender next putin game set match release the hostages,6340,hostages,westwestwestwestwestwestwest,1
only weapon im scared off is karma,10316,weapon,no_location,0
maratha raiders scorched their lands punjab refused them food aid during the famine wonder if bengalis harbor some hard feelings,5106,famine,Telangana,1
the hurricane mixxtail kinda tastes like the watermelon four loko,6413,hurricane,no_location,0
i need an arcade shooter fix but cte is empty only running obliteration id even buy a cod title if they werent all overpriced on steam,7456,obliteration,Canada,0
hiroshima years since the worst mass murder in human history never forget,6898,mass murder,Auckland,1
rainstorm destroys houses in yobe state rainstorm destroys houses in yobe state daily trust damatu,7914,rainstorm,Yobe State,1
i s g if anyone tries to harm my cupcake ill fucking hunt you down to the end of the earth harrybecareful,5888,harm,no_location,0
missionhills ca nursing registered nurse emergency department full time at providence health services,4646,emergency services,"Los Angeles, CA",0
the latest more homes razed by northern california wildfire lancasteronline lancaster,10520,wildfire,Lancaster California,1
pls reduce cyclist deaths with a compulsory highway code test as with every other vehicle that uses a road notrocketscience,3102,deaths,Top secret bunker,1
want to work at swedish health services were hiring in seattle wa click for details nursing job jobs,4631,emergency services,"Seattle, WA",0
smelling a bon fire while driving makes me wanna be sitting near one making smores,5357,fire,no_location,1
did you know had a new release this week blood call an ancient evil has been trapped,9796,trapped,"Greensburg, PA",0
real magic in real life women went missing in ohio town the focus of fbi probe after strange deaths and,3075,deaths,Your screen,1
this is interesting why did god order obliteration of ancient canaanites via,7447,obliteration,Overton NV,0
he was like he was singing so loud,6839,loud bang,no_location,0
first wreck today so so glad me and mom are okay couldve been a lot worse so happy the lord was with us today,10707,wreck,"Alabama, USA",0
path of obliteration back from the dead story by,7494,obliteration,Ontario,1
connor franta damn sirens i hope everyone is okay dan howell can you please get murdered on another street,8832,sirens,az,1
this is one violent and belligerent storm im enjoying watching it unfold,10197,violent storm,Oshawa/Toronto,1
dogs lightning reshapes rocks at the atomic level a lightning strike can reshape a minerals crystal structure,6751,lightning,"Coventry, UK",0
i screamed after hitting tweet,8453,screamed,sneaking glances at Thancred,0
pic of me and blaze in a fort when we were kids i look like a jackass stuffin my face like that,956,blaze,PA,0
see what happens with no battle of the block finally,808,battle,"Dallas, TX",0
foot sinkhole opens in lowndes county residential area,8661,sinkhole,no_location,1
i cant stop,9022,stretcher,no_location,0
reasons why we love women in the military lulgzimbestpicts,7121,military,no_location,0
rick and morty they blew up,1098,blew up,Waterford MI,0
if locke has to pitch in the playoffs its not a disaster but they should absolutely positively never let him pitch the sixth inning,4045,disaster,no_location,0
i liked a video from s sn vabengal zss vs sws fatality captain falcon,5219,fatality,Hueco Mundo,0
new giant flames giant full black pantofel info order sms pin pic twitter com pnpizody,5461,flames,Bandung,1
the loretta lynch one was fuckin hi larious to watch in realtime it was like a train wreck of fact checking and ombudsmanship,10730,wreck,no_location,0
dream magic the linden method lite version anxiety panic cure program the lind,7685,panic,no_location,0
and this is a structural problem rather than just a failure of competence by traditional soc democratic parties,9084,structural failure,"VÌ_sterÌ´s, Sweden",0
i liked a video from battlefield hardline new weapons new map throwingknifes,10348,weapons,no_location,0
nigerian boxer who survived sessions with klitschko becomes famous on youtube,9367,survived,"Port Harcourt, Nigeria",0
science daily lightning reshapes rocks at the atomic level a lightning strike can reshape a minerals crystal s,6764,lightning,no_location,1
the latest more homes razed by northern california wildfire lynchburg news and advance,7970,razed,no_location,1
u s record hurricane drought,4101,drought,Chappaqua NY and Redlands CA,1
chinas stock market crash are there gems in the rubble tcot p news,8320,rubble,United States,0
rt likened to the steps and the good shepherd by the film producer the desolate garden on all here,3557,desolate,NYC area,0
pandemonium in aba as woman delivers baby without face,7638,pandemonium,no_location,0
me and all my friends could destroy this in hours lmao,3682,destroy,no_location,0
when they die they just get teleported into somewhere middle of ocean and stays trapped in there unless they decides,9769,trapped,no_location,0
come and join us tomorrow august at transcend blazing the trail to the diversified world of marketing,983,blazing,"Intramuros, Manila",0
your love will surely come find us like blazing wild fires singing your name,10478,wild fires,Indiana,0
the little girl next to me sees the spot lights in the sky and screams mom look i see angels in the sky,8586,screams,"Florida, USA",1
severe thunderstorm warning issued august at pm cdt until august at pm cdt by nws,9612,thunderstorm,no_location,1
the annihilation of jeb christie kasich is less than hours away please god allow me at least one more full day,371,annihilation,Republic of Texas,0
askconnor if you were a natural disaster what would you be,7228,natural disaster,no_location,0
nuclear emergency current usa radiation levels monitoring site,7895,radiation emergency,"LP, MN USA",0
cpanel crash course course,2576,crash,no_location,0
shirley caesar windstorm nowplaying listenlive,10564,windstorm,"Newton, NJ 07860",0
cutting for some celebrety and then posting the wounds online is a no go,10663,wounds,no_location,0
rgj truck trailer catches fire in reno,5400,fire truck,"Nevada Carson City,Freeman St",1
she shouldnt being with them is gonna ruin her game and vanessa is a great player,8385,ruin,#RedSoxNation,0
new explosion proof tempered glass screen protector film for blackberry z full read by,4961,explosion,New York,0
the f things i do for gishwhes just got soaked in a deluge going for pads and tampons thx,3185,deluge,no_location,0
no uk train accident fatalities for th year running despite increase in passenger journeys,5203,fatalities,no_location,1
the st time someone blew up my phone times they would be blocked believe it catfish,1113,blew up,USA/SO FLORIDA via BROOKLYN NY,0
thx for your great encouragement and for rt of new video the coming apocalyptic us earthquake tsunami,4388,earthquake,in the Word of God,1
california monster fire is contained as are told to evacuate,4717,evacuate,no_location,1
ladies heres how to recover from a date you totally bombed according to men,1611,bombed,no_location,0
shes kinda hot played on the radio today whats next disease to all the apocalypse has started everyone be careful,407,apocalypse,no_location,0
well done celtic fingers crossed for aberdeen tomorrow night armageddon eh,495,armageddon,Perthshire,0
me you both ill be dam if i get any of that drought bud,4131,drought,no_location,0
place out it was ex pars defender andy tod in full uniform it was instant pandemonium utter mayhem ensued,7601,pandemonium,"The Kingdom of Fife, Scotland",0
reasons brain twister oneself should discount redesigning yours website itrawcwb,10027,twister,no_location,0
on the outside youre ablaze and alive but youre dead inside,61,ablaze,no_location,0
i never understood guys who wanted to run into burning buildings you chase murderers not if theyre on fire,1965,burning buildings,seattle grace mercy death,0
blizzard of auz pm cst hrs of rock to make your hump day complete,1188,blizzard,Canada,0
starmade stardate planetary annihilation via,354,annihilation,Spain,1
you can only be rescued from where you actually are and not from where you pretend you are giorgio hiatt,8120,rescued,"Winston-Salem, NC",0
nowplaying porcupine tree drown with me live listen live at,4156,drown,"Coconut Creek, Florida",0
sinkhole leaking sewage opens in housing estate irish independent aug,8686,sinkhole,Newcastle,1
she tasted like a feast after a famine and he was starving trusting jack iartg rwa tw rw rrbc,5080,famine,"In #Fairie, where else? ;-)",0
after having two cans explode i wanted to drink the rest but these kaldi coffee stout photo,4884,explode,"Bloomington, IN",0
flood two people dead houses destroyed in kaduna two people have been reportedly killed an semasirtalks,3725,destroyed,"ÌÏT: 6.4682,3.18287",1
i came to kill indians for fun video of smirking and remorseless pakistani killer shows him boasting,1324,bloody,Isolated City In World Perth,1
if you were the nws wth a rotating storm w a report of a huge massive violent tornado what would you do,10203,violent storm,no_location,1
tornadogiveaway thebookclub join in,9663,tornado,"Gurgaon, Haryana.",0
rt roadid thanks to alex for his story to all first responders for being there when we need you,5426,first responders,Roads/Trails Everywhere,0
another white guy trying to mass murder people for no apparent reason just because let me guess hes mentally ill blah blah blah antioch,6897,mass murder,no_location,1
kidnapped ladies rescued by police in enugu nigerian tribune,8096,rescued,Nigeria,1
collection of articals and video of west coast wild fires by,10439,wild fires,Twitterville,1
it works for my purpose a large cyclone would be better i just dont have k this was,2811,cyclone,Rural Northern Nevada,0
africanbaze breaking news nigeria flag set ablaze in aba,50,ablaze,AFRICA,1
its like watching a hostage video sometimes but not always at least not yet,6302,hostage,no_location,0
thank you and for helping so many people in need all over the world,8043,refugees,tripoli international airport,0
looks and sounds like a war zone,10274,war zone,no_location,1
crews working to restore power in southwest omaha after vehicle collided with utility pole,2499,collided,"ÌÏT: 41.252426,-96.072013",1
fall off a cliff please,2275,cliff fall,no_location,1
everyone here ahh i hate snow me lol u call this a snowstorm growingupincolorado,8916,snowstorm,This Is Paradise. Relax.,1
we are having forest fires out here in socal but the only fire you should watch for is realhiphop,5730,forest fire,Los Angeles for now,1
does the opening scene of harry potter and the order of the phoenix remind anyone else of the movie twister just me okay,10049,twister,no_location,0
we enjoyed the show today great fun the emergency non evacuation was interesting have a great run,4541,emergency,"Renfrew, Scotland",0
mind blown by slithering viscous gold mine cover of yeah yeah yeahs erykah badu,2465,collided,San Francisco,0
budget oh i am in trouble but yes i would agree varagesale,9909,trouble,"Kawartha Lakes, Ontario, Canad",0
her eyes and words are so icy but she burns like rum on the fire,5341,fire,"louisville, kentucky",0
another mac vuln,6167,hijack,"Near Richmond, VA",0
whao nigerian refugees repatriated from cameroon,8020,refugees,no_location,1
vassalboro house to be razed to make way for public gazebo reports,8008,razed,"Augusta, Maine, 04330",0
dont be a fart in a windstorm follow me already jeez,10575,windstorm,no_location,1
literally just look that up yeah derailed at smithsonian so everythign is shut down from federal center sw to mcpherson,3463,derailed,no_location,1
driver rams car into israeli soldiers wounds military a driver rammed a car into a group of israeli soldi,10681,wounds,"Paterson, New Jersey",1
screams,8543,screams,Griffin :3,0
wait what,564,arson,Zero Branco,0
rt when you dont know how to do fatalities in mortal kombat,5185,fatalities,"WestEnd, Puritan Ave",0
strange to encaustic cerography portion him till give voice deluge byityf,3176,deluge,no_location,0
no burning buildings and rob during a riot thats embarrassing ruining this nation,1753,buildings burning,somewhere over a rainbow,1
avalanche city sunset nowplay listen radio,791,avalanche,World,1
reality training train falls off elevated tracks during windstorm fire ems,10555,windstorm,no_location,1
every time i feel a new pain or strain in my body i panic because i need it for my career,7672,panic,Manhattan,0
cop pulls drunk driver to safety seconds before his car is hit by train via,310,annihilated,Boston,1
untangle yourself from requiring your partner to fill your needs and how to love without fear besttalkradio listen,5300,fear,Southern California,0
kach was a group to which belonged baruch goldstein a mass murderer who in shot and killed palestinian,6903,mass murderer,no_location,1
kids are inundated with images and information online and in media and have no way to deconstruct kerri sackville tms,6607,inundated,Australia,0
trust us to get rescued by the dopey ones val is hilarious shame shes probably going to die emmerdale,8100,rescued,watford,0
richmond coaches were devastated to hear of the death of their second driver mr chance who was sitting jam,3901,devastated,Manchester,1
nine inmates charged with causing damage in calgary remand centre riot,2883,damage,Somewhere in the Canada,1
a gas thing just exploded and i heard screams and now the whole street smells of gas,10849,missing,no_location,1
pakistan supreme court endorses military courts for terrorism cases,9488,terrorism,no_location,1
last time i checked lots of injuries over the course of time injury prone am i wrong,6492,injuries,Emirates,0
the blazing elwoods dont bother me dougs song tune,1020,blazing,"Saint Marys, GA",0
philippines must protect internally displaced persons warns un expert,4062,displaced,no_location,1
off the wall invincible and history blood on the dance floor,1232,blood,Conversing In Janet's CafÌ¬,0
severe thunderstorm warning for oklahoma county until pm okwx,9639,thunderstorm,Oklahoma City,1
stay cautious,6173,hijack,Kolkata,0
route complex am fire update route complex wildfire fire update route complex thursday morning aug cafire,10488,wildfire,no_location,1
middle of winter in sydney we have had snow bush fires and degree days in the last week keeps you on your toes for sure,1973,bush fires,"iPhone: -27.499212,153.011072",1
british diver neil anthony fears found dead by the wreck of a steamship daily mail,9247,sunk,no_location,1
womens tote faux leather handbags shoulder cross body top handle bags rose,1507,body bags,no_location,0
oilandgas exploration takes seismic shift in gabon to somalia via,8631,seismic,"Madison, Wisconsin, USA",1
ive been trying to write a theological short story about a monster living in a sinkhole then i heard about brooklyn accidentalprophecy,8658,sinkhole,"White Plains, NY",0
medieval airplane hijacker testa earnings the distinction divers htarvrgly,6208,hijacker,no_location,1
cramer words that wrecked dis stock,10825,wrecked,Global,0
they died horrible deaths trapped in the ships but they knew that was a risk,3091,deaths,Tennessee/Gallifrey,1
dc i love you but please obliterate power girl,7371,obliterate,Jump City,0
mom we didnt get home as fast as we wished me why is that mom there was an accident and some truck spilt mayonnaise all over,117,accident,no_location,0
jeep cherokee owners file lawsuit against fiat chrysler harman after hackers the consumerist mcgsecure,6162,hijack,Maryland,0
latest landslide kills three near venice after heavy rain,6668,landslide,Europe,1
ashes th test hilarious twitter reactions to australias collapse by,2334,collapse,India,0
ctd arrest three vital criminals from orangi karachi counter terrorism department ctd of the sindh police,9457,terrorism,no_location,1
foot sinkhole opens in lowndes county residential area wctv minutes ago,8656,sinkhole,Newcastle,1
newlyweds feed thousands of syrian refugees instead of hosting a banquet wedding dinner age news,8039,refugees,Australia,0
fear is my motivator,5309,fear,"St. Louis, MO",0
pretty teen hayden ryan poses and strips out of her purple top view and download video,9707,tornado,no_location,0
how the west was burned thousands of wildfires ablaze in california alone,66,ablaze,"GREENSBORO,NORTH CAROLINA",1
i wanted to set chicago ablaze with my preaching but not my hotel,64,ablaze,no_location,0
the drive in ilford closed both ways while emergency services deal with a call out buses are now stuck,4599,emergency services,London,1
the year olds smug face when dorret brings out her mudslide black forest gateau priceless gbbo,7157,mudslide,London,0
finnish ministers fennovoima nuclear reactor will go ahead,7338,nuclear reactor,no_location,0
fall back this first break homebuyer miscalculation that could destruction thousands mwjcdk,3758,destruction,no_location,0
he is dead,2998,dead,no_location,0
reaad plsss nigerian refugees repatriated from cameroon,8024,refugees,no_location,1
dont let the tubestrike derail your mood and join us at the pisco bar for drinks after work coya london,3428,derail,London,0
alaskas prince of wales archipelagowolves are nearing extinction demand emergency protection standforwolves,4514,emergency,denmark,1
keep shape your shoes amazon foot adjust shape shoe mini shoe tree stretcher shaper width extender adjustable,9029,stretcher,"Amazon Seller , Propagandist",1
x and to counter acts such as the burning of the alexandrian library,1914,burning,Australian Capital Territory,1
car engulfed in flames backs up traffic at parleys summit,4689,engulfed,USA,1
memphis always floods,5705,floods,no_location,1
i cant have kids cuz i got in a bicycle accident split my testicles its impossible for me to have kids michael you are the father,96,accident,CLVLND,0
myanmar s displaced rohingya at sittwe point of no return prison like conditionsprivation,4054,displaced,Asia Pacific,1
landslide while on a trip in skardu,6688,landslide,no_location,0
white americans are the biggest threat in the world duh,9550,threat,front row at a show,0
html beginners crash course course,2557,crash,no_location,1
the danger and excitement of underwater cave diving,2937,danger,no_location,0
ppl like unu feast today and famine tomorrow,5068,famine,JamDung,0
market news activision blizzard cognizant technology first solar,1223,blizzard,no_location,0
hey the concept of a quarantine makes no sense if the people youve quarantined can just wander out about whenever they want,7885,quarantined,"Broadview Heights, Ohio",0
she says that shed love to come help but the sea would electrocute us all,4425,electrocute,no_location,0
here im the uk there isnt a deluge of canadian themed tops around the timing was perfect i cant quite believe it mad,3199,deluge,Newcastle upon Tyne,1
why put out a fire thats still burning,1911,burning,no_location,0
i added a video to a playlist cher lloyd sirens,8838,sirens,no_location,0
schools in western uganda still burning down buildings during strikes strikes in western uganda always lit literally,1750,buildings burning,In Hell,1
how do you derail a train at smithsonian,3429,derail,"Washington, D.C.",1
idfire parker ridge fact sheet aug parker ridge wildfire information phone email pa,10502,wildfire,no_location,1
suicide of a superpower will america survive to by patrick j buchana,9341,survive,no_location,0
pm hazard in high traffic area at wrightsboro rd,5983,hazard,no_location,1
im sure the shop is deluged by local children wanting to buy it really,3210,deluged,"Bishops Lydeard, England",0
my sis can now sit on a cam w o panicking,7743,panicking,Positive 852,0
my grandfather was set to be in the first groups of marines to hit japan in operation olympic casualty rate predictions,2069,casualty,"El Dorado, KS",1
salvation army hosts rally to reconnect fathers with children the salvation army is hosting a back to school rally,509,army,"Memphis, TN",1
they are making a bad boys and a must see,5232,fatality,434,0
edwin wow crushed,2715,crushed,#HAMont,0
i still need to finish the lover but im watching this other drama for hours now and im an emotional wreck so the lover needs to wait,10727,wreck,709?,0
c specially modified to land in a stadium and rescue hostages in iran in submitt aviationaddicts,6358,hostages,"Tampa, Fl",1
alabama home quarantined over possible ebola case officials say a quarantine is in place at bluehand pjnet,7873,quarantined,no_location,1
why did god order obliteration of ancient canaanites via homosexuality is the downfall of a society,7476,obliteration,Indiana,0
savs contact fell out but she was convinced it didnt went on to guage her eyeball out now shes having a panic attack over caused damage,7677,panic,518 åá NY,0
fear factory in december done deal,5262,fear,"Chippenham/Bath, UK",0
environment canada confirms nd tornado touched down last weekend,9681,tornado,Toronto,1
you ok need a ambulance hahahah that was good,264,ambulance,no_location,0
that sounds like a really bad idea i like yoenis but i feel like his production could fall off a huge cliff,2299,cliff fall,no_location,0
sad that biker beatdown derailed his pro democracy work as undercover,3495,derailed,NYC,1
fear has a way of making us see danger where there is none contemplating the logic behind the situation and find the courage to engage it,2952,danger,no_location,0
dw was on his way to a better career than chipper and that wasnt derailed until shame,3490,derailed,no_location,0
nowplaying arsonist mc so impressed,599,arsonist,Atlanta,0
destroy oppa image oops theres nothing left right haaaaaa,3692,destroy,Thailand,0
stepkans media two confirmed dead after the boat they were travelling in collided in l victoria,2500,collided,"Nairobi, Kenya",1
party for bestival crash victim michael molloy on what would have been his st,2564,crash,Liverpool,1
christian attacked by muslims at the temple mount after waving israeli flag via pamela geller,710,attacked,AKRON OHIO USA,1
ntsb virgin galactic crash caused by structural failure triggered when brakes unlocked early,9089,structural failure,"Chicago, IL",1
let me report it to u people instead mr obama just declares cnmi federal disaster area post typhoon soudelor u guys slow report,10070,typhoon,phuket thailand,1
football is back this weekend its just sunk in,9273,sunk,Essex,0
the reason i bring this up bcz he is running senate murphy is nothing but a republican i am deluged with his junk mail,3225,deluged,"Clearwater, FL",0
heartdisease u s forest service says spending more than half of budget on fires,5769,forest fires,no_location,1
seattles deadliest red light runner intersections revealed,5175,fatalities,#WashingtonState #Seattle,1
who makes these,621,arsonist,ss,0
jkl cancels flash flood warning for bell harlan knox ky wx,5563,flood,United States,1
migrating from iphoto to photo is a catastrophe i have wasted days trying to get this to work hrsto get to complete,2110,catastrophe,"Wellington, New Zealand",0
usnwsgov severe weather statement issued august at pm edt by nws the severe thunderstorm warning,9616,thunderstorm,Jupiter,1
hijacking electric skateboards to make them safer,6257,hijacking,IN our hearts Earth Global,0
cyclists it is pandemonium on the roads today drive carefully,7639,pandemonium,"London, England",0
politicians are using false allegations to attack plannedparenthood harm women we arent fooled we standwithpp,5934,harm,Contoocook Valley Region of Ne,0
crazy storm hit and im trapped inside a hobby lobby ama,8961,storm,"Atlanta, GA",1
among other main factors behind pedestrian fatalities are people failing to yield to a car,5196,fatalities,no_location,1
omfg there are bush fires all over this tiny island our freaking house is gonna burn down,1976,bush fires,no_location,1
se pone a cantar crying lightning,1276,blood,Buenos Aires,0
only one commodity has escaped the total collapse in prices business,2324,collapse,"Chicago, Illinois",0
you cant fight fate and you cant survive alone i cant help but notice that almost seems like a definition of who i am,9330,survive,Gotham City,0
in my experience if youre always angry and critical as a pundit you are in grave danger of going off the rails,2945,danger,Israel,0
is the update rly life now is it is it screams vibrates i cant handle,8570,screams,no_location,0
v v w led warm white light motion sensor outdoor flood light pir lamp auc,5584,flood,no_location,0
this is urgentthere is currently a storey building at church b stop oworoshoki third mainland bridge which likely to collapse,1703,bridge collapse,Nigeria,1
ooh now i feel guilty about wishing hatman out i bet the mudslide was delicious,7178,mudslide,Edinburgh,0
i bet you didnt know i kick box too,754,avalanche,NEW YORK,0
as per previous behaviour jan aq would deal with the kidnapped hostages not particularly pleasantly if div fought jan aq,6384,hostages,no_location,1
to ouvindo sleeping with sirens awn,8806,sirens,victoria mozÌ£o,0
when bae soak you in mudslide at backroom thisiswhywecanthavenicethings,7191,mudslide,no_location,0
hours of bagging groceries an aching body,1475,body bagging,MI,0
a little piece i wrote for the avalanche designs blog id appreciate it greatly if you checked it out,755,avalanche,Ireland,0
nazi mass murderer became chairman at vaccine drug company in,6939,mass murderer,"Tama, Iowa",1
titan warriorcord feet authentic military paracord mil c h type iii strand di,7095,military,no_location,0
im devastated,3940,devastated,"Chicago, IL",0
trouble with mental fog consider these tests,9955,trouble,"Washington, DC",0
after death of palestinian toddler in arson attack israel cracks down on jewish,568,arson,bajaur,1
rolandonabeats ellie goulding my blood acesse nosso site para ouvir,1270,blood,"Itirapina, SÌ£o Paulo",0
dont think i can take anymore emotional wreck watching summerfate,10720,wreck,"Gwersyllt, Wales",0
i could die by falling in a sinkhole and id still be blamed for it,8670,sinkhole,hell,0
everyone hail to the pumpkin king,5799,hail,"Dagenham, Essex",0
usgs eq m km s of twentynine palms california time utc earthquake,4354,earthquake,"California, USA",1
boy charged with manslaughter in shooting death of elijah walker the year old appeared wednesday in a,5115,fatal,"ÌÏT: 10.614817868480726,12.195582811791382",1
not being able to touch anything or anyone in penneys without being electrocuted,4494,electrocuted,no_location,0
blonde teen courtney laudner teases in her panties view and download video,9666,tornado,no_location,0
it said they had superficial wounds and it was the pepper spray that did the most damage,2902,damage,Tennessee,1
news uk islamist cleric anjem choudary charged under terrorism act,9446,terrorism,everywhere,1
myanmar floods childfund and international needs and care aust appeals,4526,emergency,Adelaide,1
self harm im so angry please tag your scars on tumblr jesus christ i dont wanna get triggered,5930,harm,?@symbolicjensen?,0
post a pic of your wounds please,10658,wounds,"iPhone: 33.104393,-96.628624",0
maj muzzamil pilot offr of mi crashed near mansehra today may almighty give strength to family to bear the loss,2633,crashed,"Gujranwala, Pakistan",1
currently want to drive my car off a cliff and fall to my death,2280,cliff fall,no_location,0
is there a night curfew on campus find out here,2759,curfew,"State College, PA",0
google alert emergency units simulate a chemical explosion at nu,2227,chemical emergency,no_location,0
these fucking police cant touch me these fuck niggas aint fucking w me,7749,police,no_location,0
saddle with accountable information explosion tips pro preferable financial top brass tawfmcaw,4990,explosion,no_location,0
im so anxious though because so many ppl will me watching me meet them and that makes me uncomfortable but i cant let that ruin the moment,8348,ruin,London / Birmingham,0
top story couple spend wedding day feeding syrian refugees see more,8025,refugees,Tarragona,0
new post from major challenges of channel sales enablement,8635,seismic,the azure cloud,0
slow clap for this pilot dramatic video shows plane landing during violent storm,10202,violent storm,Kenya,1
and cant survive without referring without mr modi they are big zeros,9332,survive,no_location,0
drop it down on a nigga do damage,2854,damage,no_location,0
besides your nasty thunderstorm or snowstorm nah cant say that i have,8920,snowstorm,Deployed in the Middle East,0
grande twister,10036,twister,no_location,0
sharp rise in women children casualties in afghan war un says,2036,casualties,US,1
lotg smoothed out once blue bird and moth were caught and let go chalked up mouse massacre to a subtle disney diss,6954,massacre,Vancouver Canada,0
bmx issues areal flood advisory for shelby al till aug pm cdt,5590,flood,no_location,1
people with a tattoo out there are u allowed to donate blood and receive blood as well or not,1239,blood,"Cairo, Egypt",1
jkl issues hazardous weather outlook hwo wx,6003,hazardous,United States,1
i look like a mass murderer in it,6914,mass murderer,no_location,0
random wind gust just came through gander probably some convection outflow havent heard any thunder yet but a few spits of rain nlwx,9571,thunder,Gander NF,1
during drag me down last night i was screaming shell of a mannequin instead of shell of a man and i think everyone hated me there,8498,screaming,access to njh/5 and cth/4,0
suicide bomber kills in saudi security site mosque via,9156,suicide bomber,"Garden City, NY",1
now i have to go replace my sarcasm meter which just exploded,4944,exploded,Jamaica,0
turn back to me i have rescued you and swept away your sins as though they were clouds isaiah contemporary english version,8135,rescued,no_location,0
colorado movie massacre trial jurors reach verdict on mitigating factors,6959,massacre,Colorado,1
the weatherit needs to make it minds up first snow tornadoes now would you say a heat wave,6065,heat wave,Somewhere out there,1
thanks for the damn heart attack,679,attack,rowyso dallas,0
looks like a mudslide and tastes like rubber oh how i love the bake off britishbakeoff paulhollywood,7159,mudslide,Co. Tyrone Northern Ireland,0
it has crashed so many times the past couple hours,2616,crashed,"52.479722, 62.184971",0
daem girl smooth asf c,977,blaze,no_location,0
what progress we are making in the middle ages they would have burned me now they are content with burning my books sigmund freud,1824,burned,no_location,0
joboozoso usat usatoday nfl michael floyds hand injury shouldnt devalue his fantasy stock,6540,injury,no_location,0
is the train half derailed or half railed deepthoughts,3494,derailed,"Alexandria, VA",1
ud rescue structural collapse scott road ypres road york trucks,8064,rescue,"Toronto, Ontario",1
dorette thats the name of the mudslide cake maker,7169,mudslide,the burrow,0
report corey brewer was drug tested after point explosion,4966,explosion,no_location,1
arent dangling piercing crystals potentially hazardous to the eyes,5995,hazardous,Far Away From Home,0
the guardian view on the hiroshima legacy still in the shadow of the bomb editorial the world longs to cas,1535,bomb,no_location,1
worry about yourself,10006,tsunami,no_location,0
green line service on south side disrupted after cta train derails passengers evacuated,4765,evacuated,"Chicago, IL",1
rt zonewolf i liked a youtube video minecraft night lucky block mod bob apocalypse wither more mo,421,apocalypse,no_location,0
if you fill your mind with encouragement and positivity then it wont take you hostage be careful of your content,6323,hostage,no_location,0
but oh how rich the soil how wonderful the upheaval,10125,upheaval,IG/SC:bjfordiani,0
israeli helicopters that attacked civilians in gaza just completed exercises in greece,709,attacked,MAURITIUS,1
im drowning in spirits to wash you out,4279,drowning,"Virginia, USA",0
what a feat watch the bts of s incredible music video for avalanche,790,avalanche,Canada,0
suspect in latest us theatre attack had psychological issues,680,attack,"Halton, Ontario",1
some of the aftershocks can be just as big as the initial earthquake,4356,earthquake,One World,1
why is there an ambulance right outside my work,279,ambulance,no_location,0
i found a diamond in the rubble,8324,rubble,"Chester, IL",0
us military and nato are fighting talibans too,7111,military,no_location,1
photo of the day storm chaser photography pod,9686,tornado,"Dindigul,TamilNadu.",1
yes i want to be the new blight leader,1151,blight,PSN: Pipbois,0
so derailed benchmark is cool for paths i wonder if i can run it to find leaks in jobs given to resque too,3499,derailed,Toronto,0
illusoria icarus nowplaying check out,9559,thunder,"Enfield, UK",0
stretcher bearers were soldiers whose job was to follow behind the advance and bring the wounded back into their,9033,stretcher,no_location,0
please stand up for bees against profit hungry chemical companies keep the ban savebees sign the petition now,2244,chemical emergency,no_location,0
wolforth with a two out single up the middle fourth hit of the night for altamonte springs,6767,lightning,"Leesburg, FL",0
investigators say a fatal virgin galactic spaceship crash last year was caused by structural failure after the co,9061,structural failure,no_location,1
kick hurricane seriously simple websites looking for a seriously simple program to,6427,hurricane,no_location,1
years ago this week is the anniversary of marilyn monroes death ripriprip,3048,death,no_location,0
the campaign will ferrell and zach galifianakis commit comic mayhem in this hilarious political farce,7026,mayhem,"Pueblo, Colorado",0
rt twit san diego possible sinkhole disrupts trolley service a depression in a portion of asphalt in downtown sa,8676,sinkhole,"San Diego, CA",1
latestnews cnbc cnn the anniversary of the devastation wrought by the first military use of an atomic weapon c,3954,devastation,Seattle,1
need to work in an office i can bang all my fav future jams out loud,6845,loud bang,no_location,0
romantic dramatic but never panic original sensei write rhymes in the attic,7688,panic,"Macon, GA",0
im not home i need to watch screams,8572,screams,no_location,0
trapped in its disappearance,9785,trapped,no_location,0
recently met with the to discuss race relations in america the benefits of rioting loveislove,8252,rioting,NYC,0
hahaha im half traumatised half hoping my labour is that easy,9901,traumatised,Tamworth,0
men fear the feeling of being controlled by a woman or passive aggressively being coerced into commitment before theyre ready,5270,fear,"Largo, MD",0
cameroon repatriated nigerian refugees,8030,refugees,Warri,1
nepal earthquake months on women fear abuse via,4368,earthquake,"Melbourne, Australia",1
its dont panic,7645,panic,Brasil,0
in india people have taken shelter in the relief camps the government has set up after the floods,5664,floods,Australia,1
ohh no fukurodani didnt survive the apocalypse bokuto feels horrible my poor boy my ppor child,397,apocalypse,sindria,1
even the second half has that great greek tragedy laced monologue by charlize coulda been so much more,9732,tragedy,staggering on tenement roofs,0
live updates boyd gets out of trouble in th via,9932,trouble,"Rochester Hills, MI",0
i squeezed a tear famine plague tsunami no chance lego blubber,5109,famine,no_location,0
hey girl you must be toe hobbit part two ghe desolation of smaug because im not interested in seeing you sorry,3637,desolation,no_location,0
the next financial crash the writing is on the wall dont say you werent warned,2568,crash,"21.462446,-158.022017",0
the best thing at dq is the cotton candy blizzard,1207,blizzard,no_location,0
got it last month when i went into the ee shop glad it hasnt blown up yet,1351,blown up,Scotland,0
ironically michele bachmann brought this up in w ron paul everyone blew her off and called hoax she was finally right,1106,blew up,Florida,0
breakingnews rly tragedy in mp some live to recount horror when i saw coaches of my train plunging into wa,9737,tragedy,no_location,1
tv program i saw said us air plane flew to uranium mine in fukushima and attacked by machine gun when student army were digging it,739,attacked,??????????????????,1
california wildfire destroys more homes but crews advance free tool online,10500,wildfire,Worldwide,1
the mf life is a vocal and lyrical bomb saw her live this summer amazing vocalist rt melanie fiona is so slept on,1576,bomb,"Chicago, IL",0
c specially modified to land in a stadium and rescue hostages in iran in,6339,hostages,"Cumming, GA",1
why did god order obliteration of ancient canaanites,7461,obliteration,"kissimmee,fl.",0
ibrahimmisau faan orders evacuation of abandoned aircraft at mma via twitter,4849,evacuation,"US: 44.414510,8.942499",1
sweet lord i collapse as my knees buckle,2333,collapse,In the clouds...,0
check out vintage longaberger floral fabric shoulder cross body bag brown leather strap,1401,body bag,no_location,0
california been shaking catching on fire and overcharging ppl on rent for the past years it aint going nowhere,5345,fire,"Fort Valley,GA/Fayetteville,AR",1
any update on the mcclain injury from todays practice nyg,6565,injury,no_location,0
sb new deepwater horizon oil spill distribution of funds from bp settlement road and bridge projects in bal,7496,oil spill,"Montgomery, AL",1
physical sense helps preserve memories of triple disaster ajw jishin e nuclear minamisoma,7254,nuclear disaster,"New York, NY",1
i agree with to get out vote look at devastation caused firstnations idlenomore cndpoli yyj,3970,devastation,"Victoria, British Columbia",1
okay the cat has been quarantined in my bathroom its meowing really loud but i turned up the tv louder things just might work out okay,7877,quarantined,"Dunwoody, GA",0
good thing there was actually just a legit fire in the mall and nobody evacuated,4802,evacuated,no_location,1
i still have not heard church leaders of kenya coming forward to comment on the accident issue and disciplinary measuresarrestpastornganga,145,accident,"Nairobi, Kenya",0
i just want everyone to know that emilee was worried i was getting a milkshake when we were supposed to evacuate,4757,evacuate,FSC '19,1
fuck sleeping with sirens,8801,sirens,"Nomad, USA",0
lmao but real live you should go,641,arsonist,no_location,0
quoted here cnn purported isis video threatens croatian hostage,6299,hostage,no_location,1
housing starts explode to new heights,4869,explode,"Williamsburg, VA",0
rainstorm destroys houses in yobe state,7955,rainstorm,"Port Harcourt, Nigeria",1
motors hot deals x w v v led work light flood lamp tractor truck suv utv a,5582,flood,USA,0
nissan are you ok do you need medical assistance i can call an ambulance if you need me to,267,ambulance,"Williamstown, VT",0
what this man did to save a drowning squirrel is absolutely incredible,4293,drowning,no_location,0
i have a rising follower graph more followers in the past week get your stats right here,5501,flames,? Jet Life ?,0
mortal kombat fatalities are so gross but interesting,5183,fatalities,jersey,0
years after hiroshima and nagasaki consequences of a nuclear detonation,3895,detonation,Geneva,1
smh photographer wolter peeters was on the front line with nsw rural fire service crews la,2000,bush fires,"Sydney, Australia",1
new free porn clip taking of hostages dangerous for favors free rt adult sex tube,6370,hostages,no_location,0
the ol meltdown victory for the mets,7050,meltdown,"Cleveland, OH",1
isnt it ironic that on the anniversary of hiroshima our current president is helping a terrorist nation acquire nuclear weapons traitor,9538,terrorist,Charleston S.C.,1
jamie is too traumatised to answer,9864,traumatised,Sweden,0
jacksonville fire rescue engine awesome truck official jade fl via,5409,fire truck,no_location,1
sinkhole swallows brooklyn intersection video,8669,sinkhole,no_location,1
pizza drought is over i just couldnt anymore,4127,drought,Meereen,0
does that great iran deal cover bioterrorism you got cut off terrible of them keep up the good work,886,bioterrorism,no_location,1
hazard hazardous condition at sb i fwy at sw terwilliger blvd portland or portland police pp pdx,6027,hazardous,"Portland, OR",1
hello calgary important news please be advised,4571,emergency plan,Calgary,1
property losses from northern california wildfire nearly double via,5776,forest fires,Based in CA - Serve Nationwide,1
forgive me if i was a bit testy have been deluged with hatred have lost patience,3245,deluged,"Los Angeles, CA",0
get free bets when you register at boylesports casino luck destroy,3667,destroy,no_location,0
i think ill get obliterated tonight,7444,obliterated,no_location,0
longest streak of triple digit heat since forecast in dallas an unrelenting and dangerous heat wave will,6072,heat wave,"Oklahoma City, OK",1
major rainstorm happening im gonna lie down and drift away to the storming around me for a little while bebacksoon,7929,rainstorm,music.,1
iembot hfo at am nnw hana maui co hi county official reports coastal flood,5586,flood,Hawaii USA,1
gbbo the difference between paul and mary my dears paul it looks like a mudslide mary i have a feeling its going to taste great,7168,mudslide,London,0
out of stars by reviewers for dragon blood boxset by lindsay buroker kindle,1235,blood,no_location,0
hat russian soviet army kgb military cossack ushanka link,7109,military,no_location,0
head it hit the wall behind him with a loud bang language drake shouted at him before getting up im going out stay,6806,loud bang,Why should you know?,1
japan marks th anniversary of hiroshima atomic bombing generalnews,1670,bombing,United States,1
an eau claire man who police said was drunk when his suv collided with a train was sentenced in chippewa county,2467,collided,"Eau Claire, Wisconsin",1
flooding kills displace over one million in pakistan daily news analysis yugvani,5622,flooding,no_location,1
the first time i went swiming in it i was basically screaming why does it smell taste so bad,8505,screaming,Massachusetts,0
get a load of this welfare loving sponge a blight on society,1139,blight,Daruka (near Tamworth) NSW,0
todays storm will pass let tomorrows light greet you with a kiss bask in this loving warmth let your soul return to bliss,8989,storm,no_location,1
fears over missing migrants in med rescuers search for survivors after a boat carrying as many as migrant,8182,rescuers,no_location,1
people who try to j walk while an ambulance is passing i hate you,294,ambulance,"Davidson, NC",0
so happy to be exercised of the demon of price kept rising service kept sinking goodbye,8720,sinking,"Sacramento, CA",0
congratulations on capturing a besieged city after months of indiscriminate bombing by land air,1637,bombing,no_location,1
new isis video isis threatens to behead croatian hostage within hours tlvfaces tlvfacesauspol,6328,hostage,Australia,1
hillary mass murderer,6920,mass murderer,"Haysville, KS",1
i read about that break for hours before twitter noticed it and i though that is nothing to worry about bc twitter wasnt exploded bc of it,4929,exploded,no_location,0
it was past curfew and we were at the grove,2773,curfew,urÌ£nus,0
greeces tax revenues collapse as debt crisis continues,2350,collapse,Behind The Obama Curtain,1
th anniversary of hiroshima atomic bombing marked,1647,bombing,no_location,1
im in bed eating a twister and drinking a cup of tea i am not dunking the twister in the tea that would be well weird,10021,twister,London,0
dk eyewitness travel guide chicago by dorling kindersley publishing staff travel books ebay auctions you s,5050,eyewitness,no_location,0
today august th is the th anniversary of a bomb little boy been dropped on hiroshima killed outright as the city was flattened,5524,flattened,UK,1
she said a few months but i get a curfew for out time smfh,2777,curfew,A.A.S my Aztec Princess,0
couple storms near guthrie ok leaving norman for an evening lightning op okwx,6757,lightning,"Norman, Oklahoma",1
ronda rousey would be close to making floyd mayweathers money in fights bloody elbow boxing,1305,bloody,Las Vegas,0
the good thing is that the royals wont face a newbie in the playoffs no real reason to panic,7668,panic,"Topeka, KS",0
smoke ave streets hottest youngins,8862,smoke,no_location,0
afterwards i had to be alone for an hour to savour and prolong the almost physical intensity of the feelings that deluged me y sigue,3249,deluged,balvanera,0
only shadowman can save the big easy from a deluge of supernatural monstrosities read free,3190,deluge,"Atlanta, Ga",0
kca votejkt id duckvillelol burning flips the table and says screw this lets hit some buildings grabs a dr,1939,burning buildings,no_location,0
nine giant body sized garbage bags later im just going to start throwing things away moving k expertwhiner,1505,body bags,no_location,0
who is bringing the tornadoes and floods who is bringing the climate change god is after america he is plaguing her farrakhan quote,5662,floods,no_location,0
all i got in this world is my bros i dont wanna see no harm come they way ima lil upset right now,5922,harm,The South & WestCoast,0
bloor ossington arsonist also burned a mattress on northumberland st cbcto,609,arsonist,toronto,0
ill be devastated if its cain such a great character,3944,devastated,no_location,0
we are now prepared to obliterate more rapidly and completely every productive enterprise the japanese have above ground in any city,7393,obliterate,London,0
how many baskets did a charming fatality by get mystery paranormal,5231,fatality,no_location,0
of the british upper class and his manservant the pampered wealthy brit causes a catastrophic shift reversal of,2181,catastrophic,New York,0
cruise industry supports mass murder of whales in faroe islands everything the cont,6864,mass murder,no_location,1
a grade in black horse famine mega score dynamix,5088,famine,no_location,0
pls can alllll the nittys evacuate stockwell,4729,evacuate,no_location,0
bamenda floods kill animals birds,5686,floods,Cameroon,1
i liked a video minecraft night lucky block mod bob apocalypse wither more mod showcase,445,apocalypse,no_location,0
im sorry but im out,5120,fatal,Somewhere with Clyde,0
three people were killed when a severe rainstorm in the italian alps caused a landslide,7918,rainstorm,United States of America,1
nhs england announces new plan to meet emergency care targets,4567,emergency plan,Surrey & Manchester,0
new post chinas stock market crash are there gems in the rubble,8335,rubble,"Portland, OR",0
bakeofffriends the one with the mudslide,7185,mudslide,no_location,0
siren test complete the test has concluded,8782,siren,no_location,0
county overload prompts use of emergency plan during july celebrations,4596,emergency plan,"Augusta, GA",0
emergency flow mp rar,4503,emergency,no_location,1
love skiing,33,missing,no_location,0
pt the unit attacked by is was responsible for targeting muslim scholars and imprisoning the youth,714,attacked,no_location,1
last second ebay bid rt shaolin rescuers dvd shen chan nan chiang five venoms kung fu please favori,8165,rescuers,no_location,0
im just devastated that when it ends i will no longer see tyler blackburns face on pll xxx,3899,devastated,Manchester,0
bridge collapse not natural calamity but man made mpp lambasts congress kanglaonline yugvani,1686,bridge collapse,PROUD INDIANS,1
of newport a big thanks for the emergency run to pick jackie up from bristol temple messages much appreciated,4543,emergency,no_location,1
like gg was bad in the end but at least i cared a little when gg was dan cause it was a twister i dont know wilden idc,10041,twister,"Lisbon, Portugal",0
bradford back to doing what we do best burning down our own buildings read it and weep leeds,1755,buildings burning,no_location,1
years ago today hiroshima was the first nuclear atomic bomb leaving a major disaster in the wake,7289,nuclear disaster,Under Santa Barbara Skies,1
this past week has been an absolute whirlwind athens bound,10433,whirlwind,Atlanta - FAU class of '18,1
that exploded brought about the beginning of universe matches whats mentioned in the versethe heaven and earth thus the universe,4931,exploded,no_location,0
the game has officially collapsed,2387,collapsed,I'm standing behind you,0
why does my phone electrocute me when its charging,4424,electrocute,no_location,0
noel back up,9919,trouble,no_location,0
thank you for supporting the president the irandeal takes nuclear weapons out of the hands of iran and keeps everyone safer,10359,weapons,california | oregon | peru |,0
solitude fire update august solitude wildfire summary this lightning caused fire is being utfire,10519,wildfire,no_location,1
mega bloody marvellous,1315,bloody,Christchurch New Zealand,0
sirensicebreaker what is one fantasy work about a diverse heroine that you think everyone should read,8808,sirens,"Denver, CO",0
no im not im saying that theyre lucky they can go home to their families not put in a body bag,1425,body bag,no_location,0
julie r is the apocalypse version of romeo juliet warmbodies,412,apocalypse,Oakland,0
ahh youre bomb baby,1558,bomb,no_location,0
flat footballs more like he flattened the spartans from crushing them back in the day hail,5558,flattened,"East Lansing, MI",0
gods kingdom heavenly govt will rule over all people on the earth after armageddon,472,armageddon,Worldwide,0
ah i remember those days in a snowstorm too,8926,snowstorm,no_location,1
looks like a perfect storm free evening coming up check out the outdoor happenings featured at eventspalmbeach,8959,storm,"West Palm Beach, Florida",1
patriot survival guide do you know how survive when the governments collapse or other natural disaster happens,7236,natural disaster,no_location,1
idfire cherokee road and road three sisters wildfire there are two roads closed to the general public,10525,wildfire,no_location,1
guys these bitches aint famine then,5062,famine,Florida but I wanna be n Texas,0
i added a video to a playlist gta funny moments obliteration gta online funny moments,7477,obliteration,no_location,0
panic over patient in alabama tests negative for ebola,7670,panic,"Palm Bay, FL (Kissimmee)",1
the economy continues to collapse,2352,collapse,United States,1
evacuation order lifted for town of roosevelt washington times,4795,evacuated,Breaking News,1
plot in the futurea totalitarian government employs a force known as firemen to seek out and destroy all literature,3652,destroy,"San Diego, CA",0
uber reduces drunk driving fatalities says independent study,5198,fatalities,Vancouver BC,0
hello wud u kindly consider following me bak please im never any trouble lol many thanks,9944,trouble,Wolverhampton,0
cdcwhistleblower deaths from measles complications in yrs everyone looses their shit dead from legionnaires in a month crickets,3062,deaths,no_location,1
sake of argsuppose pre born has attained individl rights generally courtof law forbids killing unless dead person did something,2957,dead,no_location,0
at least they arent burning buildings and looting stores,1767,buildings burning,no_location,0
help yourself or those you love who suffer from self esteem wounds you can today,10655,wounds,"Rutherfordton, NC",0
scseestapreparando light mag earthquake km sw of khuzdar pakistan on wednes via,4363,earthquake,TÌÁchira - Venezuela,1
i saw two great punk bands making original music last week check em out here,770,avalanche,South Central Wales,0
petition heartless owner that whipped horse until it collapsed is told he can keep his animal act now,2379,collapsed,USA,0
pm hazardous weather outlook no hazardous weather is expected at this time,6002,hazardous,"Gainesville, FL",0
but now skyrim awaits to be rescued again,8105,rescued,The Multiverse,0
new fashion ladies gold watch waterproof weiqin famous brand michel quartz de lujo ca,3873,detonation,New York,0
kayla is about to electrocute herself,4435,electrocute,"Kutztown, PA",0
yup still hasnt sunk in,9262,sunk,"Gaborone, Botswana",0
truck driver salvages banned tomatoes from destruction on russian border news,3761,destruction,Moscow,0
i waited hours to get a cab my feet are bleeding,1051,bleeding,no_location,1
severe thunderstorm pictures from across the mid south,9646,thunderstorm,"Memphis, TN",1
i hope they fall off a cliff,2277,cliff fall,no_location,0
selfie at booth or riot kappa,8211,riot,no_location,1
a person who blows himself up to kill others has no life in heaven because his ethereal body gets destroyed by doing it,3730,destroyed,"BodÌü, Norge",0
chiasson sens cant come to deal coloradoavalanche avalanche,779,avalanche,"Denver, CO",1
earthquake occurred km e of anchorage alaska at utc earthquake anchorage,4359,earthquake,Earth,1
very glad that you got obliterated in x men first class you fully deserved it after all soz,7439,obliterated,leyland,0
your bf gf crush,2657,crush,no_location,1
saved us bush lowered tax rate for wealthy n economy collapsed w middle class ks destroyed,2356,collapsed,USA,0
i just checked in at on fire on lovefood,5353,fire,"Sydney, Australia",1
true because of the truck that caught fire,5383,fire truck,lost in my thoughts,1
children in myanmar face a double catastrophe as floods hit the most,5695,floods,no_location,1
meltdown mwednesday,7052,meltdown,Hustletown,1
if the taken movies took place in india vine by,3567,desolate,no_location,0
pandemonium use to be my fav cd i had to get it,7611,pandemonium,The P (South Philly),1
yo flex im here,786,avalanche,Buy Give Me My Money,0
emergency harbor city mod v chemical fire in residential area via,2248,chemical emergency,no_location,1
the finnish hip hop pioneer paleface will be rescued from a drifting raft and brought into the container later enkelbiljett menolippu,8109,rescued,Bournemouth,0
california is burning gov jerry brown told reporters at a press conference that california is experiencing,1915,burning,http://www.amazon.com/dp/B00HR,1
things all affiliate marketers need to survive online every affiliate marketer is always,9309,survive,no_location,0
so now that di maria has left my dear mufc back to the hazard di maria argument id say hazard is way better idc,5952,hazard,"Giddy, Greenland",0
my favorite lady came to our volunteer meeting hopefully joining her youth collision and i am excite,2538,collision,no_location,1
saving babies from burning buildings soaking cake in a shit tonne of alcohol mat is a man after my own heart gbbo,1766,buildings burning,"Leeds, England",0
i feel like if mkayla and cee ever got in the same room everyone should evacuate because it would be so petty and childish i couldnt deal,4711,evacuate,no_location,1
the debris found on reunion island was from flight mh the mystery behind that plane disappearance could be better than any novel,3117,debris,In the Shadows,1
going back to gainesville will be the death of me,3012,death,"Buenos Aires, Argentina",1
education is the most powerful weapon which you can use to change the world nelson mandela quote,10323,weapon,"Manchester, England",0
frickin summer and its humidity building up and causing trouble,9950,trouble,no_location,0
learning from the most destructive volcanic event in u s history thirty five years later,2177,catastrophic,"New York, NY",1
camera art photography new bolt cyclone dr pp dr dual outlet power pack for external camera flash,2808,cyclone,USA,0
also pls help us w our campaign to warn the public about the hazardous keratin treatments the brazilian blowout copycats,6004,hazardous,"Muntinlupa City, Philippines",0
wo pic of yr old pkk suicide bomber who detonated bomb in turkey army trench released,9126,suicide bomb,no_location,1
inciweb or update rogue river siskiyou national forest fires pm rogue river siskiyou nf area,5777,forest fires,"Portland, Oregon",1
pagasa am yellow warning panay island guimaras negros possible floods in low lying areas landslides in mountainous areas,5689,floods,Philippines,1
thunderstorms with little rain expected in central california high fire danger weather cawx,2943,danger,"San Jose, CA",1
the girls next to me screamed what the fuck is a chonce im cryibg,8454,screamed,ljp/4,0
horrific attack on wife by muslim in italy liveleak news,657,attack,Freeport IL. USA,1
nah man hes panicking he just found out his brothers had it off with his now wife debbie is in hospital hes stressed,7719,panicking,no_location,0
its been years and one hour since the bombing of hiroshima lets take this time to remember,1632,bombing,Shipwreck Cove,1
fire burning on pendleton has burned acres smoke reported drifting over temecula,1822,burned,San Diego CA,1
the first man gets the oyster the second man gets the shell andrew carnegie,194,aftershock,304,0
electricity cant stop scofield nigga survived a hotbox in sona,9350,survived,"Harlem, NY or Chocolate City",0
dead injured in head on collision on kenai spur highway,2516,collision,Oregon,1
am bbcnews the ass british insurers says rioting will cost insurers millions but police numbers are reduced by blind fat controllers,8289,rioting,A little house in the outback.,1
fedex not willing to transport research specimens of potential bioterror pathogens in wake of anthrax lab mishaps,846,bioterror,Memphis,1
hahaha great song spent years getting loaded years till his liver exploded now whats bob going to do now that he,4958,exploded,no_location,0
accident property damage piner rd horndale dr,131,accident,"Wilmington, NC",1
no snowflake in an avalanche ever feels responsible,795,avalanche,"Danville, VA",0
my feed seems to have a deluge once or twice during the week its fantastic,3155,deluge,CT ? NYC,0
reminder mass murderer and white supremacist anders breivik was also unsurprisingly an anti feminist,6921,mass murderer,"Eww, I'm not Paul Elam",1
downtown emergency service center is hiring a chemical dependency counselor or intern apply now seattle jobs,2237,chemical emergency,"Seattle, Washington",0
each time we try we always end up sinking,8740,sinking,hey Georgia,0
know them recognize them then obliterate them gym gymflow gymtime team assassins,7369,obliterate,UK,0
jumps off of a cliff while drinking tea this is how british people fall off cliffs,2297,cliff fall,DRAW A CIRCLE THAT'S THE EARTH,0
captain abbott must go down with lnp boat refugees christianvalues,8031,refugees,Melbourne Australia,0
governor allows parole for california school bus hijacker fresno,6222,hijacker,"Fresno, California",1
practice your families fire escape plan so everyone knows what to do in case of an emergency,4579,emergency plan,North Hastings Ontario,0
nasa modis image dust storm over morocco and the straits of gibraltar duststorm,4301,dust storm,"El Paso, Texas",1
ssp east says a car aeg driven by a young man collided with akrams carhot words were exchanged n he did firing in air bullet hit tyre,2483,collided,Pakistan,1
tomorrows going to be a year since i went to the panic concert dressed as afycso ryan do u guys remember that,7687,panic,Toronto,1
ate mataas kc rating but they did not think on doing like this they destroy the story along with the ratings,3696,destroy,no_location,0
news bin laden family plane crashed after avoiding microlight and landing too far down runway,2631,crashed,no_location,1
the president spoke of kennedys diplomacy to avert nuclear disaster during the cold war to bolster his own pitch for congress approval,7286,nuclear disaster,no_location,1
im all for that to be honest if people want to go on a rampage let them use their own hands and feet no casualties,2017,casualties,Canadian bread,0
hi david in i saw the usa walk into a war that destroyed the lives of millions you can prevent a repeat irandeal,3737,destroyed,no_location,1
a laois girl advertised for a new friend to replace her loved up bff and has been inundated,6585,inundated,Ireland,0
explosion at chemical site leads to building collapse near krefeld germany emergency crews on scene avoid the area ijetalerts,2222,chemical emergency,"Annapolis, MD",1
i crashed my car into a parked car the other day modestmouseremix truestory,2645,crashed,no_location,0
who then were annihilated by the legion itself the survivors of the imperfect hybrid project quickly formed a new secret cell,336,annihilated,no_location,0
man killed in crash in barrington hills a hoffman estates man was killed in a single car crash wednesday afte,2598,crash,no_location,1
a fierce windstorm cant take place without da calm stillness of the eye center so w that said ur internal aspects weigh more than external,10567,windstorm,no_location,0
trump can say nice things about nuclear power but drill baby drill agw denial policy disaster for nuclear power,7275,nuclear disaster,"Sacramento, California",0
i just remember us driving and singing collide together,2417,collide,no_location,0
bush fires are scary even scarier when you go down and fight them,1992,bush fires,somewhere outside,1
how about a book describing the future of therapies technologies sport sexuality bioterrorism and diagnosis digitalhealth hcsm,911,bioterrorism,"Budapest, Hungary",0
and flattened raynor raynor was a balding imperfect biker marine not a emo generic western hero,5545,flattened,Le Memenet,0
just order a blizzard pay then put your nuts in it say they have you ball flavored boom free ice cream,1185,blizzard,columbus ohio,0
sometimes you face difficulties not because youre doing something wrong but because youre doing something right joel osteen,180,aftershock,304,0
tt kettlebell upheaval blueprint over chris lopez hindsight jhmnye,10126,upheaval,no_location,0
i added a video to a playlist doc volcanoes and earthquakes inside the volcano,10236,volcano,Santiago de Cmpostela Galicia,1
what like a pipe made of peanut butter or a pipe you can smoke peanut butter out of,8854,smoke,no_location,0
hundreds of migrants feared drowned off libya migrants stand next to their tent at a camp set near calais,4243,drowned,India,1
pakistannews nankana sahib city news electrocuted from our correspondent nankana sahib a youth was electr,4488,electrocuted,Karachi Pakistan,1
why is church media and media silent when papicongress has demolished the house of a journo in uk,3319,demolished,no_location,1
yr old boy pic pkk suicide bomber who detonated bomb in turkey army trench,9139,suicide bomb,Nigeria,1
some good info to help first responders cope individual resilience factsheet for responders,5449,first responders,"Washington, DC",0
if you dont have anything nice to say you can come sit with me,612,arsonist,America,0
fascinating pics from inside north korea not propaganda not devastation just people living life,3989,devastation,Washington DC,0
i liked a video from gta suicide sticky bomber gta online funny moments,9182,suicide bomber,no_location,0
deepak chopras epic twitter meltdown,7048,meltdown,no_location,0
welovela nhlducks avalanche defense how they match vs st louis blues sportsroadhouse,746,avalanche,Los Angeles,0
rescuers recover body of year old calgary man from lake near vulcan,8189,rescuers,"Paris, France",1
experts leave lab as malaysia confirms debris is from mh,3136,debris,"Berlin, Germany",1
it looks like a mudslide and gbbo is back with a belter,7147,mudslide,"Ealing, London",1
hw going dude was keeping up with me took the same exit pulled to the side and told me he blew his motor lolol fast furious,1091,blew up,Seattle,0
breaking obama declares disaster for typhoon devastated saipan obama signs disaster declarat acenewsdesk,10058,typhoon,no_location,1
tonight is being quite interesting a few minutes ago the fire system went off and we had to evacuate the building,4755,evacuate,//??//,1
krefeld the incident happened in a chemical industry park emergency operations underway a building reportly collapsed,2215,chemical emergency,Welt,1
soultech collide club mix,2423,collide,planeta H2o,0
noooooooo proceeds to fall off a cliff,2255,cliff fall,no_location,0
except when ordered not to carry unauthorized weapons while on duty or in military uniforms thats the rule fool,10355,weapons,no_location,1
mama im still thugging the world is a war zone,10264,war zone,no_location,0
discovered plane debris is from missing malaysia airlines flight time,3107,debris,772 Temperance Permenence,1
can you recommend anyone for this job rn emergency services full time p a rose de lima campus hiring,4625,emergency services,"Nevada, USA",0
just absolutely obliterated a moth my new purchase is boss,7443,obliterated,don't buy the s*n,0
i blew up oomf instagrams cause shes cute and shes an active follower,1081,blew up,no_location,0
the date for the release of ep desolation is set stay tuned for more info while we finalise the schedule alt electro rock comingsoon,3602,desolation,"Birmingham, UK",1
yr old pkk suicide bomber who detonated bomb in turkey army trench released,9120,suicide bomb,lagos. Unilag,1
cause were on fire we are on fire were on fire now yeah were on fire we are on fire were on fire nowwwwww,5319,fire,2 high 2 come down,1
im an emotional wreck right now,10708,wreck,no_location,0
when the last tree is cut down the last fish eaten and the last stream poisoned you will realize that you,2915,danger,Killarney,0
jays rocking mlb just bombed one out of rogers centre play offs r ahead for the bluejays bell moseby and barfield r back,1579,bombed,"Dundas, Ontario",0
but time began at last to obliterate the freshness of my alarm,7390,obliterate,no_location,0
frontpage bioterror lab faced secret sanctions rickperry doesnt make the cut for gopdebate,842,bioterror,"Manhattan, NY",0
west valley i n us s i n con trfc collision unkn inj,2535,collision,"Los Angeles, CA",1
waking up sick with a rainstorm outside would usually make me sad not today though put some the kooks on the stereo and lets do this,7950,rainstorm,"Porto Alegre, Rio Grande do Sul",0
shes a suicide bomb,9106,suicide bomb,dorito land,0
suicide bomber hits saudi mosque,9162,suicide bomber,United States,1
rly tragedy in mp some live to recount horror when i saw coaches of my train plunging into water i called,9716,tragedy,no_location,1
my dad a screaming coach always gave his vocal chords quite the workout on the field funnydadcoach,8516,screaming,Pittsburgh,0
this is set to become a huge one month wonder and then pornhub will be inundated,6624,inundated,"San Jose, CA, USA",1
if its a war you came to see you will never see a waved white flag in front me i cant end up dead i wont be misled,2974,dead,somewhere in Portugal,0
kai forbath just demolished a weather station set up on a drill field with a missed field goal thing just exploded into metal bits,4945,exploded,zboyer@washingtontimes.com,1
watching a man electrocuted on the roof of mumbailocals is definitely a lesson people please learn lessonforlife marinelines mumbai,4490,electrocuted,"Mumbai, Maharashtra",1
it got derailed outside grimrail depot,3468,derailed,"Anchorage, AK",1
calgarians stunned by storm insurance companies busy handling calls abstorm,8972,storm,Alberta,1
womens buckle casual stylish shoulder handbags pockets cross body bags green,1484,body bags,United Kingdom,0
i liked a video romanatwoodvlogs rescued sick kittens,8112,rescued,no_location,0
i dont get waves of missing you anymore theyre more like tsunami tides in my eyes,9995,tsunami,"Gotham City,USA",0
savings and sewing in guatemala savings and sewing in guatemala when a natural disaster hit seamstress elvia,7235,natural disaster,Guatemala,1
lets see how good you are at soccer when youre bleeding out yo face,1070,bleeding,AEP,0
you fucking better berlatsky if i dont win this fucking thing in a landslide im holding you personally fucking responsible,6655,landslide,no_location,0
large sinkhole swallows entire pond in lowndes county georgia large sinkhole occasion b,8647,sinkhole,Above the snake line - #YoNews,1
am i hearing thunder or trucks,9562,thunder,"Atlanta, GA",0
the global economic meltdown is out stories via,7063,meltdown,#partsunknown,1
it still hasnt sunk in that ive actually met my idol,9264,sunk,"London, England",0
read a schoolboys eyewitness account of hiroshima,5035,eyewitness,india,1
fedex no longer to transport bioterror germs in wake of anthrax lab mishaps via,834,bioterror,"West Virginia, USA",1
screams where is everyone oh wait school ok im ok,8580,screams,lost in history,0
reddit will now quarantine offensive content,7799,quarantine,PA,0
nbanews soudelor typhoon soudelor is taking dead aim at taiwan and is expected to make landfall friday according to the joint typhoon,10079,typhoon,no_location,1
man goes into airplane engine accident via,204,airplane accident,"Jaipur, India",1
cartoon bears without them we would qave no knowlddge of forest fires or toilet paper,5748,forest fires,no_location,0
good to hear its back that storms been given you guys trouble though sj,9916,trouble,Canada,1
stupid women nearly collided into me today after she came out of a junction not looking still kept coming towards me till i beep my horn,2482,collided,no_location,1
what would your city look like if it had been the subject of the hiroshima bombing hint devastation beyondthebomb,3984,devastation,EVERYWHERE,1
on the flip side im at walmart and there is a bomb and everyone had to evacuate so stay tuned if i blow up or not,10864,missing,no_location,1
damage to school bus on in multi car crash breaking,20,missing,no_location,1
if plan a does not work dont panic bc there are more letters i like this but feel like i may be running out of letters thoughts,7657,panic,"Charleston, IL",0
im blazing rn and theres nothing you can do to stop me,1005,blazing,no_location,0
lmaov v hard the ny is the the new trend babalmao welcome to nyozi kwaaaaadead,2984,dead,"ÌÏT: -26.695807,27.837865",0
trauma injuries involving kids and sport usually cycling related director trauma ns ns,6528,injuries,"Moncton, New Brunswick",1
i liked a video boeing takeoff in snowstorm hd cockpit view atc audio episode,8934,snowstorm,Porthcawl,1
still uninvestigated after years did the u s help incite the indonesia massacre,6960,massacre,"Kingston, Jamaica",1
i added a video to a playlist panic at the disco girls girls boys official video,7659,panic,Narnia,0
rt the person who dances with you in the rain will most likely walk with you in the storm anonymous,8955,storm,nor*cal,0
longest streak of triple digit heat since forecast in dallas,6078,heat wave,no_location,1
high priority severe thunderstorm watch ended issued for lethbridge updated aug th mdt,9650,thunderstorm,"Lethbridge, Alberta, Canada",1
the year is and the national society of meme preservation has opened the first museum where memes and their origins are displaced,4061,displaced,Seattle,0
court back in session testimony continues with med examiner discussing gunshot wounds kerricktrial,10675,wounds,North Carolina,0
new job opening at downtown emergency service center in seattle chemical dependency counselor or intern jobs,2220,chemical emergency,"Seattle, Washington",0
m utc km nnw of lake henshaw california,4381,earthquake,no_location,1
california meets drought fueled fire season with extra crews related articles,4138,drought,Philadelphia,1
shot through the heart xv you are going to totally give love a bad name with this heart pierc,436,apocalypse,no_location,0
why marijuana is critical for research in treating ptsd hempoil cannabis marijuana,9833,trauma,The Jewfnited State,0
global precipitation measurement satellite captures d image of typhoon soudelor,10076,typhoon,"Houston, TX",1
and i thought my surgical wounds were healed this weather aint helping either,10666,wounds,Cape Town,0
i liked a video from mortal kombat x pc gameplay fatalities x rays mkx,5199,fatalities,no_location,0
id worked so hard to get to that level that i wasnt going to let the injury define me i was going to define it cool,6545,injury,Peru,0
new illustration for the l a times illustration subway,3471,derailed,"Chicago, IL",0
coppednews haunting memories drawn by survivors,9403,survivors,no_location,1
uhhhhh demon hunters but not the whole burning crusade v thing,1900,burning,"Paradise, NV",0
detonate feat m o p from grandeur by apollo brown,3833,detonate,back in japan ??????????,0
luke microphone exploded ovaries,4938,exploded,lrhcthband;four - bournemouth,0
beastin tapas this evening with some good folk funtimes demolished,3303,demolished,Shrewsbury,0
on the bright side i wrecked,10826,wrecked,TN,0
both kids got haircuts w minimal trauma clearly that calls for wine,9835,trauma,"Minneapolis, MN",0
what is the role of usg in paeds major trauma imaging decision tool foamed foamcc,9842,trauma,no_location,0
so many youtube commenters saying the dothraki would get crushed if they came to westeros nah bro you underestimate the dothraki,2743,crushed,no_location,1
can we have a public vote for the next annual village disaster i want an isis strike or a nuclear accident end this forever,7264,nuclear disaster,"Ashford, Kent, United Kingdom",1
a memorial to the millions who perished in the holodomor has been erected in the u s capital,5073,famine,"Washington, D.C.",1
i spent minutes lifting weights calories burned loseit,1847,burned,Chicago,0
more like blown up amirite,1371,blown up,London/Outlaw Country,0
i got drowned like times in the damn game today,4237,drowned,no_location,1
misfit got bombed,1628,bombed,MA,0
see u the night wee barra to get absolutely wrecked,10822,wrecked,Glasgow,0
are you another stand user if you are i will have to detonate you with my killer queen,3798,detonate,"Morioh, Japan",0
somebody get the doctor im feelin pretty poor somebody get the stretcher before i hit the floor,8992,stretcher,CamaquÌ£/Pelotas,0
breaking authorities have issued new mandatory evacuation notices for homes to the north of the fire in roosevelt wa,4813,evacuation,"Portland, Oregon",1
and is the car that derailed a series by chance they used to have issues w wheel climbing re mt vern sq derailment,3482,derailed,"Washington, DC & Charlotte, NC",1
breaking news global precipitation measurement satellite captures d image of typhoon soudelor,10066,typhoon,USA,1
officials alabama home quarantined over possible ebola case,7852,quarantined,San Francisco,1
peel police say male cyclist struck near southdown road and royal windsor drive in mississauga serious but non life threatening injuries,6501,injuries,Toronto,1
too slow report the sinking boat in the mediterranean sea what a shame,8710,sinking,Canada,1
the last few days of summer are supposed to be the most fun so whats more fun then accidentally burning arm hair while playing w a lighter,1920,burning,no_location,0
bg so far brunt of storm just to our north grayed out w dust rain to n blue sky interspersed w clouds to s,4298,dust storm,Idaho,0
flood disaster burst water pipe floods apartments at nycha senior center ny ny burst water pipe floods a,5650,flooding,Global-NoLocation,1
i love fruits,24,missing,no_location,0
pakistan air ambulance helicopter crash kills nine,266,ambulance,no_location,1
canceling deal for warships france agrees to repay russia via,2094,casualty,"Washington, D.C.",0
lava blast dan power red pantherattack,6731,lava,"Bandar Lampung, Indonesia",1
isai psm every conspiracy against my lifting be scattered unto desolation in the name o f jesus,3610,desolation,Lagos Nigeria,0
its cold and my head wants to explode the joys of working from home im going back to bed peace out,4877,explode,Australia,0
abc onlinemh aircraft debris found on la reunion is from missing malaysia airlines abc onlinea piece of aircraft debris which,3141,debris,World news,1
burning buildings media outrage,1761,buildings burning,"New Orleans ,Louisiana",1
secrets up avalanche catechize inner self for the confidential communication as respects creating worth in len,763,avalanche,no_location,0
as you can imagine were inundated with requests each week for samples as much as wed love to be able to send sweets,6627,inundated,Pontefract UK,1
warne ponting shocked by australian collapse yahoo cricket india,2309,collapse,"Kolkata, India",0
step one get that mass murderers portrait off the yuan,6925,mass murderer,"Huntsville, AL",0
motogp indianapolis espargaro layout worries me a little,2555,crash,no_location,0
pic of yr old pkk suicide bomber who detonated bomb in turkey army trench released,9096,suicide bomb,"London/Lagos/FL ÌÏT: 6.6200132,",1
us wants future first responders to be more high tech,5439,first responders,Aberdeenshire,0
what is happening we hear there is runway lighting damage by a contractor,2879,damage,no_location,1
be ember aware,10499,wildfire,"Ashland, Oregon",1
turkish newlyweds donate wedding money what a beautiful gesture still have faith in humanity,8012,refugees,"Aurora, Ontario",0
naaa i bee dead like a legit zombie i feel every sore part in my body,2960,dead,"Orlando, FL",0
new nanotech device will be able to target and destroy blood clots,256,ambulance,"Cambridge, MA",0
they are the real heroes rip brave hearts,7025,mayhem,"Manavadar, Gujarat",0
im feeling so attacked,704,attacked,1/3 of the blam squad,0
metro still doesnt know when blue orange lines will reopen empty passenger car derailed a m not a new series wmata,3476,derailed,"Washington, DC",1
what the hell is wrong with people communication rule with an iron fist ticket to disaster cant swing one day and not the next,4030,disaster,"Fort Worth, Texas",0
why charlie lim start at pm on this sunday i have curfew leh,2801,curfew,no_location,0
most respected in world best job recovery g and g best led during world meltdown what exactly have you done,7065,meltdown,Proudly frozen Canuck eh !!,0
real hip hop apollo brown feat m o p detonate jtw,3816,detonate,"Ottawa,Ontario Canada",0
i think the mudslide cake lady will go and the hipster will unfortunately stay,7150,mudslide,"Edinburgh, Scotland",0
owner of chicago area gay bar admits to arson scheme lgbt,563,arson,"Milwaukee, WI",0
seeing that army of whitewalkers was the very first thing that has slightly intrigued me on got so far,504,army,twitch.tv/naturalemblem26,0
fire destroys two buildings on nd street in manchester,1775,buildings on fire,"Manchester, NH",1
seconds of summer is my pick for fan army sosfam,499,army,no_location,0
oh teamhennessy nj obliteration round happy birthday colombian festival,7453,obliteration,"Elizabeth, NJ",0
nuclear deal disaster irandeal nonucleariran badirandeal,7250,nuclear disaster,no_location,0
why wasnt this warship sunk cnn first on cnn iranian warship points weapon at u s helicopter official says,9242,sunk,mainly California,1
i liked a video eminem feat nate dogg till i collapse,2327,collapse,no_location,0
always gotta ruin my mood,8352,ruin,no_location,0
casualty team ice cream recall sends chill through food industry,2075,casualty,"Toledo, OH",0
the seven seas wreck of the giannis d sunk after hitting a submerged reef in the,9290,sunk,no_location,1
you can keep this please arachys pieces now deals weapon damage up from,2871,damage,http://twitch.tv/jcmonkey,1
ignition knock detonation sensor knock sensor delphi as,3862,detonation,no_location,0
godslove thanku brother danny for rt of new video the coming apocalyptic us earthquake tsunami,9963,tsunami,in the Word of God,0
i wanna get a danger days tattoo so bad how cool would that spider look like on someones wrist or smth,2944,danger,2005 |-/,0
check these out nsfw,59,ablaze,Live On Webcam,0
do you have a plan in case of a pool chemical emergency learn more here watersafety,2230,chemical emergency,"Harris County, Texas",0
theres a big storm brewing dark clouds thunder and rain carrying thick dust this could be interesting,4318,dust storm,"Marrakech MÌ©dina, Marrakech - Tensift - Al Haouz",1
jrowah breaking news unconfirmed i just heard a loud bang nearby in what appears to be a blast of wind from my neighbours ass,6823,loud bang,Kenya,1
home suites offices are coming to salvis bistro site the former salvis bistro will soon be demolished to make,3336,demolished,"Dublin, Ireland",0
nevadas exceptional drought steady at of nv in drought,4098,drought,USA (Formerly @usNOAAgov),1
all out what world reacts to aussie collapse,2342,collapse,Brighton and Hove,0
suicide bomber kills at saudi mosque saudi tripoli libya,9143,suicide bomber,no_location,1
our deeds are the reason of this earthquake may allah forgive us all,1,missing,no_location,1
investigate why robert mueller didnt respond to my complaints since nov just left me son out her in danger,2948,danger,"Silver Spring, MD",0
i really cant believe he is skipping out before the republican meltdown i mean debate,7071,meltdown,"Colorado, USA",0
michael talking about when he was electrocuted omg rowysolouisville,4464,electrocuted,not so cool KY,1
please blizzard we love you,1211,blizzard,lakewood colorado,0
listening to blowers and tuffers on the aussie batting collapse at trent bridge reminds me why i love wonderful stuff engvaus,1698,bridge collapse,"Leeds, England",0
refugio oil spill may have been costlier bigger than projected la times,7521,oil spill,no_location,1
gunman who opened fire at tennessee movie theater killed by police anyone suspect suicide by cop,7751,police,no_location,1
dont mess with my daddy i can be a massacre becarefulharry,6974,massacre,Ecuador,0
kotolily breaking news unconfirmed i just heard a loud bang nearby in what appears to be a blast of wind from my neighbours ass,6807,loud bang,Kenya,0
aubrey really out here body bagging meek,1474,body bagging,401 livin',1
tube strike live latest travel updates as london is engulfed in chaos cross london travel will be accepte,4661,engulfed,no_location,1
my son didnt sleep all night so finally at am i laid him with me on my bed and he crashed out,2606,crashed,no_location,0
death of loretta fuddy responsible for authenticating obama birth certificate the sole fatality of nine on plane,5257,fatality,no_location,1
virgin galactic crash early unlocking of brakes triggered structural failure irish examiner,9059,structural failure,USA,1
greedy had me in the war zone lmao,10276,war zone,no_location,0
dysfunctional mcconnell plans on holding judicial nominations hostage another example of how gop cant govern,6334,hostage,"Eugene, Oregon",0
dont overwork yourself your album is gonna be fire just dont overwork or stress i love you take care,5347,fire,no_location,0
yes life has a fatality rate,5230,fatality,no_location,0
is claims suicide bombing against saudi police riyadh afp an islamic state group suicide bomber on thursd,9183,suicide bomber,"Birmingham, United Kingdom",1
if you are quiet enough you can literally hear the phandom screaming at the tyler tweet,8496,screaming,no_location,0
fire hazard associated with installation of non compliant external cladding on high rise buildings insurance aust,1799,buildings on fire,Brisbane Australia,0
bombing iran would result in a never ending game of nuclear whack a mole heres why,7283,nuclear disaster,"Washington, DC",1
we need help horses will die please rt sign petition take a stand be a voice for them gilbert,365,annihilation,no_location,0
become another casualty of society,2071,casualty,no_location,0
report ibaraki prefecture offing m depth km maximum seismic intensity earthquake,8620,seismic,??????,1
nws has issued a severe thunderstorm warning for oklahoma ok until pm,9655,thunderstorm,"El Dorado, Arkansas",1
watch how bad that fool get burned in coverage this year dat dude is all pro practice squad material,1865,burned,no_location,1
obama declares disaster for typhoon devastated saipan,3937,devastated,no_location,1
kijima matako breaking news unconfirmed i just heard a loud bang nearby in what appears to be a blast of wind from my neighbours ass,6830,loud bang,Kenya,0
mt treatment of tigers in china is appalling electrocuted in front of businessmen eaten saveti,4472,electrocuted,"South West, England",1
video were picking up bodies from water rescuers are searching for hundreds of migrants in the mediterranean after a boat carryi,8158,rescuers,no_location,1
huge cliff landslide on road in china watch the moment a cliff collapses as huge chunks of rock fall onto a r,2292,cliff fall,"Lagos, Nigeria",1
kenny holland crush da vida,2702,crush,no_location,0
i liked a video gta online collateral damage gta v online pc,2856,damage,"Texas, USA",0
flooding of tracks caused derailment sa insubcontinent,5633,flooding,no_location,1
up to of businesses affected by a natural or man made disaster never reopen,7196,natural disaster,"Orlando/Cocoa Beach, FL",0
when u bombed and u try get home for curfew,2802,curfew,"Hamilton, ON",0
sa mp steel and ferrochrome industry on verge of collapse you dont even put that on list of questions to president for oral answer,2336,collapse,"Sandton, South Africa",0
evacuation drill at work the fire doors wouldnt open so i got to smash the emergency release glass feelingmanly,4858,evacuation,"Brisbane, Queensland",0
yoga flames,5471,flames,650/559,0
september defeater at the epicentre hell yeaahh,4707,epicentre,San Diego,0
civilian casualties in afghanistan reach record high,2040,casualties,no_location,1
sometimesi cant even breathe well i feel like drowning and cant deal with my fear anxietyproblems,4270,drowning,South Korea GMT+9,0
cross border terrorism pakistan caught red handed again the times of india,9491,terrorism,"Bangalore City, India",1
probably a dead boring st hour and a half after the pandemonium of the last test justaguess,7640,pandemonium,Royton,0
thanks again for letting me stay here since the manor was blown up anyways how are you doing buddy,1354,blown up,Nowhere Islands/Smash Manor,0
every time i have a really good day someone just has to ruin it,8365,ruin,"Lima, OH",0
sinking carb consultative assembly plans could subconscious self live straight a leading way of escape xkdrx,8729,sinking,no_location,0
i forgot to bring chocolate with me major disaster,3998,disaster,"Los Angeles, London, Kent",0
those who care about sibling abuse survivors join the new family tree,9414,survivors,WORLD,0
interview on the collapse of materialism best talkradio listen live,2314,collapse,New York City,1
as soon as maintenance ends everyone floods the servers servers destroyed by extreme load maintenance starts anew,5707,floods,Rio de Janeiro,0
genuine leather man bag messenger fit ipad mini tablet case cross body air jp full rea,1418,body bag,New York,0
irony just died a thousand deaths,3070,deaths,Planet Earth,0
i hit my foot now my toe is bleeding,1045,bleeding,dmv ?? fashion school @ KSU.,0
rainstorm downtown gloucester gloucester capeann seagulls triciaoneill triciaoneillphoto,7910,rainstorm,"Gloucester, MA",1
the dress memes have officially exploded on the internet,4918,exploded,no_location,0
i hope you drown,4171,drown,no_location,0
haley lu richardson fights for water in the last survivors review,9439,survivors,Numenor,0
aftershock protect yourself and profit in the next global financial meltdown by david wiedemer,174,aftershock,Baker City Oregon,0
stuns also probably wont be anything like aw stuns and you cant detonate them,3805,detonate,"Winston-Salem, NC",0
salute to all the kids still trapped in adult bodies,9766,trapped,central chazifornia,0
gostei de um v deo de sleeping with sirens postcards and polaroids acoustic cover,8835,sirens,Crato - CE,0
exclusive in fatalities involving on duty nypd cops in years only,5162,fatalities,no_location,1
my girl got a girlfriend chevy blue like whirlwind,10431,whirlwind,Phila.,0
internet basics the flood defective intertissue is soul mate the milk trench host guabxfv,5589,flood,no_location,1
newswatch vehicles collided at lock and lansdowne sts in ptbo emerg crews on their way,2459,collided,"Peterborough, On",1
thanks im teaching an online class asking my students lots of questions like this sorry for the deluge of ren art,3189,deluge,no_location,0
i may have gotten a little too exited over my home made lava lamp through source,6709,lava,no_location,0
our big baby climbed up on this thing on wheels io hawk his knee injury wheres my belt mr srk cook ur beautiful ass for punishment,6580,injury,Russia,0
i know a dill pickle when i taste one me,8812,sirens,they/them,0
its crazy how a phone can do so much damage to a person,2864,damage,no_location,0
california wildfire destroys more homes but crews advance,10534,wildfire,"Bakersfield, California",1
nowplaying song to the siren john frusciante,8757,siren,Paris.,0
i screamed whats a chonce,8480,screamed,pissing off antis,0
coming atcha from boston had golfball sized hail yesterday sunny amazing skies today parkchat,5822,hail,no_location,0
visits villages recently bombed by turkey and finds people fed up with the pkk,1614,bombed,Erbil,1
im watching it right now he freaked out after the st first fight where he didnt demolish the guy,3281,demolish,"ATL, GA",0
given the us coalitions fondness for backing style totalitarianism its a surprise they havent copied,4246,drowned,All around the world!,0
how to remove browser hijacker,6202,hijacker,USA,0
does anyone know why murfreesboro walmart was evacuated this evening,4762,evacuated,no_location,1
hobo hobo vintage shira convertible b bestseller,1482,body bags,CA,0
rt fittscott minecraft night lucky block mod bob apocalypse wither more mod showcase popularmmos vi,415,apocalypse,no_location,0
dt rt the col police can catch a pickpocket in liverpool stree,7769,police,UK,1
now suck it up because thats all youre bloody getting out of me by means of amends,1298,bloody,Westchester,0
nah you hit homie wit the fatality and then sond him wit the babality cold cold as fuck lmfaoooo,5227,fatality,New Jersey,0
emergency response and hazardous chemical management principles and practices,2209,chemical emergency,no_location,0
gas leak forces evacuation in east saint john nb,4860,evacuation,"Moncton, New Brunswick",1
what would you do if you were trapped in a collapsed circus tent with a bunch of clowns,2317,collapse,"Los Angeles, CA",0
the big ten has their annual football media day but before we get into that heres some cyclone hoops recruiting nuggets,2807,cyclone,"Des Moines, Iowa",1
weyburn police warn public after fentanyl deaths in province,3082,deaths,Weyburn,1
fettilootch is slanglucci oppressions greatest danger coming soon the album,2921,danger,Atlanta Georgia,0
typhoon soudelor approaches after killed missing in floods in philippines typhoon,5704,floods,no_location,1
experts in france begin examining airplane debris found on reunion island french air accident experts o news,196,airplane accident,"19.600858, -99.047821",1
checkout all the nurgle rules features that snuck in on khrones wd,5001,explosion,no_location,0
eurocrisis guardian greeces tax revenues collapse as debt crisis continues as talks continue over proposed,2321,collapse,lugo,1
aggressif is so bloody aggressive,1282,bloody,Malaysia,0
do you want to hear more displaced my parents until both died in the diasporas,4095,displaced,Palestine,0
why not even more awesome norse landscapes with loads of atmosphere and life than boring dead snotgreen wastelands,2955,dead,Sweden,0
uribe just annihilated that baseball mets,298,annihilated,"New York, NY",0
of what use exactly is the national assembly honestly they are worthless we are derailed,3464,derailed,"Kwara, Nigeria",0
do he love me do he love me not i aint a playa i just crush a lot,2701,crush,no_location,0
wooooooo rt call of duty black ops esports mode lets players ban weapons,10350,weapons,Incognito,0
then have the biggest nuclear disaster to ever have happened,7256,nuclear disaster,"Hammersmith, London",1
hot funtenna hijacking computers to send data as sound waves black hat prebreak best,6243,hijacking,"perth, australia",0
for the international emergency medicine conference w lennox hill hospital and drjustinmazur,4516,emergency,"Based out of Portland, Oregon",0
mumbai x helping hand in mumbai ttes take charge of helpline to calm anxious relatives the ind mumbai,3532,derailment,Mumbai,1
i cant breathe my lungs collapsed,2373,collapsed,(he/him),0
video were picking up bodies from water rescuers are searching for hundreds,8171,rescuers,no_location,1
exactly thats why the lesnar cena match from summerslam last year was so great because brock annihilated a guy whos,337,annihilated,University of Toronto,0
the majority of those killed were civilians on the ground after the jet first bombed the citys main street then dramatically plummeted,1593,bombed,no_location,1
of oil and gas organizations have no real time insight on cyber threats see how ey can help,8607,seismic,no_location,0
as a kid i remember hearing rules about to days wo a defense and youre stripped brock obliterated that,7418,obliterated,"Wynne, AR",0
total tweet fail you are so beautiful inside and out blaze on,968,blaze,no_location,0
volleyball attack ii volleyball training machine sets simulation,674,attack,no_location,1
the irandeal only covers nuclear activity what are they doing about bioterrorism iran has broken at least other agreements,923,bioterrorism,no_location,1
experts in france begin examining airplane debris found on reunion island french air accident experts on wedn,199,airplane accident,"Palo Alto, CA",1
thorium radioactive weapons scandals murders and environmental devastation video,3979,devastation,ITALY,1
hes getting here i think salt wounds rub in,10637,wounds,"Sale, England",0
the hobbit desolation of smaug thranduil scale action figure loose mirkwood full read,3604,desolation,New York,0
sinjar massacre yazidis blast lack of action over hostages,6342,hostages,Midwest,1
status last seen buying body bags,1523,body bags,ANYWEHERE !!,0
i was thinking about you today when i was reading about the wild fires,10455,wild fires,"North Carolina, USA",1
hwrf absolutely lashes taipei with hurricane force winds high storm surge and of rain not good news at all,6418,hurricane,no_location,1
i be seen them turn a blind eye to a bloke drinking and smoking on during the curfew time cosits not worth the hassle,2780,curfew,no_location,1
absurdly ridiculous mens fashion to demolish you manhood,3285,demolish,RhodeIsland,0
so when r u getting married oh finally jennifer aniston got married im so happy for her,8758,siren,Am International,0
pussy so deep i couldve drowned twice,4219,drowned,United States,0
when you get a bomb ass picture mail,1559,bomb,no_location,0
iraq hashd shaabi theft isis suicide car bomb isis,9130,suicide bomb,no_location,1
saw that pileup on tv keep racing even bleeding,1075,bleeding,The Great State of Texas,1
breaking firefighters battling blaze at east cary condo building,946,blaze,"Raleigh Durham, NC",1
tb throwback you want a battle heres a war,803,battle,no_location,0
washington post dead dozens injured in gaza blast near house leveled in summer war,6467,injured,no_location,1
bicycle suv accident in mesick police say that the bicyclist entered onto west m and collided with a boat,2493,collided,"Traverse City, MI",1
people annihilated by last nights weather really philip thought you would have forecast that,329,annihilated,South 37,1
ceo divestitures and catastrophe losses temper q results,2139,catastrophe,Worldwide,0
reuters twelve feared killed in pakistani air ambulance helicopter crash,276,ambulance,no_location,1
flooding kills displace over one million in pakistan daily news analysis,5624,flooding,Breaking News,1
entertainment hollywood movie about trapped miners released in chile santiago chile ap the hollyw news,9778,trapped,no_location,0
white family supposedly representing americas great values gets blown up in a horrible cgi nuclear strike lmfaoooo,1341,blown up,The 5th Dimension.,1
want to burst into flames anna hugged him tightly,5496,flames,Travelling around the world,0
punjab government flood relief platform realtime information on inundation damages rescue efforts travel alerts,6642,inundation,no_location,1
oh my heart racing and my temperature is blazing through the roof videoveranomtv fifth harmony,998,blazing,Lima-Peru,0
reuters russian food crematoria provoke outrage amid crisis famine memories,5087,famine,Ukraine,1
ohgod xd i didnt mean it so p but you have that fire truck in the back of you to make up for it so you good xd,5384,fire truck,no_location,0
as in dropping the no sports show i dont think si top would have derailed that,3485,derailed,SEC Country,0
so she puts on a different face for you her heart broke after buying me lava cakes smh,6708,lava,no_location,0
holmgren describing world cup we were lous hostages,6343,hostages,NYC metro,0
anti collision rear technology cool,2514,collision,"NY, NY",0
u s forest service firefighter david ruhl died in the frog fire in the modoc national forest he had been temporarily reassigned,5732,forest fire,????????????,1
good that the police are taking care of this and also have extra security harrybecareful,7763,police,h+l,0
this here is very true,6397,hurricane,Vineyard,1
policyholders object to clico rescue plan,8060,rescue,Trinidad & Tobago,1
youre too busy finishing those weapon designs,10321,weapon,statesboro/vidalia,0
cant find my ariana grande shirt this is a fucking tragedy,9756,tragedy,"Los Angeles, CA",0
ay i am fully panicking lol,7736,panicking,no_location,0
services are returning to normal southline after a medical emergency at yennora and urgent track equipment repairs at cabramatta earlier,4641,emergency services,Sydney,1
is your team ready for a natural disaster a violent client or power outage contact ready vet to design,7244,natural disaster,"Littleton, CO",0
tampa super freestyle explosion live in concert at amalie arena sep ticket info,4997,explosion,Florida,0
yes god doessnt change he says not to rejoice over the fall of people or calamities like wild fires ect you wanna be punished,10482,wild fires,Canada,0
crawling in my skin these wounds they will not hea,10680,wounds,"cody, austin follows ?*?",1
gm i pray any attack of the enemy derail ur destiny is blocked by the lord that he floods ur life w heavenly blessings,3403,derail,Road to the Billionaires Club,0
russia may have played into reason but that link is bs okanowa was bloody and mainline invasion looked like a bloody,1294,bloody,Nashua NH,1
obliterated my phone screen today with a drum stick blessed,7433,obliterated,Mid West,0
if a nigga was a threat then that boy ah be thru,9554,threat,God.Family.Money,0
mom is hijacking my account to earn mcr status get your own account snort flavorchargedtea,6282,hijacking,no_location,0
memorial unveiled for travis county deputy killed in sept flooding travis county sheriff greg hamilton joined,5657,flooding,"Austin, TX",1
annihilated abs,302,annihilated,no_location,1
im in the middle of a humid heat wave and a patch on my forehead flared up i take olive oli extract and tbs olive oil,6037,heat wave,no_location,0
hes already done it by negotiating with the state of terrorism in the world what was his hurry in trying to get a deal,9484,terrorism,no_location,1
no ways a video for stretcher,9006,stretcher,In a crazy genius mind,0
i chose you so if we can search for the joy of just the two of us well be near smiles no matter what cold flames burn our bod portgassdk,5489,flames,no_location,0
on the use of perforated metal shear panel sfor seismic resistant applications,8618,seismic,no_location,0
there is this old lady rockin out to death metal in her sedan downtown smoking a cigarette i found my real mom,3043,death,"Portland, OR",0
joe ur so smart u should run president ur perfect the american people love assholes ud win by a landslide,6697,landslide,no_location,0
thats always good for a pretty explosion,4985,explosion,On the toilet having a dump,1
when high fashion and food collide,2452,collide,Malaysia,0
the pack pack pack line is on fleek if stretcher is fire,9016,stretcher,no_location,0
want to work in missionhills ca view our latest opening nursing job jobs hiring,4619,emergency services,"Los Angeles, CA",0
whats going on in hollywood abc eyewitness helicopters and sirens hometownglory,8831,sirens,"Los Angles, CA",0
bloody mary in the sink beet juice,1316,bloody,"peekskill. new york, 10566",0
the public health team was traumatised after the bush fires could appreciativeinquiry turn this around,1985,bush fires,Melbourne Australia,1
its bloody sexy drools,1303,bloody,"Adelaide, South Australia",0
robert gagnon reviews the catastrophe of imposing same sex marriage and how christians should respond,9745,tragedy,no_location,1
air sunrays obliterated on its hairy head like a dried wire spiderweb,7403,obliterated,no_location,0
security personnel killed in iraq suicide bombing,9209,suicide bombing,Paris,1
sousse beach massacre linked to tunis museum attack,6981,massacre,no_location,1
hollywood movie about trapped miners released in chile,9770,trapped,no_location,0
im sort of interested in what fonts theyre using,7943,rainstorm,Seattle,0
why are bayonets being distributed to local police departments wants to know evilempire jadehelm,7764,police,Republic of Texas,0
glaucoma occurs when fluid builds up pressure inside eye to a level that may damage optic nerve eyefacts,2891,damage,"Rockville, Maryland",1
kids disappear in dust storm in atmospheric aussie thriller rt,4300,dust storm,no_location,1
super sweet and beautiful,8759,siren,Team Slytherin,0
oh no the boots hearts social media inundation is starting please no,6637,inundation,no_location,0
yea heard about that not coming out until and vampiro is bleeding,1043,bleeding,"Baltimore, MD",0
mrrobinson is giving me thesteveharveyshow vibe music teacher looks out for students has crush on girl he went to high school with,2680,crush,"Washington, DC NATIVE",0
now realized i honestly cant survive without these glasses now lol,9322,survive,Barbados,0
how one couple is using drones to save refugees at the worlds deadliest border,8034,refugees,"21.462446,-158.022017",1
of course the one day i have to dress professionally aka unsensibly for class is the day i have try and outrun a natural disaster,7226,natural disaster,on to the next adventure,1
my brother n law riooooos got the call to head up north and fight the wild fires dudes a beast at,10441,wild fires,no_location,1
stay vigilent civil liberties are under constant attack nativehuman myreligion,646,attack,"Dallas, TX",1
seconds for my bitches to evacuate,4748,evacuate,FLYEST HIPPIE YOU KNOW,0
gonna call up tomorrow with the aul emergency dental appointment excuse just like the whole tooth falling out incident of last year,4530,emergency,University of Limerick,1
shadowflame and the wraith bombed via,1603,bombed,The land of New Jersey.,1
if schwarber ran into me going that fast i would explode into pieces,4878,explode,"Spring Grove, IL",0
beat b motor vehicle collision at n st fremont av n reported on pm call,2508,collision,no_location,1
not because i want to cheat or anything just feels good to vent to my twitter without a txt being screamed at lol,8473,screamed,no_location,0
our little forest fire wardens,5715,forest fire,port matilda pa,1
a strong thunderstorm will affect central halifax county through pm edt for halifax va till pm edt,9651,thunderstorm,no_location,1
raw video dust storm rolls through texas,4333,dust storm,no_location,1
lifestyle it makes me sick baby clothes deemed a hazard,5937,hazard,Australia,0
was in a bad ass mood today got on the elevator at school and decided to make explosion noses everytime some one pressed a button,5000,explosion,no_location,0
awesome i saw he was bleeding pretty bad,1067,bleeding,Madisonville TN,0
suicide bombing at location named premonitions,9207,suicide bombing,no_location,1
i made a friend more interesting than all of yall combined,5263,fear,no_location,0
love waking up to my dad screaming at me,8494,screaming,no_location,0
not to hijack but as a bona fide cislady i can confirm this as true incidental homosexuality gay bi for women,6140,hijack,"New York, NY",1
to whomever is hijacking my wifi hotspot i have a very specific skill set i will create a character and perform a one man show about you,6273,hijacking,between ideas & 3-5pm AEST,0
fear and panic in the air i want to be free from desolation and despair,3621,desolation,"Monterrey, MÌ©xico",0
thus explaining why you were all annihilated but the few or in this case you the only survivor evolved and became godlike,334,annihilated,no_location,1
landslide kills three near venice after heavy rain,6695,landslide,no_location,1
now thats what you call a batting collapse theashes,2347,collapse,United Kingdom,1
rt drayesha indiakomuntorjawabdo indian army ki,520,army,Pakistan,0
we could have had it aaaaaaallll im not even on that season and im devastated,3936,devastated,"Port Orange, FL",1
stuck in a rainstorm stay toward the middle of the road most streets are crowned so water tends to pool on the sides,7926,rainstorm,"La Puente, CA",0
am boy,2569,crash,"Cleveland, OH",0
dlh issues hazardous weather outlook hwo wx,6033,hazardous,United States,1
rolling sandunes the gentle lapping of the sea the call of gulls and a nuclear reactor sizewell,7329,nuclear reactor,SE London(heart is by the sea),1
listen to hurricane,6386,hurricane,#BlackLivesMatter,1
diageos ceo stresses that a board revolt at united spirits has not impacted indian operations,10139,upheaval,"London, UK",0
nout like rubbin salt in the wounds dad,10640,wounds,"Newcastle, England",0
lonepine remembered around australia as descendants grow via gallipoli ww,826,battle,Australia,0
is it darude sandstorm,8436,sandstorm,"The Sanctuary Network, Rome",0
yall read nigerian refugees repatriated from cameroon,8028,refugees,no_location,1
your a great pair like a couple of graywardens fighting the blight,1129,blight,"Calgary, Alberta",0
infected bloody ear piercings are always fun,1280,bloody,no_location,0
news britons rescued amid himalaya floods,8113,rescued,no_location,1
back doing another jitsu making a hexagon on the ground as you laid there palms of whirlwind i yelled as air began to,10424,whirlwind,Where I Need To Be,0
of a major american newspaper running a series on all the alleged bioterrorism research going on n,896,bioterrorism,"Philadelphia, PA",1
i have my final tomorrow ish is stressful but ill survive,9296,survive,no_location,0
this la startup is so hot that their flowers come straight from a volcano via,10249,volcano,no_location,0
panic attacks are the worst,7693,panic,no_location,0
city of calgary activates municipal emergency plan as more thunderstorms approach,4592,emergency plan,no_location,1
one man fatally shot another wounded on vermont street buffalo,10592,wounded,New York,1
crush content marketing mediocrity,2689,crush,Utah,0
when your cake is engulfed in flames literarycakes,4677,engulfed,"Rochester, NY",0
comeeeee but why is it bout to storm tho,8953,storm,mind ya business,1
jay and alexis broke up there goes all your faith and goals people evacuate yourself,4734,evacuate,LA - everywhere,0
this govt of hubris has small maj yet acts as if it has a landslide opposition reqd with vision rigour hunger to serve this democracy,6693,landslide,no_location,0
charminar demolish if it in falling state anyway take engineers opinion telangana,3302,demolish,Bagalkote Karnataka,0
unlicensed teen driver among killed in nc crash,6440,injured,"Piedmont Triad, NC",1
i dont even remember slsp happening i just remember being like wtf and then the lights turned off and everyone screamed for the encore,8491,screamed,no_location,0
i have been bleeding into this typewriter all day but so far all ive written is a bunch of gunk,1037,bleeding,no_location,0
will destroy reg c competitiveness the entire region will b over saturated yes brockton gets m and regc commonwealth ppc and,3679,destroy,New England,1
sitting in a cafe enjoying a bite and cramming for my meeting during my whirlwind hours in nyc,10393,whirlwind,no_location,0
vince mcmahon once again a billionaire i remember reading a deluge of posts about vince mcmahon losing m,3193,deluge,"Fort Fizz, Ohio",0
rt ancient mayan tablet with hieroglyphics honors lowly king,10140,upheaval,Costa Rica,0
reasons has exploded on,4936,exploded,no_location,0
trends are driving a data tsunami for startups startup,9984,tsunami,no_location,0
mencius tears are worse correct takes the explosion n more pain day to day right,4984,explosion,"Chicago, IL",0
reuters top news photos the rocky fire has grown into californias most newsintweets,10521,wildfire,no_location,1
socialmedia news new facebook page features seek to help personalize the customer experience,961,blaze,Delhi,0
i burned myself today on the oven it was at degrees,1864,burned,no_location,0
god bless catastrophe,2122,catastrophe,"New Brunswick, NJ",0
poway hcg diet ensures mole obliterated whensoever nevermore comes above sizygwwf,7434,obliterated,no_location,0
bahrain police had previously died in a road accident they were not killed by explosion,144,accident,UK,1
wow what convincing compelling evidence to change my view that is climate change deniers i tend to destroy by giving evidence,3689,destroy,"Paulton, England",0
philadelphia eagles jordan matthews is going to explode in news hotnewscake,4889,explode,United States,0
not upset with a rally upset with burning buildings businesses executing cops that have nothing to do with it etc,1725,buildings burning,NJ,1
its proof democrats are afraid of trump clintons are trying to derail trump w the meddling,3450,derail,"Dayton, OH",0
at this point i expect to hear reports about a metrobus being derailed,3455,derailed,A small federal enclave,1
im a huge football fan as you know but ive never done fantasy leagues patience for a newbie,7953,rainstorm,Seattle,0
my tears drowned out the terrible taste also nataly gave me her steak and cheese thing to cheer me up,4198,drowned,no_location,0
handbag fashion style authentic louis vuitton pochette bosphore shoulder cross body bag,1412,body bag,no_location,0
idm if you burn the whole gotham city bcs im just gonna laugh at everyone while theyre panicking,7711,panicking,PARACHUTE,0
ca cops illegal immigrant with prior arrests charged in fatal sex attack,5138,fatal,Southern California,1
that usually never happens,5235,fatality,434,0
abe government said the missiles were not weapon so jsdf could provide them to the ally when collective self defense right was exercised,10288,weapon,?????,1
lightning strike in the distance via r pics pics,6789,lightning,Reddit,1
kaduna begins demolition of buildings on govt school lands,3391,demolition,"Funtua, Nigeria",1
ashes australia totally collapse and the internet absolutely loves it,2325,collapse,"Blackpool, England, UK.",0
this desperation dislocation separation condemnation revelation in temptation isolation desolation let it go and so to find away,3640,desolation,"Quilmes , Arg",1
yea but if someone faints why are they panicking thats basic stuff,7698,panicking,no_location,1
petition no medals for massacre justice for wounded knee killings of native americans,6966,massacre,The World,1
city program to help turn blight into greenspace the tennessee housing development news,1149,blight,USA,0
storm concludes city of calgarys municipal emergency plan deactivated,4595,emergency plan,Calgary,1
anti collision rear technology cool via techesback tech,2523,collision,"Irving , Texas",0
rt thr rt thrarchives when leo the mgm lion survived a plane crash tbt,9385,survived,no_location,1
rt gunshot wound is in the bicep only of the wounds that is not in the chest torso area kerricktrial jonathanferrell,10650,wounds,Earth,0
the sunset looked like an erupting volcano my initial thought was the pixar short lava,6702,lava,probably watching survivor,1
i feel like im drowning inside my own body,4296,drowning,"Pennsylvania, USA",0
rt tanzania elephant population declined by in five years census reveals,4706,epicentre,Africa,1
my parents are so impulsive sometimes i remember coming home to my room filled with dust rubble just because they wanted it redesigned,8298,rubble,no_location,0
if i tweet daily fukushima japan global nuclear disaster chernobyl ppl dont care there is no hope humanity c,7251,nuclear disaster,no_location,1
you could slit my throat and id apologize for bleeding on you,1032,bleeding,no_location,0
heavy smoke pouring out of buildings on fire in port coquitlam,1954,burning buildings,"Victoria, British Columbia",1
her curfew will start right after her private class ends tutor must a woman preferably someone over,2770,curfew,BKI-KUA,0
rightways building structural integrity failure problems inspections repair via,9054,structural failure,Asia,0
oops bounty hunters try to raid phoenix police chiefs home a group of armed bounty hunters surrounded the h,7790,police,Indonesia,1
nowplaying the playlist when jazz and hip hop collide in,2437,collide,"New Orleans, LA",0
all hail shadow hybrid mix feat mike szuter youtube,5791,hail,no_location,1
britons rescued amid himalaya floods,8095,rescued,no_location,1
obligatory middle of the night panic attack,7647,panic,"Leeds, United Kingdom",0
or pay it for a photo safari no weapons allowed otherwise they just like to kill something,10377,weapons,no_location,0
well that was a journey to get home a train collided with cows on the track,2498,collided,Hertfordshire,1
fully engulfed garage fire propane tanks inside sunnymeade dr,4682,engulfed,"Kokomo, In",1
rt jupiters red spot is a violent storm larger than the entire earth,10187,violent storm,Costa Rica,0
fuck nuclear weapon,10295,weapon,?,0
weather forecast for thailand a whirlwind is coming september,10394,whirlwind,Thailand,1
mh reunion debris is from missing malaysia flight,3134,debris,Hong Kong,1
back from seattle tacoma and portland whirlwind,10406,whirlwind,New York,1
alrighty hit me up and well blaze,941,blaze,no_location,0
came across this fire video not mine enjoy fire firemen firetruck emergency rescue summertime sirens,4539,emergency,Five down from the Coffeeshop,1
sure the megaquake story brought a sense of panic but the question is will anything really change,4395,earthquake,"Seattle, WA",1
you mean like the tolerance you showed when sharing democracy with the iraqis wait you mutilated and bombed them,1601,bombed,no_location,0
whirlwind that has lasted for more than an hour and still strong a standstill in parts of middle east,10414,whirlwind,"Nairobi, Kenya",1
bring back demolition and head quarters,3394,demolition,US-PR,0
sleeping with sirens vai vir pra sp,8839,sirens,no_location,0
lily xo is a sexy cowgirl out in the sticks view and download video,9665,tornado,no_location,0
hey guys thanks for a rock in my world and for the follow,10302,weapon,"UK,singer,songwriter,?2 act",0
have you ever remembered an old song something you havent heared for years words that carry floods of memories all along priceless,5674,floods,no_location,0
the fifth pre dynastic king in the legendary period before the deluge dumuzid the shepherd,3174,deluge,eARth 3,0
businesses are deluged with invoices make yours stand ogt with colomr or shape and its likely to rise to the top of the pay pile,3243,deluged,no_location,0
new post from new smb relay attack steals user credentials over internet,665,attack,Bellevue NE,1
on thursday at we updated our kml of d and d seismic exploration vessels offshore oil,8622,seismic,no_location,0
nikoniko breaking news unconfirmed i just heard a loud bang nearby in what appears to be a blast of wind from my neighbours ass,6819,loud bang,Kenya,0
youre correct it is coming from both sides maybe im just friends on fb w more rep so my feed is inundated w false claims,6634,inundated,no_location,0
charts prove financial crisis part has begun the financial armageddon economic collapse blog tracks tren,489,armageddon,no_location,0
theres literally a video of an elephant he had tied up in metal cables and electrocuted to death,4457,electrocuted,Edinburgh,0
novalismi joseph mallord william turner shade and darkness the evening of the deluge clicca sul titolo,3201,deluge,Frascati,0
family mourns drowning of superhero toddler with rare epilepsy chicago tribune,4272,drowning,"Hughes, AR",1
to luka they should all die all of them everything annihilated alois trancy,307,annihilated,"V-RP @OZRP_ ?MV, AU, R18+?",0
gears of war preview member come chat xb welcome to the danger zone,10259,war zone,"California, USA",0
bruh white people buy the ugliest shoes and they them super tight no blood going to there feet,1250,blood,no_location,0
the stat of high auto deaths applies to children in a vehicle i guess they can out run lightrail better than adult,3085,deaths,no_location,0
malaysia confirms reunion island debris is from mh,3142,debris,Hong Kong,1
great michigan technique camp b g thanks to goblue wrestleon,5789,hail,"Carol Stream, Illinois",1
no pharrell only you can prevent forest fires,5771,forest fires,Texas,0
slums are a manifestation state failure to provide housing to citizens illegality discourse confounds structural problems stopevictions,9082,structural failure,no_location,1
looks like george was having a panic attack lol,7683,panic,East TN.,0
the walking dead spin off fear the walking dead is on the rd,5301,fear,"Bremerton, WA",1
watch these super strong magnets destroy everyday objects,3663,destroy,New York City,1
violent forces radio now playing agony storm of the apocalypse tunein player,10173,violent storm,Worldwide,0
lately ive been under pressure make me wanna put a fuck niqqa on a stretcher,9031,stretcher,no_location,0
terrifying pov footage captures violent landing from inside a passenger jet during a storm in amsterdam travel,10159,violent storm,UK,1
the bug that almost crashed the euro,2628,crashed,"Lincoln, NE",1
soap and education are not as sudden as a massacre but they are more deadly in the long run mark twain,6983,massacre,no_location,0
when love and hate collided part ii lanjut dirumah yagitudeh jake at rumah cipinang,2460,collided,"-6.152261,106.775995",0
i want to smoke,8855,smoke,no_location,0
death certificates safes weapons and teslas def con security,10380,weapons,London,0
sending a snapchat to the wrong person instead of your brother about the toilet snapchatselfie wrongperson traumatised,9884,traumatised,North East / Middlesbrough,0
everything has sunk in except the fact that i am actually moving to the state of colorado tomorrow been dreaming of it since i was a kid,9288,sunk,no_location,0
ux fail of emv people want to insert and remove quickly like a gas pump stripe reader person told me it crashed the pos,2611,crashed,no_location,1
what is this like i could be in danger or something,2913,danger,"Loughborough, England",1
womem crush wednesday,2656,crush,Houma La,0
well guess what young girls you arent damsels in distress you arent hostages to the words of your peers,6350,hostages,no_location,0
question is anybody else having this problem with the circle in epicentre,4699,epicentre,no_location,0
photo postapocalypticflimflam prodding around the rubble,8339,rubble,"Dallas, Tejas",0
you look like you got caught in a rainstorm this is amazing and disgusting at the same time,7934,rainstorm,no_location,0
water now tops the charts for highest global risk in terms of devastation ahead of nuclear war or a global pandemic,3996,devastation,no_location,1
hes being put on a stretcher dont want to see that,9026,stretcher,DMV,0
no harm no foul and somebody needed to say it,5928,harm,"Portland, OR",0
blood group a ve is associated with gastric carcinoma says text book another fragile gene in my body,1236,blood,"???????, ??'??????",0
russian food crematoria provoke outrage amid crisis famine memories yahoo news,5110,famine,Charter Member of the VRWC,1
screaming,8503,screaming,no_location,0
im gonna fight taylor as soon as i get there,396,apocalypse,ColoRADo,0
if youre gonna take a break at work you gotta do it right carlilescanoelivery lovemyjob,5869,hailstorm,"Wyoming, MI (Grand Rapids)",0
people keep not tagging self harm and its fucking me up,5896,harm,?semekeepschanging@soyeh?,0
brother you dont want my friendship you want to add your commercials on my posts frankly im inundated with this crap daily,6601,inundated,"Sunbury, Ohio",0
have you gotten to the post battle were on a desolate planet below the mason dixon line style electro violin playing yet,3581,desolate,Oakland,0
i guess i can say you and me might have one thing in common my biological father made me this way to be his weapon,10294,weapon,New York 2099,0
seeing hazard without the beard like,5942,hazard,"London, England",0
video fire burns two apartment buildings and blows up car in manchester,1774,buildings on fire,New Hampshire,1
there has not been real tear out of shelli s eyes this entire episode bb,4383,earthquake,no_location,0
a good piece on israeli incitement and jewish terrorism by beinart,9469,terrorism,"Reston, VA, USA",1
